Banda_Rede,Num_Nos,Num_GPUs_Total,GPUs_por_No,Procs_MPI_por_No,Topologia_MPI,Cluster,Tamanho_Global_N,Num_Workers,Dimensao_Local_PiorCaso,TCP_Shaping,VRAM_GB_CSV,VRAM_GB_Estimativa_Real_6arrays,Tempo_Fase_Computacional_s,Msamples_por_s,Tempo_Finalizacao_Estimado_1rep_h,Tempo_Finalizacao_Estimado_5rep_h,Tempo_Total_ComEscrita_Medido_s,Gather_por_Campo_GB_por_Worker,Gather_Total_por_Worker_GB_pc_qc,Volume_Total_Gather_UpperBound_GB,Tamanho_Arquivo_Saida_GB,Mecanismo_A_Deadlock_1gbit_MultiNo,Walltime_Job_Sessao,Estado_Execucao,Observacoes
1gbit,1,4,4.0,4.0,1x2x2,chuc (A100-SXM4-40GB),64,3,64x36x36,"sim (todas as linhas do grid oficial rodam shaped por design, RUN_NATIVE=0)",0.0,0,2.209,7.95,0.000,0.000,11,0.000,0.001,0.002,0.002,nao se aplica,"2165368 (10/07, 5h solicitado/4h52 concedido)",OFICIAL_OK (5/5 reps),"Unica celula 100% oficial da campanha (via orquestrador, checkpoint done). N=64 CLI=52. Escrita real pequena (~2MB), rapida."
10gbit,1,4,4.0,4.0,1x2x2,chuc (A100-SXM4-40GB),64,3,64x36x36,"sim (todas as linhas do grid oficial rodam shaped por design, RUN_NATIVE=0)",0.0,0,N/D,N/D,0.000,0.000,N/D (nao medido em disco real),0.000,0.001,0.002,0.002,nao se aplica,N/A,PENDENTE (nao executada),
25gbit,1,4,4.0,4.0,1x2x2,chuc (A100-SXM4-40GB),64,3,64x36x36,"sim (todas as linhas do grid oficial rodam shaped por design, RUN_NATIVE=0)",0.0,0,N/D,N/D,0.000,0.000,N/D (nao medido em disco real),0.000,0.001,0.002,0.002,nao se aplica,N/A,PENDENTE (nao executada),
1gbit,1,4,4.0,4.0,1x2x2,chuc (A100-SXM4-40GB),128,3,128x68x68,"sim (todas as linhas do grid oficial rodam shaped por design, RUN_NATIVE=0)",0.03,0.02,N/D,N/D,0.001,0.005,N/D (nao medido em disco real),0.002,0.005,0.014,0.017,nao se aplica,N/A,PENDENTE (nao executada),
10gbit,1,4,4.0,4.0,1x2x2,chuc (A100-SXM4-40GB),128,3,128x68x68,"sim (todas as linhas do grid oficial rodam shaped por design, RUN_NATIVE=0)",0.03,0.02,N/D,N/D,0.001,0.005,N/D (nao medido em disco real),0.002,0.005,0.014,0.017,nao se aplica,N/A,PENDENTE (nao executada),
25gbit,1,4,4.0,4.0,1x2x2,chuc (A100-SXM4-40GB),128,3,128x68x68,"sim (todas as linhas do grid oficial rodam shaped por design, RUN_NATIVE=0)",0.03,0.02,N/D,N/D,0.001,0.005,N/D (nao medido em disco real),0.002,0.005,0.014,0.017,nao se aplica,N/A,PENDENTE (nao executada),
1gbit,1,4,4.0,4.0,1x2x2,chuc (A100-SXM4-40GB),256,3,256x132x132,"sim (todas as linhas do grid oficial rodam shaped por design, RUN_NATIVE=0)",0.2,0.11,N/D,N/D,0.008,0.041,N/D (nao medido em disco real),0.018,0.036,0.107,0.134,nao se aplica,N/A,PENDENTE (nao executada),
10gbit,1,4,4.0,4.0,1x2x2,chuc (A100-SXM4-40GB),256,3,256x132x132,"sim (todas as linhas do grid oficial rodam shaped por design, RUN_NATIVE=0)",0.2,0.11,N/D,N/D,0.008,0.041,N/D (nao medido em disco real),0.018,0.036,0.107,0.134,nao se aplica,N/A,PENDENTE (nao executada),
25gbit,1,4,4.0,4.0,1x2x2,chuc (A100-SXM4-40GB),256,3,256x132x132,"sim (todas as linhas do grid oficial rodam shaped por design, RUN_NATIVE=0)",0.2,0.11,N/D,N/D,0.008,0.041,N/D (nao medido em disco real),0.018,0.036,0.107,0.134,nao se aplica,N/A,PENDENTE (nao executada),
1gbit,1,4,4.0,4.0,1x2x2,chuc (A100-SXM4-40GB),512,3,512x260x260,"sim (todas as linhas do grid oficial rodam shaped por design, RUN_NATIVE=0)",1.55,0.83,N/D,N/D,0.068,0.341,N/D (nao medido em disco real),0.138,0.277,0.831,1.074,nao se aplica,N/A,PENDENTE (nao executada),
10gbit,1,4,4.0,4.0,1x2x2,chuc (A100-SXM4-40GB),512,3,512x260x260,"sim (todas as linhas do grid oficial rodam shaped por design, RUN_NATIVE=0)",1.55,0.83,N/D,N/D,0.068,0.341,N/D (nao medido em disco real),0.138,0.277,0.831,1.074,nao se aplica,N/A,PENDENTE (nao executada),
25gbit,1,4,4.0,4.0,1x2x2,chuc (A100-SXM4-40GB),512,3,512x260x260,"sim (todas as linhas do grid oficial rodam shaped por design, RUN_NATIVE=0)",1.55,0.83,N/D,N/D,0.068,0.341,N/D (nao medido em disco real),0.138,0.277,0.831,1.074,nao se aplica,N/A,PENDENTE (nao executada),
1gbit,1,4,4.0,4.0,1x2x2,chuc (A100-SXM4-40GB),1024,3,1024x516x516,"sim (todas as linhas do grid oficial rodam shaped por design, RUN_NATIVE=0)",12.19,6.55,N/D,N/D,0.559,2.794,N/D (nao medido em disco real),1.091,2.181,6.544,8.590,nao se aplica,N/A,PENDENTE (nao executada),
10gbit,1,4,4.0,4.0,1x2x2,chuc (A100-SXM4-40GB),1024,3,1024x516x516,"sim (todas as linhas do grid oficial rodam shaped por design, RUN_NATIVE=0)",12.19,6.55,N/D,N/D,0.559,2.794,N/D (nao medido em disco real),1.091,2.181,6.544,8.590,nao se aplica,N/A,PENDENTE (nao executada),
25gbit,1,4,4.0,4.0,1x2x2,chuc (A100-SXM4-40GB),1024,3,1024x516x516,"sim (todas as linhas do grid oficial rodam shaped por design, RUN_NATIVE=0)",12.19,6.55,N/D,N/D,0.559,2.794,N/D (nao medido em disco real),1.091,2.181,6.544,8.590,nao se aplica,N/A,PENDENTE (nao executada),
1gbit,1,4,4.0,4.0,1x2x2,chuc (A100-SXM4-40GB),1088,3,1088x548x548,"sim (todas as linhas do grid oficial rodam shaped por design, RUN_NATIVE=0)",14.61,7.85,N/D,N/D,0.671,3.356,N/D (nao medido em disco real),1.307,2.614,7.842,10.303,nao se aplica,N/A,PENDENTE (nao executada),
10gbit,1,4,4.0,4.0,1x2x2,chuc (A100-SXM4-40GB),1088,3,1088x548x548,"sim (todas as linhas do grid oficial rodam shaped por design, RUN_NATIVE=0)",14.61,7.85,N/D,N/D,0.671,3.356,N/D (nao medido em disco real),1.307,2.614,7.842,10.303,nao se aplica,N/A,PENDENTE (nao executada),
25gbit,1,4,4.0,4.0,1x2x2,chuc (A100-SXM4-40GB),1088,3,1088x548x548,"sim (todas as linhas do grid oficial rodam shaped por design, RUN_NATIVE=0)",14.61,7.85,N/D,N/D,0.671,3.356,N/D (nao medido em disco real),1.307,2.614,7.842,10.303,nao se aplica,N/A,PENDENTE (nao executada),
1gbit,1,4,4.0,4.0,1x2x2,chuc (A100-SXM4-40GB),1152,3,1152x580x580,"sim (todas as linhas do grid oficial rodam shaped por design, RUN_NATIVE=0)",17.32,9.31,N/D,N/D,0.798,3.988,N/D (nao medido em disco real),1.550,3.100,9.301,12.231,nao se aplica,N/A,PENDENTE (nao executada),
10gbit,1,4,4.0,4.0,1x2x2,chuc (A100-SXM4-40GB),1152,3,1152x580x580,"sim (todas as linhas do grid oficial rodam shaped por design, RUN_NATIVE=0)",17.32,9.31,N/D,N/D,0.798,3.988,N/D (nao medido em disco real),1.550,3.100,9.301,12.231,nao se aplica,N/A,PENDENTE (nao executada),
25gbit,1,4,4.0,4.0,1x2x2,chuc (A100-SXM4-40GB),1152,3,1152x580x580,"sim (todas as linhas do grid oficial rodam shaped por design, RUN_NATIVE=0)",17.32,9.31,N/D,N/D,0.798,3.988,N/D (nao medido em disco real),1.550,3.100,9.301,12.231,nao se aplica,N/A,PENDENTE (nao executada),
1gbit,1,4,4.0,4.0,1x2x2,chuc (A100-SXM4-40GB),1216,3,1216x612x612,"sim (todas as linhas do grid oficial rodam shaped por design, RUN_NATIVE=0)",20.36,10.95,N/D,N/D,0.939,4.696,N/D (nao medido em disco real),1.822,3.644,10.931,14.384,nao se aplica,N/A,PENDENTE (nao executada),
10gbit,1,4,4.0,4.0,1x2x2,chuc (A100-SXM4-40GB),1216,3,1216x612x612,"sim (todas as linhas do grid oficial rodam shaped por design, RUN_NATIVE=0)",20.36,10.95,N/D,N/D,0.939,4.696,N/D (nao medido em disco real),1.822,3.644,10.931,14.384,nao se aplica,N/A,PENDENTE (nao executada),
25gbit,1,4,4.0,4.0,1x2x2,chuc (A100-SXM4-40GB),1216,3,1216x612x612,"sim (todas as linhas do grid oficial rodam shaped por design, RUN_NATIVE=0)",20.36,10.95,N/D,N/D,0.939,4.696,N/D (nao medido em disco real),1.822,3.644,10.931,14.384,nao se aplica,N/A,PENDENTE (nao executada),
1gbit,1,4,4.0,4.0,1x2x2,chuc (A100-SXM4-40GB),1280,3,1280x644x644,"sim (todas as linhas do grid oficial rodam shaped por design, RUN_NATIVE=0)",23.73,12.76,N/D,N/D,1.096,5.482,N/D (nao medido em disco real),2.123,4.247,12.741,16.777,nao se aplica,N/A,PENDENTE (nao executada),
10gbit,1,4,4.0,4.0,1x2x2,chuc (A100-SXM4-40GB),1280,3,1280x644x644,"sim (todas as linhas do grid oficial rodam shaped por design, RUN_NATIVE=0)",23.73,12.76,N/D,N/D,1.096,5.482,N/D (nao medido em disco real),2.123,4.247,12.741,16.777,nao se aplica,N/A,PENDENTE (nao executada),
25gbit,1,4,4.0,4.0,1x2x2,chuc (A100-SXM4-40GB),1280,3,1280x644x644,"sim (todas as linhas do grid oficial rodam shaped por design, RUN_NATIVE=0)",23.73,12.76,N/D,N/D,1.096,5.482,N/D (nao medido em disco real),2.123,4.247,12.741,16.777,nao se aplica,N/A,PENDENTE (nao executada),
1gbit,1,4,4.0,4.0,1x2x2,chuc (A100-SXM4-40GB),1344,3,1344x676x676,"sim (todas as linhas do grid oficial rodam shaped por design, RUN_NATIVE=0)",27.46,14.76,N/D,N/D,1.270,6.352,N/D (nao medido em disco real),2.457,4.913,14.740,19.422,nao se aplica,N/A,PENDENTE (nao executada),
10gbit,1,4,4.0,4.0,1x2x2,chuc (A100-SXM4-40GB),1344,3,1344x676x676,"sim (todas as linhas do grid oficial rodam shaped por design, RUN_NATIVE=0)",27.46,14.76,N/D,N/D,1.270,6.352,N/D (nao medido em disco real),2.457,4.913,14.740,19.422,nao se aplica,N/A,PENDENTE (nao executada),
25gbit,1,4,4.0,4.0,1x2x2,chuc (A100-SXM4-40GB),1344,3,1344x676x676,"sim (todas as linhas do grid oficial rodam shaped por design, RUN_NATIVE=0)",27.46,14.76,N/D,N/D,1.270,6.352,N/D (nao medido em disco real),2.457,4.913,14.740,19.422,nao se aplica,N/A,PENDENTE (nao executada),
1gbit,1,4,4.0,4.0,1x2x2,chuc (A100-SXM4-40GB),1408,3,1408x708x708,"sim (todas as linhas do grid oficial rodam shaped por design, RUN_NATIVE=0)",31.55,16.96,N/D,N/D,1.462,7.310,N/D (nao medido em disco real),2.823,5.646,16.939,22.330,nao se aplica,N/A,PENDENTE (nao executada),
10gbit,1,4,4.0,4.0,1x2x2,chuc (A100-SXM4-40GB),1408,3,1408x708x708,"sim (todas as linhas do grid oficial rodam shaped por design, RUN_NATIVE=0)",31.55,16.96,N/D,N/D,1.462,7.310,N/D (nao medido em disco real),2.823,5.646,16.939,22.330,nao se aplica,N/A,PENDENTE (nao executada),
25gbit,1,4,4.0,4.0,1x2x2,chuc (A100-SXM4-40GB),1408,3,1408x708x708,"sim (todas as linhas do grid oficial rodam shaped por design, RUN_NATIVE=0)",31.55,16.96,N/D,N/D,1.462,7.310,N/D (nao medido em disco real),2.823,5.646,16.939,22.330,nao se aplica,N/A,PENDENTE (nao executada),
1gbit,1,4,4.0,4.0,1x2x2,chuc (A100-SXM4-40GB),1472,3,1472x740x740,"sim (todas as linhas do grid oficial rodam shaped por design, RUN_NATIVE=0)",36.03,19.37,N/D,N/D,1.672,8.359,N/D (nao medido em disco real),3.224,6.449,19.346,25.516,nao se aplica,N/A,PENDENTE (nao executada),
10gbit,1,4,4.0,4.0,1x2x2,chuc (A100-SXM4-40GB),1472,3,1472x740x740,"sim (todas as linhas do grid oficial rodam shaped por design, RUN_NATIVE=0)",36.03,19.37,N/D,N/D,1.672,8.359,N/D (nao medido em disco real),3.224,6.449,19.346,25.516,nao se aplica,N/A,PENDENTE (nao executada),
25gbit,1,4,4.0,4.0,1x2x2,chuc (A100-SXM4-40GB),1472,3,1472x740x740,"sim (todas as linhas do grid oficial rodam shaped por design, RUN_NATIVE=0)",36.03,19.37,N/D,N/D,1.672,8.359,N/D (nao medido em disco real),3.224,6.449,19.346,25.516,nao se aplica,N/A,PENDENTE (nao executada),
1gbit,2,8,4.0,4.0,2x2x2,chuc (A100-SXM4-40GB),1536,7,772x772x772,"sim (todas as linhas do grid oficial rodam shaped por design, RUN_NATIVE=0)",20.57,11.06,N/D,N/D,1.901,9.504,N/D (nao medido em disco real),1.840,3.681,25.766,28.991,SIM - INVIAVEL,"2165368 (10/07) e 2167768 (14/07, 7h solicitado/6h59 concedido, ambos esgotaram o walltime)","OFICIAL_FAILED (deadlock, rep1) / reproduzido 2x (10/07 e 14/07)","CAUSA 1: gather bloqueante trava sob 1gbit (worker.c:410-413 MPI_Send ~1.8GB/campo). Reproduzido de forma limpa em 14/07 (Teste 2a) via gdb bt. NUNCA completa nesta banda. .dc parcial (rep1 4.7GB de 27GB reais escritos, rep2 9.1GB de 27GB -- sparse files confirmam escrita truncada)."
10gbit,2,8,4.0,4.0,2x2x2,chuc (A100-SXM4-40GB),1536,7,772x772x772,"sim (todas as linhas do grid oficial rodam shaped por design, RUN_NATIVE=0)",20.57,11.06,47.487,7512.76,1.901,9.504,6900,1.840,3.681,25.766,28.991,nao se aplica,2167768 (14/07),"DIAG_OK (t4, completo, --output-file=/dev/null)","Tentativa 1 (t3) abandonada apos >4min so na escrita local do coordenador (impaciencia, nao falha). Tentativa 2 (t4) rodada ate o fim: 03:07:44->05:02:46 = ~1h55min (6900s) parede-a-parede. Fase computacional (Irecv->Waitall) = 47.5s. Fase de finalizacao (gather+O(N^3) syscalls p/ /dev/null) domina: ~6852s, MUITO proximo do modelo calibrado (1.90h=6840s) -- validacao cruzada modelo vs medicao real. NAO EH escrita real em NFS (usa /dev/null) -- tempo de I/O real em disco permanece nao medido para este N."
25gbit,2,8,4.0,4.0,2x2x2,chuc (A100-SXM4-40GB),1536,7,772x772x772,"sim (todas as linhas do grid oficial rodam shaped por design, RUN_NATIVE=0)",20.57,11.06,46.163,7728.13,1.901,9.504,N/D (nao medido em disco real),1.840,3.681,25.766,28.991,nao se aplica,"2167768 (14/07, processo deixado em 2o plano; completou sozinho antes do job expirar)","DIAG_OK (t5, completo, --output-file=/dev/null)",Diario registrava so o 1o worker confirmado (05:40); verificacao posterior (nesta sessao) do dc.output mostra que os 8 workers completaram e o processo alcancou MPI_Finalize -- ATUALIZACAO em relacao ao diario. Confirma Causa 1 tambem nao ocorre em 25gbit na escala real.
1gbit,2,8,4.0,4.0,2x2x2,chuc (A100-SXM4-40GB),1600,7,804x804x804,"sim (todas as linhas do grid oficial rodam shaped por design, RUN_NATIVE=0)",23.23,12.49,N/D,N/D,2.150,10.748,N/D (nao medido em disco real),2.079,4.158,29.104,32.768,SIM - INVIAVEL,N/A,PENDENTE (nao executada),
10gbit,2,8,4.0,4.0,2x2x2,chuc (A100-SXM4-40GB),1600,7,804x804x804,"sim (todas as linhas do grid oficial rodam shaped por design, RUN_NATIVE=0)",23.23,12.49,N/D,N/D,2.150,10.748,N/D (nao medido em disco real),2.079,4.158,29.104,32.768,nao se aplica,N/A,PENDENTE (nao executada),
25gbit,2,8,4.0,4.0,2x2x2,chuc (A100-SXM4-40GB),1600,7,804x804x804,"sim (todas as linhas do grid oficial rodam shaped por design, RUN_NATIVE=0)",23.23,12.49,N/D,N/D,2.150,10.748,N/D (nao medido em disco real),2.079,4.158,29.104,32.768,nao se aplica,N/A,PENDENTE (nao executada),
1gbit,2,8,4.0,4.0,2x2x2,chuc (A100-SXM4-40GB),1664,7,836x836x836,"sim (todas as linhas do grid oficial rodam shaped por design, RUN_NATIVE=0)",26.12,14.04,N/D,N/D,2.420,12.098,N/D (nao medido em disco real),2.337,4.674,32.720,36.860,SIM - INVIAVEL,N/A,PENDENTE (nao executada),
10gbit,2,8,4.0,4.0,2x2x2,chuc (A100-SXM4-40GB),1664,7,836x836x836,"sim (todas as linhas do grid oficial rodam shaped por design, RUN_NATIVE=0)",26.12,14.04,N/D,N/D,2.420,12.098,N/D (nao medido em disco real),2.337,4.674,32.720,36.860,nao se aplica,N/A,PENDENTE (nao executada),
25gbit,2,8,4.0,4.0,2x2x2,chuc (A100-SXM4-40GB),1664,7,836x836x836,"sim (todas as linhas do grid oficial rodam shaped por design, RUN_NATIVE=0)",26.12,14.04,N/D,N/D,2.420,12.098,N/D (nao medido em disco real),2.337,4.674,32.720,36.860,nao se aplica,N/A,PENDENTE (nao executada),
1gbit,2,8,4.0,4.0,2x2x2,chuc (A100-SXM4-40GB),1728,7,868x868x868,"sim (todas as linhas do grid oficial rodam shaped por design, RUN_NATIVE=0)",29.23,15.72,N/D,N/D,2.711,13.555,N/D (nao medido em disco real),2.616,5.232,36.622,41.278,SIM - INVIAVEL,N/A,PENDENTE (nao executada),
10gbit,2,8,4.0,4.0,2x2x2,chuc (A100-SXM4-40GB),1728,7,868x868x868,"sim (todas as linhas do grid oficial rodam shaped por design, RUN_NATIVE=0)",29.23,15.72,N/D,N/D,2.711,13.555,N/D (nao medido em disco real),2.616,5.232,36.622,41.278,nao se aplica,N/A,PENDENTE (nao executada),
25gbit,2,8,4.0,4.0,2x2x2,chuc (A100-SXM4-40GB),1728,7,868x868x868,"sim (todas as linhas do grid oficial rodam shaped por design, RUN_NATIVE=0)",29.23,15.72,N/D,N/D,2.711,13.555,N/D (nao medido em disco real),2.616,5.232,36.622,41.278,nao se aplica,N/A,PENDENTE (nao executada),
1gbit,2,8,4.0,4.0,2x2x2,chuc (A100-SXM4-40GB),1792,7,900x900x900,"sim (todas as linhas do grid oficial rodam shaped por design, RUN_NATIVE=0)",32.59,17.52,N/D,N/D,3.025,15.125,N/D (nao medido em disco real),2.916,5.832,40.824,46.037,SIM - INVIAVEL,N/A,PENDENTE (nao executada),
10gbit,2,8,4.0,4.0,2x2x2,chuc (A100-SXM4-40GB),1792,7,900x900x900,"sim (todas as linhas do grid oficial rodam shaped por design, RUN_NATIVE=0)",32.59,17.52,N/D,N/D,3.025,15.125,N/D (nao medido em disco real),2.916,5.832,40.824,46.037,nao se aplica,N/A,PENDENTE (nao executada),
25gbit,2,8,4.0,4.0,2x2x2,chuc (A100-SXM4-40GB),1792,7,900x900x900,"sim (todas as linhas do grid oficial rodam shaped por design, RUN_NATIVE=0)",32.59,17.52,N/D,N/D,3.025,15.125,N/D (nao medido em disco real),2.916,5.832,40.824,46.037,nao se aplica,N/A,PENDENTE (nao executada),
1gbit,2,8,4.0,4.0,2x2x2,chuc (A100-SXM4-40GB),1856,7,932x932x932,"sim (todas as linhas do grid oficial rodam shaped por design, RUN_NATIVE=0)",36.19,19.46,N/D,N/D,3.362,16.812,N/D (nao medido em disco real),3.238,6.476,45.335,51.147,SIM - INVIAVEL,N/A,PENDENTE (nao executada),
10gbit,2,8,4.0,4.0,2x2x2,chuc (A100-SXM4-40GB),1856,7,932x932x932,"sim (todas as linhas do grid oficial rodam shaped por design, RUN_NATIVE=0)",36.19,19.46,N/D,N/D,3.362,16.812,N/D (nao medido em disco real),3.238,6.476,45.335,51.147,nao se aplica,N/A,PENDENTE (nao executada),
25gbit,2,8,4.0,4.0,2x2x2,chuc (A100-SXM4-40GB),1856,7,932x932x932,"sim (todas as linhas do grid oficial rodam shaped por design, RUN_NATIVE=0)",36.19,19.46,N/D,N/D,3.362,16.812,N/D (nao medido em disco real),3.238,6.476,45.335,51.147,nao se aplica,N/A,PENDENTE (nao executada),
1gbit,3,12,4.0,4.0,2x2x3,chuc (A100-SXM4-40GB),1920,11,964x964x648,"sim (todas as linhas do grid oficial rodam shaped por design, RUN_NATIVE=0)",26.92,14.47,N/D,N/D,3.740,18.698,N/D (nao medido em disco real),2.409,4.817,52.992,56.623,SIM - INVIAVEL,N/A,PENDENTE (nao executada),
10gbit,3,12,4.0,4.0,2x2x3,chuc (A100-SXM4-40GB),1920,11,964x964x648,"sim (todas as linhas do grid oficial rodam shaped por design, RUN_NATIVE=0)",26.92,14.47,N/D,N/D,3.740,18.698,N/D (nao medido em disco real),2.409,4.817,52.992,56.623,nao se aplica,N/A,PENDENTE (nao executada),
25gbit,3,12,4.0,4.0,2x2x3,chuc (A100-SXM4-40GB),1920,11,964x964x648,"sim (todas as linhas do grid oficial rodam shaped por design, RUN_NATIVE=0)",26.92,14.47,N/D,N/D,3.740,18.698,N/D (nao medido em disco real),2.409,4.817,52.992,56.623,nao se aplica,N/A,PENDENTE (nao executada),
1gbit,3,12,4.0,4.0,2x2x3,chuc (A100-SXM4-40GB),1984,11,996x996x670,"sim (todas as linhas do grid oficial rodam shaped por design, RUN_NATIVE=0)",29.71,15.97,N/D,N/D,4.131,20.657,N/D (nao medido em disco real),2.659,5.317,58.489,62.476,SIM - INVIAVEL,N/A,PENDENTE (nao executada),
10gbit,3,12,4.0,4.0,2x2x3,chuc (A100-SXM4-40GB),1984,11,996x996x670,"sim (todas as linhas do grid oficial rodam shaped por design, RUN_NATIVE=0)",29.71,15.97,N/D,N/D,4.131,20.657,N/D (nao medido em disco real),2.659,5.317,58.489,62.476,nao se aplica,N/A,PENDENTE (nao executada),
25gbit,3,12,4.0,4.0,2x2x3,chuc (A100-SXM4-40GB),1984,11,996x996x670,"sim (todas as linhas do grid oficial rodam shaped por design, RUN_NATIVE=0)",29.71,15.97,N/D,N/D,4.131,20.657,N/D (nao medido em disco real),2.659,5.317,58.489,62.476,nao se aplica,N/A,PENDENTE (nao executada),
1gbit,3,12,4.0,4.0,2x2x3,chuc (A100-SXM4-40GB),2048,11,1028x1028x691,"sim (todas as linhas do grid oficial rodam shaped por design, RUN_NATIVE=0)",32.64,17.55,N/D,N/D,4.543,22.715,N/D (nao medido em disco real),2.921,5.842,64.261,68.719,SIM - INVIAVEL,N/A,PENDENTE (nao executada),
10gbit,3,12,4.0,4.0,2x2x3,chuc (A100-SXM4-40GB),2048,11,1028x1028x691,"sim (todas as linhas do grid oficial rodam shaped por design, RUN_NATIVE=0)",32.64,17.55,N/D,N/D,4.543,22.715,N/D (nao medido em disco real),2.921,5.842,64.261,68.719,nao se aplica,N/A,PENDENTE (nao executada),
25gbit,3,12,4.0,4.0,2x2x3,chuc (A100-SXM4-40GB),2048,11,1028x1028x691,"sim (todas as linhas do grid oficial rodam shaped por design, RUN_NATIVE=0)",32.64,17.55,N/D,N/D,4.543,22.715,N/D (nao medido em disco real),2.921,5.842,64.261,68.719,nao se aplica,N/A,PENDENTE (nao executada),
1gbit,3,12,4.0,4.0,2x2x3,chuc (A100-SXM4-40GB),2112,11,1060x1060x712,"sim (todas as linhas do grid oficial rodam shaped por design, RUN_NATIVE=0)",35.76,19.23,N/D,N/D,4.981,24.906,N/D (nao medido em disco real),3.200,6.400,70.400,75.365,SIM - INVIAVEL,N/A,PENDENTE (nao executada),
10gbit,3,12,4.0,4.0,2x2x3,chuc (A100-SXM4-40GB),2112,11,1060x1060x712,"sim (todas as linhas do grid oficial rodam shaped por design, RUN_NATIVE=0)",35.76,19.23,N/D,N/D,4.981,24.906,N/D (nao medido em disco real),3.200,6.400,70.400,75.365,nao se aplica,N/A,PENDENTE (nao executada),
25gbit,3,12,4.0,4.0,2x2x3,chuc (A100-SXM4-40GB),2112,11,1060x1060x712,"sim (todas as linhas do grid oficial rodam shaped por design, RUN_NATIVE=0)",35.76,19.23,N/D,N/D,4.981,24.906,N/D (nao medido em disco real),3.200,6.400,70.400,75.365,nao se aplica,N/A,PENDENTE (nao executada),
1gbit,4,16,4.0,4.0,2x2x4,chuc (A100-SXM4-40GB),2176,15,1092x1092x552,"sim (todas as linhas do grid oficial rodam shaped por design, RUN_NATIVE=0)",29.43,15.82,N/D,N/D,5.449,27.245,N/D (nao medido em disco real),2.633,5.266,78.989,82.426,SIM - INVIAVEL,N/A,PENDENTE (nao executada),
10gbit,4,16,4.0,4.0,2x2x4,chuc (A100-SXM4-40GB),2176,15,1092x1092x552,"sim (todas as linhas do grid oficial rodam shaped por design, RUN_NATIVE=0)",29.43,15.82,N/D,N/D,5.449,27.245,N/D (nao medido em disco real),2.633,5.266,78.989,82.426,nao se aplica,N/A,PENDENTE (nao executada),
25gbit,4,16,4.0,4.0,2x2x4,chuc (A100-SXM4-40GB),2176,15,1092x1092x552,"sim (todas as linhas do grid oficial rodam shaped por design, RUN_NATIVE=0)",29.43,15.82,N/D,N/D,5.449,27.245,N/D (nao medido em disco real),2.633,5.266,78.989,82.426,nao se aplica,N/A,PENDENTE (nao executada),
1gbit,4,16,4.0,4.0,2x2x4,chuc (A100-SXM4-40GB),2240,15,1124x1124x568,"sim (todas as linhas do grid oficial rodam shaped por design, RUN_NATIVE=0)",32.08,17.25,N/D,N/D,5.945,29.727,N/D (nao medido em disco real),2.870,5.741,86.112,89.915,SIM - INVIAVEL,N/A,PENDENTE (nao executada),
10gbit,4,16,4.0,4.0,2x2x4,chuc (A100-SXM4-40GB),2240,15,1124x1124x568,"sim (todas as linhas do grid oficial rodam shaped por design, RUN_NATIVE=0)",32.08,17.25,N/D,N/D,5.945,29.727,N/D (nao medido em disco real),2.870,5.741,86.112,89.915,nao se aplica,N/A,PENDENTE (nao executada),
25gbit,4,16,4.0,4.0,2x2x4,chuc (A100-SXM4-40GB),2240,15,1124x1124x568,"sim (todas as linhas do grid oficial rodam shaped por design, RUN_NATIVE=0)",32.08,17.25,N/D,N/D,5.945,29.727,N/D (nao medido em disco real),2.870,5.741,86.112,89.915,nao se aplica,N/A,PENDENTE (nao executada),
1gbit,4,16,4.0,4.0,2x2x4,chuc (A100-SXM4-40GB),2304,15,1156x1156x584,"sim (todas as linhas do grid oficial rodam shaped por design, RUN_NATIVE=0)",34.89,18.76,N/D,N/D,6.471,32.355,N/D (nao medido em disco real),3.122,6.243,93.650,97.845,SIM - INVIAVEL,N/A,PENDENTE (nao executada),
10gbit,4,16,4.0,4.0,2x2x4,chuc (A100-SXM4-40GB),2304,15,1156x1156x584,"sim (todas as linhas do grid oficial rodam shaped por design, RUN_NATIVE=0)",34.89,18.76,N/D,N/D,6.471,32.355,N/D (nao medido em disco real),3.122,6.243,93.650,97.845,nao se aplica,N/A,PENDENTE (nao executada),
25gbit,4,16,4.0,4.0,2x2x4,chuc (A100-SXM4-40GB),2304,15,1156x1156x584,"sim (todas as linhas do grid oficial rodam shaped por design, RUN_NATIVE=0)",34.89,18.76,N/D,N/D,6.471,32.355,N/D (nao medido em disco real),3.122,6.243,93.650,97.845,nao se aplica,N/A,PENDENTE (nao executada),
1gbit,4,16,4.0,4.0,2x2x4,chuc (A100-SXM4-40GB),2368,15,1188x1188x600,"sim (todas as linhas do grid oficial rodam shaped por design, RUN_NATIVE=0)",37.86,20.35,N/D,N/D,7.027,35.134,N/D (nao medido em disco real),3.387,6.774,101.617,106.227,SIM - INVIAVEL,N/A,PENDENTE (nao executada),
10gbit,4,16,4.0,4.0,2x2x4,chuc (A100-SXM4-40GB),2368,15,1188x1188x600,"sim (todas as linhas do grid oficial rodam shaped por design, RUN_NATIVE=0)",37.86,20.35,N/D,N/D,7.027,35.134,N/D (nao medido em disco real),3.387,6.774,101.617,106.227,nao se aplica,N/A,PENDENTE (nao executada),
25gbit,4,16,4.0,4.0,2x2x4,chuc (A100-SXM4-40GB),2368,15,1188x1188x600,"sim (todas as linhas do grid oficial rodam shaped por design, RUN_NATIVE=0)",37.86,20.35,N/D,N/D,7.027,35.134,N/D (nao medido em disco real),3.387,6.774,101.617,106.227,nao se aplica,N/A,PENDENTE (nao executada),
1gbit,5,20,4.0,4.0,2x2x5,chuc (A100-SXM4-40GB),2432,19,1220x1220x495,"sim (todas as linhas do grid oficial rodam shaped por design, RUN_NATIVE=0)",32.94,17.71,N/D,N/D,7.623,38.114,N/D (nao medido em disco real),2.947,5.894,111.987,115.075,SIM - INVIAVEL,N/A,PENDENTE (nao executada),
10gbit,5,20,4.0,4.0,2x2x5,chuc (A100-SXM4-40GB),2432,19,1220x1220x495,"sim (todas as linhas do grid oficial rodam shaped por design, RUN_NATIVE=0)",32.94,17.71,N/D,N/D,7.623,38.114,N/D (nao medido em disco real),2.947,5.894,111.987,115.075,nao se aplica,N/A,PENDENTE (nao executada),
25gbit,5,20,4.0,4.0,2x2x5,chuc (A100-SXM4-40GB),2432,19,1220x1220x495,"sim (todas as linhas do grid oficial rodam shaped por design, RUN_NATIVE=0)",32.94,17.71,N/D,N/D,7.623,38.114,N/D (nao medido em disco real),2.947,5.894,111.987,115.075,nao se aplica,N/A,PENDENTE (nao executada),
1gbit,5,20,4.0,4.0,2x2x5,chuc (A100-SXM4-40GB),2496,19,1252x1252x508,"sim (todas as linhas do grid oficial rodam shaped por design, RUN_NATIVE=0)",35.6,19.14,N/D,N/D,8.245,41.225,N/D (nao medido em disco real),3.185,6.370,121.036,124.401,SIM - INVIAVEL,N/A,PENDENTE (nao executada),
10gbit,5,20,4.0,4.0,2x2x5,chuc (A100-SXM4-40GB),2496,19,1252x1252x508,"sim (todas as linhas do grid oficial rodam shaped por design, RUN_NATIVE=0)",35.6,19.14,N/D,N/D,8.245,41.225,N/D (nao medido em disco real),3.185,6.370,121.036,124.401,nao se aplica,N/A,PENDENTE (nao executada),
25gbit,5,20,4.0,4.0,2x2x5,chuc (A100-SXM4-40GB),2496,19,1252x1252x508,"sim (todas as linhas do grid oficial rodam shaped por design, RUN_NATIVE=0)",35.6,19.14,N/D,N/D,8.245,41.225,N/D (nao medido em disco real),3.185,6.370,121.036,124.401,nao se aplica,N/A,PENDENTE (nao executada),
1gbit,6,24,4.0,4.0,2x2x6,chuc (A100-SXM4-40GB),2560,23,1284x1284x435,"sim (todas as linhas do grid oficial rodam shaped por design, RUN_NATIVE=0)",32.06,17.24,N/D,N/D,8.890,44.448,N/D (nao medido em disco real),2.869,5.737,131.958,134.218,SIM - INVIAVEL,N/A,PENDENTE (nao executada),
10gbit,6,24,4.0,4.0,2x2x6,chuc (A100-SXM4-40GB),2560,23,1284x1284x435,"sim (todas as linhas do grid oficial rodam shaped por design, RUN_NATIVE=0)",32.06,17.24,N/D,N/D,8.890,44.448,N/D (nao medido em disco real),2.869,5.737,131.958,134.218,nao se aplica,N/A,PENDENTE (nao executada),
25gbit,6,24,4.0,4.0,2x2x6,chuc (A100-SXM4-40GB),2560,23,1284x1284x435,"sim (todas as linhas do grid oficial rodam shaped por design, RUN_NATIVE=0)",32.06,17.24,N/D,N/D,8.890,44.448,N/D (nao medido em disco real),2.869,5.737,131.958,134.218,nao se aplica,N/A,PENDENTE (nao executada),
1gbit,6,24,4.0,4.0,2x3x4,chuc (A100-SXM4-40GB),2624,23,1316x883x664,"sim (todas as linhas do grid oficial rodam shaped por design, RUN_NATIVE=0)",34.49,18.54,N/D,N/D,9.600,48.001,N/D (nao medido em disco real),3.086,6.173,141.972,144.538,SIM - INVIAVEL,N/A,PENDENTE (nao executada),
10gbit,6,24,4.0,4.0,2x3x4,chuc (A100-SXM4-40GB),2624,23,1316x883x664,"sim (todas as linhas do grid oficial rodam shaped por design, RUN_NATIVE=0)",34.49,18.54,N/D,N/D,9.600,48.001,N/D (nao medido em disco real),3.086,6.173,141.972,144.538,nao se aplica,N/A,PENDENTE (nao executada),
25gbit,6,24,4.0,4.0,2x3x4,chuc (A100-SXM4-40GB),2624,23,1316x883x664,"sim (todas as linhas do grid oficial rodam shaped por design, RUN_NATIVE=0)",34.49,18.54,N/D,N/D,9.600,48.001,N/D (nao medido em disco real),3.086,6.173,141.972,144.538,nao se aplica,N/A,PENDENTE (nao executada),
1gbit,6,24,4.0,4.0,2x2x6,chuc (A100-SXM4-40GB),2688,23,1348x1348x456,"sim (todas as linhas do grid oficial rodam shaped por design, RUN_NATIVE=0)",37.04,19.91,N/D,N/D,10.286,51.430,N/D (nao medido em disco real),3.314,6.629,152.462,155.374,SIM - INVIAVEL,N/A,PENDENTE (nao executada),
10gbit,6,24,4.0,4.0,2x2x6,chuc (A100-SXM4-40GB),2688,23,1348x1348x456,"sim (todas as linhas do grid oficial rodam shaped por design, RUN_NATIVE=0)",37.04,19.91,N/D,N/D,10.286,51.430,N/D (nao medido em disco real),3.314,6.629,152.462,155.374,nao se aplica,N/A,PENDENTE (nao executada),
25gbit,6,24,4.0,4.0,2x2x6,chuc (A100-SXM4-40GB),2688,23,1348x1348x456,"sim (todas as linhas do grid oficial rodam shaped por design, RUN_NATIVE=0)",37.04,19.91,N/D,N/D,10.286,51.430,N/D (nao medido em disco real),3.314,6.629,152.462,155.374,nao se aplica,N/A,PENDENTE (nao executada),
1gbit,7,27,3.86,3.86,3x3x3,chuc (A100-SXM4-40GB),2752,26,926x926x926,"sim (todas as linhas do grid oficial rodam shaped por design, RUN_NATIVE=0)",35.5,19.09,N/D,N/D,11.129,55.643,N/D (nao medido em disco real),3.176,6.352,165.157,166.738,SIM - INVIAVEL,N/A,PENDENTE (nao executada),
10gbit,7,27,3.86,3.86,3x3x3,chuc (A100-SXM4-40GB),2752,26,926x926x926,"sim (todas as linhas do grid oficial rodam shaped por design, RUN_NATIVE=0)",35.5,19.09,N/D,N/D,11.129,55.643,N/D (nao medido em disco real),3.176,6.352,165.157,166.738,nao se aplica,N/A,PENDENTE (nao executada),
25gbit,7,27,3.86,3.86,3x3x3,chuc (A100-SXM4-40GB),2752,26,926x926x926,"sim (todas as linhas do grid oficial rodam shaped por design, RUN_NATIVE=0)",35.5,19.09,N/D,N/D,11.129,55.643,N/D (nao medido em disco real),3.176,6.352,165.157,166.738,nao se aplica,N/A,PENDENTE (nao executada),
1gbit,7,27,3.86,3.86,3x3x3,chuc (A100-SXM4-40GB),2816,26,947x947x947,"sim (todas as linhas do grid oficial rodam shaped por design, RUN_NATIVE=0)",37.97,20.41,N/D,N/D,11.910,59.549,N/D (nao medido em disco real),3.397,6.794,176.650,178.644,SIM - INVIAVEL,N/A,PENDENTE (nao executada),
10gbit,7,27,3.86,3.86,3x3x3,chuc (A100-SXM4-40GB),2816,26,947x947x947,"sim (todas as linhas do grid oficial rodam shaped por design, RUN_NATIVE=0)",37.97,20.41,N/D,N/D,11.910,59.549,N/D (nao medido em disco real),3.397,6.794,176.650,178.644,nao se aplica,N/A,PENDENTE (nao executada),
25gbit,7,27,3.86,3.86,3x3x3,chuc (A100-SXM4-40GB),2816,26,947x947x947,"sim (todas as linhas do grid oficial rodam shaped por design, RUN_NATIVE=0)",37.97,20.41,N/D,N/D,11.910,59.549,N/D (nao medido em disco real),3.397,6.794,176.650,178.644,nao se aplica,N/A,PENDENTE (nao executada),
1gbit,8,30,3.75,3.75,2x3x5,chuc (A100-SXM4-40GB),2880,29,1444x968x584,"sim (todas as linhas do grid oficial rodam shaped por design, RUN_NATIVE=0)",36.49,19.62,N/D,N/D,12.692,63.458,N/D (nao medido em disco real),3.265,6.530,189.384,191.103,SIM - INVIAVEL,N/A,PENDENTE (nao executada),
10gbit,8,30,3.75,3.75,2x3x5,chuc (A100-SXM4-40GB),2880,29,1444x968x584,"sim (todas as linhas do grid oficial rodam shaped por design, RUN_NATIVE=0)",36.49,19.62,N/D,N/D,12.692,63.458,N/D (nao medido em disco real),3.265,6.530,189.384,191.103,nao se aplica,N/A,PENDENTE (nao executada),
25gbit,8,30,3.75,3.75,2x3x5,chuc (A100-SXM4-40GB),2880,29,1444x968x584,"sim (todas as linhas do grid oficial rodam shaped por design, RUN_NATIVE=0)",36.49,19.62,N/D,N/D,12.692,63.458,N/D (nao medido em disco real),3.265,6.530,189.384,191.103,nao se aplica,N/A,PENDENTE (nao executada),
1gbit,8,32,4.0,4.0,2x4x4,chuc (A100-SXM4-40GB),2944,31,1476x744x744,"sim (todas as linhas do grid oficial rodam shaped por design, RUN_NATIVE=0)",36.52,19.63,N/D,N/D,13.557,67.787,N/D (nao medido em disco real),3.268,6.536,202.621,204.128,SIM - INVIAVEL,N/A,PENDENTE (nao executada),
10gbit,8,32,4.0,4.0,2x4x4,chuc (A100-SXM4-40GB),2944,31,1476x744x744,"sim (todas as linhas do grid oficial rodam shaped por design, RUN_NATIVE=0)",36.52,19.63,N/D,N/D,13.557,67.787,N/D (nao medido em disco real),3.268,6.536,202.621,204.128,nao se aplica,N/A,PENDENTE (nao executada),
25gbit,8,32,4.0,4.0,2x4x4,chuc (A100-SXM4-40GB),2944,31,1476x744x744,"sim (todas as linhas do grid oficial rodam shaped por design, RUN_NATIVE=0)",36.52,19.63,N/D,N/D,13.557,67.787,N/D (nao medido em disco real),3.268,6.536,202.621,204.128,nao se aplica,N/A,PENDENTE (nao executada),
