np,choice,dims,me_mean,rep,n_ranks,window_length
4,best,1x2x2,0.8160370181657715,4,4,14.285021781999998
4,median,2x2x1,0.8759058056346467,1,4,24.378732205000002
4,worst,4x1x1,0.7649051861304853,1,4,50.016520023
8,best,1x1x8,0.7124748742245604,5,8,10.441581248999999
8,median,2x1x4,0.8009065622420529,1,8,15.657008171000001
8,worst,8x1x1,0.6875349469834718,3,8,45.328196287
12,best,1x2x6,0.697903658419736,5,12,7.526912213
12,median,1x12x1,0.7564928847879829,5,12,12.912296771999998
12,worst,12x1x1,0.7133779039055366,3,12,48.194851876
16,best,1x2x8,0.5905102856432178,3,16,7.409253598
16,median,2x4x2,0.7158125933525372,2,16,12.384296179
16,worst,16x1x1,0.5356698966040426,4,16,63.944122076
20,best,1x2x10,0.5635719628164485,3,20,6.205354214000001
20,median,1x20x1,0.7000136271052044,5,20,12.240028858
20,worst,20x1x1,0.5353611471890188,3,20,64.622774839
24,best,1x3x8,0.5001787898421401,1,24,5.953772068000001
24,median,3x2x4,0.6093297017100664,4,24,11.294822693
24,worst,24x1x1,0.5536068912101205,5,24,61.92902112
