src,metric,nodes,gain_1to10_pct,gain_10to25_pct,ratio_pct
Real (artigo),Vazão,2,59.265872358318425,-4.949246184212538,-8.350921006088713
Real (artigo),ME,2,74.30938433266239,-4.919062743641931,-6.619705960179484
Real (artigo),Vazão,3,106.62236637735921,0.7625009739923977,0.7151416723333119
Real (artigo),ME,3,115.28554864594616,1.372219993547675,1.1902792758196472
Real (artigo),Vazão,4,135.263110569551,-0.6535315867386347,-0.4831558168275266
Real (artigo),ME,4,143.49951841752494,0.958349897334787,0.6678418909716343
Level 2 SHARED,Vazão,2,540.1621722280087,0,0
Level 2 SHARED,ME,2,536.7547891247763,5.654616407861677e-7,1.0534822459771628e-7
Level 2 SHARED,Vazão,3,898.5468325506957,34.6237974227115,3.8533102748162023
Level 2 SHARED,ME,3,897.5350828608032,33.40819991252478,3.722216607515718
Level 2 SHARED,Vazão,4,898.728368255225,49.881525816192784,5.550233816812958
Level 2 SHARED,ME,4,896.853332979356,47.870035707048636,5.337554530574569
Level 2 SPLITDUPLEX,Vazão,2,221.79181943986737,0,0
Level 2 SPLITDUPLEX,ME,2,220.0817324567885,5.404035236465387e-7,2.4554674193717695e-7
Level 2 SPLITDUPLEX,Vazão,3,580.3246111460548,0.43559213085968307,0.07506008232176357
Level 2 SPLITDUPLEX,ME,3,575.5822890618626,4.439332184075154e-7,7.712767172372153e-8
Level 2 SPLITDUPLEX,Vazão,4,650.6792036216935,0.7977898742710756,0.12260878630061652
Level 2 SPLITDUPLEX,ME,4,644.4350398519832,3.900817436062582e-7,6.053080907826706e-8
