np,choice,experiment_id,dims
4,best,strongscale_native_np04_1x2x2_N968,1x2x2
4,median,strongscale_native_np04_2x2x1_N968,2x2x1
4,worst,strongscale_native_np04_4x1x1_N968,4x1x1
8,best,strongscale_native_np08_1x1x8_N968,1x1x8
8,median,strongscale_native_np08_2x1x4_N968,2x1x4
8,worst,strongscale_native_np08_8x1x1_N968,8x1x1
12,best,strongscale_native_np12_1x2x6_N968,1x2x6
12,median,strongscale_native_np12_1x12x1_N968,1x12x1
12,worst,strongscale_native_np12_12x1x1_N968,12x1x1
16,best,strongscale_native_np16_1x2x8_N968,1x2x8
16,median,strongscale_native_np16_2x4x2_N968,2x4x2
16,worst,strongscale_native_np16_16x1x1_N968,16x1x1
20,best,strongscale_native_np20_1x2x10_N968,1x2x10
20,median,strongscale_native_np20_1x20x1_N968,1x20x1
20,worst,strongscale_native_np20_20x1x1_N968,20x1x1
24,best,strongscale_native_np24_1x3x8_N968,1x3x8
24,median,strongscale_native_np24_3x2x4_N968,3x2x4
24,worst,strongscale_native_np24_24x1x1_N968,24x1x1
