conjunto,plataforma,config,sim_me,sim_window_s
artigo,SHARED,1n_1Gbps,0.9152175032793278,28.91892145
artigo,SHARED,1n_10Gbps,0.9152175032793278,28.91892145
artigo,SHARED,1n_25Gbps,0.9152175032793278,28.91892145
artigo,SHARED,2n_1Gbps,0.13872795423766615,170.6860515
artigo,SHARED,2n_10Gbps,0.8833568924631672,26.805617233
artigo,SHARED,2n_25Gbps,0.8833568974582116,26.805617081
artigo,SHARED,3n_1Gbps,0.059845984674262054,421.322496807
artigo,SHARED,3n_10Gbps,0.5969846928092635,42.236358810999995
artigo,SHARED,3n_25Gbps,0.7964265324301542,31.65949232
artigo,SHARED,4n_1Gbps,0.0523788830792149,541.0906633860001
artigo,SHARED,4n_10Gbps,0.5221406417525136,54.279867003
artigo,SHARED,4n_25Gbps,0.7720895534004548,36.707820315
artigo,SPLITDUPLEX,1n_1Gbps,0.9152175032793278,28.91892145
artigo,SPLITDUPLEX,1n_10Gbps,0.9152175032793278,28.91892145
artigo,SPLITDUPLEX,1n_25Gbps,0.9152175032793278,28.91892145
artigo,SPLITDUPLEX,2n_1Gbps,0.27597854024525725,85.799884018
artigo,SPLITDUPLEX,2n_10Gbps,0.8833568928259747,26.805617221
artigo,SPLITDUPLEX,2n_25Gbps,0.8833568975996665,26.805617076
artigo,SPLITDUPLEX,3n_1Gbps,0.11788741976705186,213.885923862
artigo,SPLITDUPLEX,3n_10Gbps,0.7964265289782156,31.659492459
artigo,SPLITDUPLEX,3n_25Gbps,0.7964265325138176,31.659492315
artigo,SPLITDUPLEX,4n_1Gbps,0.10371483193699582,273.26587783900004
artigo,SPLITDUPLEX,4n_10Gbps,0.7720895504625923,36.707820455000004
artigo,SPLITDUPLEX,4n_25Gbps,0.7720895534743727,36.707820311
strongscale,25Gbps,strongscale_native_np01_1x1x1_N968,NA,NA
strongscale,25Gbps,strongscale_native_np02_1x1x2_N968,0.9959860103983397,14.260082656
strongscale,25Gbps,strongscale_native_np02_1x2x1_N968,0.9968067795847446,16.164400288
strongscale,25Gbps,strongscale_native_np02_2x1x1_N968,0.9801518471040412,22.466653161
strongscale,25Gbps,strongscale_native_np04_1x1x4_N968,0.976022348532489,7.545362814
strongscale,25Gbps,strongscale_native_np04_1x2x2_N968,0.9886130689129099,8.187295970000001
strongscale,25Gbps,strongscale_native_np04_1x4x1_N968,0.9782466978047836,10.183345637
strongscale,25Gbps,strongscale_native_np04_2x1x2_N968,0.8928116252612018,11.451102981
strongscale,25Gbps,strongscale_native_np04_2x2x1_N968,0.9109960448419349,13.277142186
strongscale,25Gbps,strongscale_native_np04_4x1x1_N968,0.9466169960729529,18.330788875
strongscale,25Gbps,strongscale_native_np08_1x1x8_N968,0.9606810822846902,4.424436345999999
strongscale,25Gbps,strongscale_native_np08_1x2x4_N968,0.9677387597076192,4.1354938709999995
strongscale,25Gbps,strongscale_native_np08_1x4x2_N968,0.9705332774277804,5.019580092
strongscale,25Gbps,strongscale_native_np08_1x8x1_N968,0.9753817894829989,6.4414084449999995
strongscale,25Gbps,strongscale_native_np08_2x1x4_N968,0.8382945560627005,5.549010236
strongscale,25Gbps,strongscale_native_np08_2x2x2_N968,0.8283559298445229,6.459248897999999
strongscale,25Gbps,strongscale_native_np08_2x4x1_N968,0.8796605400868327,7.983826484
strongscale,25Gbps,strongscale_native_np08_4x1x2_N968,0.7541761402861525,9.176224845
strongscale,25Gbps,strongscale_native_np08_4x2x1_N968,0.8256635495901253,10.233744848999999
strongscale,25Gbps,strongscale_native_np08_8x1x1_N968,0.7531873114274149,18.931957269999998
strongscale,25Gbps,strongscale_native_np12_12x1x1_N968,0.8012756537206553,18.11401039
strongscale,25Gbps,strongscale_native_np12_1x12x1_N968,0.9240907269341346,5.965441639000001
strongscale,25Gbps,strongscale_native_np12_1x1x12_N968,0.6361107926051637,5.20817067
strongscale,25Gbps,strongscale_native_np12_1x2x6_N968,0.6770829516159556,4.123687904
strongscale,25Gbps,strongscale_native_np12_1x3x4_N968,0.6690369221909138,4.367097546
strongscale,25Gbps,strongscale_native_np12_1x4x3_N968,0.5972108927729196,5.482259945
strongscale,25Gbps,strongscale_native_np12_1x6x2_N968,0.882123758507518,4.330796027000001
strongscale,25Gbps,strongscale_native_np12_2x1x6_N968,0.7024119622080931,4.612650672
strongscale,25Gbps,strongscale_native_np12_2x2x3_N968,0.8200772677471182,4.304151073
strongscale,25Gbps,strongscale_native_np12_2x3x2_N968,0.8266625490299508,4.815252381
strongscale,25Gbps,strongscale_native_np12_2x6x1_N968,0.902372636203083,5.941859957999999
strongscale,25Gbps,strongscale_native_np12_3x1x4_N968,0.7313281092521924,5.155368751
strongscale,25Gbps,strongscale_native_np12_3x2x2_N968,0.7659963227689771,5.6443568189999995
strongscale,25Gbps,strongscale_native_np12_3x4x1_N968,0.8202024554460438,6.914889065
strongscale,25Gbps,strongscale_native_np12_4x1x3_N968,0.7607486897801332,5.955298062000001
strongscale,25Gbps,strongscale_native_np12_4x3x1_N968,0.7763040083799622,7.70338889
strongscale,25Gbps,strongscale_native_np12_6x1x2_N968,0.702591278085495,9.208090259999999
strongscale,25Gbps,strongscale_native_np12_6x2x1_N968,0.7856869130547374,9.128134626
strongscale,25Gbps,strongscale_native_np16_16x1x1_N968,0.656281389519654,21.767240349
strongscale,25Gbps,strongscale_native_np16_1x16x1_N968,0.7111352488625702,6.679578322
strongscale,25Gbps,strongscale_native_np16_1x1x16_N968,0.5882285065500406,4.998722283
strongscale,25Gbps,strongscale_native_np16_1x2x8_N968,0.77520864528091,2.860536061
strongscale,25Gbps,strongscale_native_np16_1x4x4_N968,0.577958262268852,4.381509032
strongscale,25Gbps,strongscale_native_np16_1x8x2_N968,0.7171923496186704,4.3033609020000005
strongscale,25Gbps,strongscale_native_np16_2x1x8_N968,0.7957237385226752,3.270240986
strongscale,25Gbps,strongscale_native_np16_2x2x4_N968,0.8037789356890307,3.339984142
strongscale,25Gbps,strongscale_native_np16_2x4x2_N968,0.8825128928950404,3.903282377
strongscale,25Gbps,strongscale_native_np16_2x8x1_N968,0.9296736245958004,4.869403192
strongscale,25Gbps,strongscale_native_np16_4x1x4_N968,0.6481917970495148,5.432975401
strongscale,25Gbps,strongscale_native_np16_4x2x2_N968,0.6913305942224225,5.756750218
strongscale,25Gbps,strongscale_native_np16_4x4x1_N968,0.7483419821007008,7.228214902
strongscale,25Gbps,strongscale_native_np16_8x1x2_N968,0.5333231528062166,11.068229280999999
strongscale,25Gbps,strongscale_native_np16_8x2x1_N968,0.5940689530228274,12.573264303
strongscale,25Gbps,strongscale_native_np20_10x1x2_N968,0.5762206914591363,11.054727281
strongscale,25Gbps,strongscale_native_np20_10x2x1_N968,0.7105263311203204,10.584611273999998
strongscale,25Gbps,strongscale_native_np20_1x10x2_N968,0.6575390711119966,4.5889247410000005
strongscale,25Gbps,strongscale_native_np20_1x1x20_N968,0.5256163006264194,5.047852609
strongscale,25Gbps,strongscale_native_np20_1x20x1_N968,0.8452472943944068,5.624372151
strongscale,25Gbps,strongscale_native_np20_1x2x10_N968,0.5354909159044126,3.5180885859999997
strongscale,25Gbps,strongscale_native_np20_1x4x5_N968,0.4538593208272911,4.587854105
strongscale,25Gbps,strongscale_native_np20_1x5x4_N968,0.49682851190730715,4.417378811
strongscale,25Gbps,strongscale_native_np20_20x1x1_N968,0.6584622143563779,20.759254634999998
strongscale,25Gbps,strongscale_native_np20_2x10x1_N968,0.8244460389768624,5.383760094
strongscale,25Gbps,strongscale_native_np20_2x1x10_N968,0.575018579413535,3.6924833429999997
strongscale,25Gbps,strongscale_native_np20_2x2x5_N968,0.6724366921502702,3.2334556990000003
strongscale,25Gbps,strongscale_native_np20_2x5x2_N968,0.7929698870228239,3.841337385
strongscale,25Gbps,strongscale_native_np20_4x1x5_N968,0.5525842781995223,5.086583481
strongscale,25Gbps,strongscale_native_np20_4x5x1_N968,0.8017039509336148,5.836739224
strongscale,25Gbps,strongscale_native_np20_5x1x4_N968,0.598922729172433,5.298018617
strongscale,25Gbps,strongscale_native_np20_5x2x2_N968,0.6528278411735224,5.613121928
strongscale,25Gbps,strongscale_native_np20_5x4x1_N968,0.7235005526478623,6.830419978
strongscale,25Gbps,strongscale_native_np24_12x1x2_N968,0.5850536639282855,9.980233285999999
strongscale,25Gbps,strongscale_native_np24_12x2x1_N968,0.6686737249414995,11.530855899999999
strongscale,25Gbps,strongscale_native_np24_1x12x2_N968,0.5891866525885245,4.671767949
strongscale,25Gbps,strongscale_native_np24_1x1x24_N968,0.4592222999742054,5.194887145
strongscale,25Gbps,strongscale_native_np24_1x24x1_N968,0.7916495890584707,5.904000559
strongscale,25Gbps,strongscale_native_np24_1x2x12_N968,0.4770721105838277,3.580987995
strongscale,25Gbps,strongscale_native_np24_1x3x8_N968,0.5289803027243085,3.114706705
strongscale,25Gbps,strongscale_native_np24_1x4x6_N968,0.4970497028918264,3.592745206
strongscale,25Gbps,strongscale_native_np24_1x6x4_N968,0.4541037637983968,4.403719962
strongscale,25Gbps,strongscale_native_np24_1x8x3_N968,0.42028891105718047,5.056639839
strongscale,25Gbps,strongscale_native_np24_24x1x1_N968,0.5274328941907416,25.47956755
strongscale,25Gbps,strongscale_native_np24_2x12x1_N968,0.8321509534434949,5.333986504
strongscale,25Gbps,strongscale_native_np24_2x1x12_N968,0.5429013210684757,3.529802444
strongscale,25Gbps,strongscale_native_np24_2x2x6_N968,0.6180391094610271,2.983876687
strongscale,25Gbps,strongscale_native_np24_2x3x4_N968,0.5881063872177961,3.439252499
strongscale,25Gbps,strongscale_native_np24_2x4x3_N968,0.5427494540278381,4.187023306
strongscale,25Gbps,strongscale_native_np24_2x6x2_N968,0.8266487650281394,3.18182513
strongscale,25Gbps,strongscale_native_np24_3x1x8_N968,0.5346532025609241,3.868800176
strongscale,25Gbps,strongscale_native_np24_3x2x4_N968,0.7056380582274041,3.07490816
strongscale,25Gbps,strongscale_native_np24_3x4x2_N968,0.7264533990034775,3.7957782780000002
strongscale,25Gbps,strongscale_native_np24_3x8x1_N968,0.8792209682688791,5.060446830999999
strongscale,25Gbps,strongscale_native_np24_4x1x6_N968,0.5656948319448647,4.11466579
strongscale,25Gbps,strongscale_native_np24_4x2x3_N968,0.6653416589770702,3.91430373
strongscale,25Gbps,strongscale_native_np24_4x3x2_N968,0.6853545555652427,4.170514112
strongscale,25Gbps,strongscale_native_np24_4x6x1_N968,0.822331516385815,5.491213826
strongscale,25Gbps,strongscale_native_np24_6x1x4_N968,0.5920440005193801,5.105499863
strongscale,25Gbps,strongscale_native_np24_6x2x2_N968,0.62597472567293,5.31704819
strongscale,25Gbps,strongscale_native_np24_6x4x1_N968,0.7172537613021284,6.923415246
strongscale,25Gbps,strongscale_native_np24_8x1x3_N968,0.5006482764931381,7.28373234
strongscale,25Gbps,strongscale_native_np24_8x3x1_N968,0.6127273208823286,8.336001245999999
strongscale,45Gbps,strongscale_native_np01_1x1x1_N968,NA,NA
strongscale,45Gbps,strongscale_native_np02_1x1x2_N968,0.9959860103983397,14.260082656
strongscale,45Gbps,strongscale_native_np02_1x2x1_N968,0.9968067795847446,16.164400288
strongscale,45Gbps,strongscale_native_np02_2x1x1_N968,0.9801518471040412,22.466653161
strongscale,45Gbps,strongscale_native_np04_1x1x4_N968,0.976022348532489,7.545362814
strongscale,45Gbps,strongscale_native_np04_1x2x2_N968,0.9886130689129099,8.187295970000001
strongscale,45Gbps,strongscale_native_np04_1x4x1_N968,0.9782466978047836,10.183345637
strongscale,45Gbps,strongscale_native_np04_2x1x2_N968,0.8928116252612018,11.451102981
strongscale,45Gbps,strongscale_native_np04_2x2x1_N968,0.9109960448419349,13.277142186
strongscale,45Gbps,strongscale_native_np04_4x1x1_N968,0.9466169960729529,18.330788875
strongscale,45Gbps,strongscale_native_np08_1x1x8_N968,0.9606810919425642,4.424436301
strongscale,45Gbps,strongscale_native_np08_1x2x4_N968,0.9677387592542269,4.135493871
strongscale,45Gbps,strongscale_native_np08_1x4x2_N968,0.970533285705166,5.019580047
strongscale,45Gbps,strongscale_native_np08_1x8x1_N968,0.975381796394093,6.4414084
strongscale,45Gbps,strongscale_native_np08_2x1x4_N968,0.838294562883422,5.549010191000001
strongscale,45Gbps,strongscale_native_np08_2x2x2_N968,0.8283559298130392,6.459248899
strongscale,45Gbps,strongscale_native_np08_2x4x1_N968,0.8796605405095625,7.983826484000001
strongscale,45Gbps,strongscale_native_np08_4x1x2_N968,0.7541761440254822,9.1762248
strongscale,45Gbps,strongscale_native_np08_4x2x1_N968,0.825663553269605,10.233744804
strongscale,45Gbps,strongscale_native_np08_8x1x1_N968,0.7531873132110882,18.931957224999998
strongscale,45Gbps,strongscale_native_np12_12x1x1_N968,0.8015165658168671,18.108565854000002
strongscale,45Gbps,strongscale_native_np12_1x12x1_N968,0.9541610390102292,5.777441200999999
strongscale,45Gbps,strongscale_native_np12_1x1x12_N968,0.8696376672585622,3.809602203
strongscale,45Gbps,strongscale_native_np12_1x2x6_N968,0.9500820722808657,2.938776415
strongscale,45Gbps,strongscale_native_np12_1x3x4_N968,0.9633044778047577,3.033048812
strongscale,45Gbps,strongscale_native_np12_1x4x3_N968,0.9474754866471735,3.45556735
strongscale,45Gbps,strongscale_native_np12_1x6x2_N968,0.9518318924078313,4.013626884
strongscale,45Gbps,strongscale_native_np12_2x1x6_N968,0.8631072235886909,3.753856907
strongscale,45Gbps,strongscale_native_np12_2x2x3_N968,0.8234696663420368,4.286419522
strongscale,45Gbps,strongscale_native_np12_2x3x2_N968,0.8270986046655076,4.812713727999999
strongscale,45Gbps,strongscale_native_np12_2x6x1_N968,0.9023726356140417,5.941859958
strongscale,45Gbps,strongscale_native_np12_3x1x4_N968,0.7325977593801967,5.146434088
strongscale,45Gbps,strongscale_native_np12_3x2x2_N968,0.7668991944547949,5.637711707
strongscale,45Gbps,strongscale_native_np12_3x4x1_N968,0.8208784078698682,6.909195001
strongscale,45Gbps,strongscale_native_np12_4x1x3_N968,0.7624347284474816,5.94212859
strongscale,45Gbps,strongscale_native_np12_4x3x1_N968,0.8050528419585861,7.42829708
strongscale,45Gbps,strongscale_native_np12_6x1x2_N968,0.7026185780710461,9.207732484000001
strongscale,45Gbps,strongscale_native_np12_6x2x1_N968,0.7856869130456081,9.128134626000001
strongscale,45Gbps,strongscale_native_np16_16x1x1_N968,0.656281390712736,21.767240306
strongscale,45Gbps,strongscale_native_np16_1x16x1_N968,0.9053404365045004,5.2467374719999995
strongscale,45Gbps,strongscale_native_np16_1x1x16_N968,0.8114714249260173,3.623529866
strongscale,45Gbps,strongscale_native_np16_1x2x8_N968,0.9316389964657202,2.380226992
strongscale,45Gbps,strongscale_native_np16_1x4x4_N968,0.9547514764152982,2.6523439950000003
strongscale,45Gbps,strongscale_native_np16_1x8x2_N968,0.9255775310990348,3.334499178
strongscale,45Gbps,strongscale_native_np16_2x1x8_N968,0.8776752216831332,2.964887611
strongscale,45Gbps,strongscale_native_np16_2x2x4_N968,0.8037789473605088,3.3399840970000003
strongscale,45Gbps,strongscale_native_np16_2x4x2_N968,0.8825129032454524,3.903282332
strongscale,45Gbps,strongscale_native_np16_2x8x1_N968,0.9296736244161068,4.869403192
strongscale,45Gbps,strongscale_native_np16_4x1x4_N968,0.6667757294742254,5.281551104
strongscale,45Gbps,strongscale_native_np16_4x2x2_N968,0.6914752436949783,5.755545966000001
strongscale,45Gbps,strongscale_native_np16_4x4x1_N968,0.7483419856787463,7.228214857
strongscale,45Gbps,strongscale_native_np16_8x1x2_N968,0.5334359066264882,11.065889758
strongscale,45Gbps,strongscale_native_np16_8x2x1_N968,0.5943179279862402,12.56799704
strongscale,45Gbps,strongscale_native_np20_10x1x2_N968,0.5763426646582754,11.052387734
strongscale,45Gbps,strongscale_native_np20_10x2x1_N968,0.7109140701415748,10.57883833
strongscale,45Gbps,strongscale_native_np20_1x10x2_N968,0.9354575341430469,3.225584489
strongscale,45Gbps,strongscale_native_np20_1x1x20_N968,0.7692073845630136,3.449308558
strongscale,45Gbps,strongscale_native_np20_1x20x1_N968,0.8983783938153369,5.291740516999999
strongscale,45Gbps,strongscale_native_np20_1x2x10_N968,0.8648462069531295,2.178311548
strongscale,45Gbps,strongscale_native_np20_1x4x5_N968,0.8044838957431529,2.588293387
strongscale,45Gbps,strongscale_native_np20_1x5x4_N968,0.8783249844965533,2.498710365
strongscale,45Gbps,strongscale_native_np20_20x1x1_N968,0.6584622158122267,20.759254590999998
strongscale,45Gbps,strongscale_native_np20_2x10x1_N968,0.9532289508972768,4.656404611999999
strongscale,45Gbps,strongscale_native_np20_2x1x10_N968,0.9128125544842939,2.326048774
strongscale,45Gbps,strongscale_native_np20_2x2x5_N968,0.8382011962570911,2.5940004229999998
strongscale,45Gbps,strongscale_native_np20_2x5x2_N968,0.8726042661599833,3.4907746680000002
strongscale,45Gbps,strongscale_native_np20_4x1x5_N968,0.6707759847236777,4.190320055
strongscale,45Gbps,strongscale_native_np20_4x5x1_N968,0.807273874062374,5.796467651
strongscale,45Gbps,strongscale_native_np20_5x1x4_N968,0.6506617102390513,4.876733515
strongscale,45Gbps,strongscale_native_np20_5x2x2_N968,0.6530170999941929,5.611495122
strongscale,45Gbps,strongscale_native_np20_5x4x1_N968,0.7236805789499547,6.828720805
strongscale,45Gbps,strongscale_native_np24_12x1x2_N968,0.5851908422501826,9.977893756999999
strongscale,45Gbps,strongscale_native_np24_12x2x1_N968,0.6689766438174416,11.525634621999998
strongscale,45Gbps,strongscale_native_np24_1x12x2_N968,0.9194729858221176,2.993609776
strongscale,45Gbps,strongscale_native_np24_1x1x24_N968,0.7383926960571027,3.230812051
strongscale,45Gbps,strongscale_native_np24_1x24x1_N968,0.9076902705058097,5.149222997
strongscale,45Gbps,strongscale_native_np24_1x2x12_N968,0.7211775842893183,2.368888798
strongscale,45Gbps,strongscale_native_np24_1x3x8_N968,0.828948850885574,1.9875997099999998
strongscale,45Gbps,strongscale_native_np24_1x4x6_N968,0.8363564889960802,2.135181541
strongscale,45Gbps,strongscale_native_np24_1x6x4_N968,0.8096945293015559,2.469753391
strongscale,45Gbps,strongscale_native_np24_1x8x3_N968,0.7391549352110784,2.8752424550000004
strongscale,45Gbps,strongscale_native_np24_24x1x1_N968,0.5274328950361398,25.479567506
strongscale,45Gbps,strongscale_native_np24_2x12x1_N968,0.9278053751668539,4.784065791
strongscale,45Gbps,strongscale_native_np24_2x1x12_N968,0.8453074496607057,2.267026522
strongscale,45Gbps,strongscale_native_np24_2x2x6_N968,0.8226242832621926,2.241791943
strongscale,45Gbps,strongscale_native_np24_2x3x4_N968,0.8266705866442923,2.4467380299999997
strongscale,45Gbps,strongscale_native_np24_2x4x3_N968,0.8215876714827741,2.7659916200000003
strongscale,45Gbps,strongscale_native_np24_2x6x2_N968,0.8841190238247572,2.974997418
strongscale,45Gbps,strongscale_native_np24_3x1x8_N968,0.759951347760133,2.721840564
strongscale,45Gbps,strongscale_native_np24_3x2x4_N968,0.7193549289623532,3.016274911
strongscale,45Gbps,strongscale_native_np24_3x4x2_N968,0.7892301694100923,3.493855326
strongscale,45Gbps,strongscale_native_np24_3x8x1_N968,0.8798473803660385,5.056844020000001
strongscale,45Gbps,strongscale_native_np24_4x1x6_N968,0.7118549632345903,3.269830646
strongscale,45Gbps,strongscale_native_np24_4x2x3_N968,0.7167543828303411,3.633531096
strongscale,45Gbps,strongscale_native_np24_4x3x2_N968,0.7419963022105278,3.852149716
strongscale,45Gbps,strongscale_native_np24_4x6x1_N968,0.8314731360512178,5.430840753
strongscale,45Gbps,strongscale_native_np24_6x1x4_N968,0.6465240644180603,4.675279281
strongscale,45Gbps,strongscale_native_np24_6x2x2_N968,0.6265809720756511,5.311903699
strongscale,45Gbps,strongscale_native_np24_6x4x1_N968,0.7173701229724229,6.922292226
strongscale,45Gbps,strongscale_native_np24_8x1x3_N968,0.5246203879134343,6.9509079840000005
strongscale,45Gbps,strongscale_native_np24_8x3x1_N968,0.6133426640258413,8.327638054
