np,nos,particao,bloco_local,reps,vazao_msamples_s,vazao_ic95,me_pct,me_ic95_pp
1,1,1x1x1,960x960x960,5,2524.9842214,14.856331272590449,NA,NA
2,1,1x1x2,960x960x480,5,3504.815098,63.84217665413475,81.9620771508514,0.662584577075787
2,1,1x2x1,960x480x960,5,3203.5107282,167.29080901907787,82.78889857929546,1.932486359250993
2,1,2x1x1,480x960x960,5,2224.9454172,99.92761276106384,87.01417738157365,2.3427966515699836
4,1,1x1x4,960x960x240,5,3384.5486674,125.46327623797616,75.44014997110705,3.1373544803512607
4,1,1x2x2,960x480x480,5,5004.178084,597.0573267119419,81.60370181657714,7.979188930328694
4,1,1x4x1,960x240x960,5,3022.0512926,113.9991205066759,76.66156185428618,2.744948007815312
4,1,2x1x2,480x960x480,5,3437.7667418,19.315062037712785,87.46834629762927,1.827125613860999
4,1,2x2x1,480x480x960,5,3163.598411,238.76271299006544,87.59058056346467,5.889842933464416
4,1,4x1x1,240x960x960,5,1655.6065474,43.04649237652955,76.49051861304854,1.326166058967443
8,2,1x1x8,960x960x120,5,7061.799193,90.88986516416804,71.24748742245603,0.6683409335995251
8,2,1x2x4,960x480x240,5,6696.8197794,73.00171468336903,78.2202071364138,1.087240094409847
8,2,1x4x2,960x240x480,5,6194.3564686,50.3011816643532,79.19367139697097,1.495565623624908
8,2,1x8x1,960x120x960,5,6073.0018636,148.84986899790584,75.70110554607967,1.280557054696648
8,2,2x1x4,480x960x240,5,4976.5509284,67.45460524710602,80.09065622420529,1.0294588133436449
8,2,2x2x2,480x480x480,5,5533.243351200001,48.854412028411154,83.19020623360286,0.7493382863699729
8,2,2x4x1,480x240x960,5,4447.776634,13.512010991054195,84.39758886562086,1.095613161559112
8,2,4x1x2,240x960x480,5,3235.4004966,54.355475201388664,77.58808923679972,1.342975493001884
8,2,4x2x1,240x480x960,5,3174.692289,11.520907179931282,83.52960863245045,0.607474082207465
8,2,8x1x1,120x960x960,5,1883.9582504,8.678136949521885,68.75349469834718,0.317414083383218
12,3,12x1x1,80x960x960,5,1813.9686582,73.4734842112906,71.33779039055366,3.7063836056221127
12,3,1x12x1,960x80x960,5,5995.264448,235.3367620188596,75.6492884787983,2.947849610412654
12,3,1x1x12,960x960x80,5,7007.5173714,156.80345075637646,70.62898927342394,1.7024965372610268
12,3,1x2x6,960x480x160,5,9583.3099098,102.6261493954857,69.7903658419736,1.394722884965737
12,3,1x3x4,960x320x240,5,6423.0572502000005,117.27383547038544,76.32659642058005,1.9821440332093672
12,3,1x4x3,960x240x320,5,6235.285191,97.58562524563264,76.91609826312606,1.408963784631256
12,3,1x6x2,960x160x480,5,8694.294584,122.86341310286966,74.76265325017444,1.349951536171198
12,3,2x1x6,480x960x160,5,6915.034361,252.1635237167773,70.35151534659327,3.5309672639759073
12,3,2x2x3,480x480x320,5,7039.382895,155.90452894093738,75.12024381639336,2.284608895815422
12,3,2x3x2,480x320x480,5,6803.1504754,68.83577923635877,76.051464973218,1.355872663935858
12,3,2x6x1,480x160x960,5,6103.6212178000005,70.74338890371678,78.06069777209888,0.706801366273681
12,3,3x1x4,320x960x240,5,3978.4556142,55.27123341125159,69.679129617151915,0.944913255809981
12,3,3x2x2,320x480x480,5,5075.7427086,80.45676852645988,70.70997215262338,1.2381857777207599
12,3,3x4x1,320x240x960,5,3704.228121,20.23481390403511,74.22239682555958,0.493734336824856
12,3,4x1x3,240x960x320,5,3446.9049948,73.06365138891132,70.81331916071309,1.593522739027782
12,3,4x3x1,240x320x960,5,3333.2022414,30.67017825270991,75.05425977320328,0.289127086652673
12,3,6x1x2,160x960x480,5,3437.100073,39.90202007344004,73.12730934697716,0.996636373056719
12,3,6x2x1,160x480x960,5,3447.4056424,61.134566015509954,76.58562912108718,1.333381800778964
16,4,16x1x1,60x960x960,5,1416.3641596,12.667103236497963,53.56698966040426,0.675934561451515
16,4,1x16x1,960x60x960,5,6913.8599562,142.44856315629568,67.49587500477159,1.186700979425903
16,4,1x1x16,960x960x60,5,7768.3077904,104.13443373908947,59.388539043557756,0.483754605292009
16,4,1x2x8,960x480x120,5,9609.8306474,405.3200728118693,59.05102856432178,2.9845949751970977
16,4,1x4x4,960x240x240,5,9356.684668,178.47099806840205,59.5099687696909,1.740289590589503
16,4,1x8x2,960x120x480,5,8798.7587114,234.9254968821754,64.09716922618856,1.687443771627123
16,4,2x1x8,480x960x120,5,6629.247173600001,297.6806717514518,56.150089660163395,3.069953790295712
16,4,2x2x4,480x480x240,5,6587.0599618,77.91962433874632,69.58465661731566,1.1885225950175948
16,4,2x4x2,480x240x480,5,6320.0041488,61.457630664134626,71.58125933525372,0.98206208188818
16,4,2x8x1,480x120x960,5,6137.7492564,39.80383277188021,68.6968225714319,0.982605317069347
16,4,4x1x4,240x960x240,5,4963.9724264,100.29729285429612,67.40856453153783,1.488945232817586
16,4,4x2x2,240x480x480,5,4602.7699454,133.7529343208583,74.40036079476766,1.935380784174797
16,4,4x4x1,240x240x960,5,4589.3929786,31.527154754798634,74.25104530422989,0.738041685487889
16,4,8x1x2,120x960x480,5,2787.0945782,62.78979212961889,57.657849853833866,2.038784666353338
16,4,8x2x1,120x480x960,5,2785.415622,156.62884606538398,62.626588800253266,4.7678654124054605
20,5,10x1x2,96x960x480,5,2905.5355066,48.97893731417798,61.22528638084821,1.731783705088839
20,5,10x2x1,96x480x960,5,3002.2782298,20.445959612151935,69.15434852863368,0.587958033813881
20,5,1x10x2,960x96x480,5,9164.1156558,273.45851935070937,62.8140201280712,1.718833465746828
20,5,1x1x20,960x960x48,5,7529.7680456,174.67435564364345,62.86002551099155,0.808627436803264
20,5,1x20x1,960x48x960,5,6485.7971689999995,118.95878170066696,70.00136271052044,1.376522872059469
20,5,1x2x10,960x480x96,5,10410.2867434,505.2172028651336,56.35719628164485,2.430048028555814
20,5,1x4x5,960x240x192,5,8308.906310999999,181.2395501336659,64.24425005170784,0.622067417064569
20,5,1x5x4,960x192x240,5,8290.6683412,171.18364302807538,65.54063924644495,1.480144125675076
20,5,20x1x1,48x960x960,5,1442.3136346,43.28203858094837,53.536114718901885,1.664271941144916
20,5,2x10x1,480x96x960,5,6521.7475108,199.90643828936132,65.82417460841678,3.094215795547445
20,5,2x1x10,480x960x96,5,7339.280977,228.37998156583436,53.14580978230844,2.317018972952174
20,5,2x2x5,480x480x192,5,7759.3631634,140.39017199673074,54.71098164032534,2.8410906847855277
20,5,2x5x2,480x192x480,5,7470.1290054,135.5359360854445,62.45245316284497,1.103858519595857
20,5,4x1x5,240x960x192,5,5021.1045654,42.33759876337925,66.01398892447509,0.6781878863012151
20,5,4x5x1,240x192x960,5,4684.0039138,53.50121407327308,72.85682158347375,0.818222828703059
20,5,5x1x4,192x960x240,5,4655.7529036,58.4517158769839,71.14467639971586,1.015622980170156
20,5,5x2x2,192x480x480,5,5033.5321156,160.59074302310583,69.23473047452684,3.418384055730877
20,5,5x4x1,192x240x960,5,4342.9942666,53.98645811520867,76.27771926050887,1.2231130656090579
24,6,12x1x2,80x960x480,5,2809.4386852,50.10987241504388,59.553453997637206,1.4597590630692558
24,6,12x2x1,80x480x960,5,2760.4116198,98.87744532160184,65.70880458632287,3.969053319168313
24,6,1x12x2,960x80x480,5,8696.1093064,236.63733734606197,66.82492438613598,1.466205955096696
24,6,1x1x24,960x960x40,5,8083.2511386,120.99536247624006,60.06369128631046,1.802053983333311
24,6,1x24x1,960x40x960,5,6819.1854168,87.99794002763848,70.09157200910177,0.675917039920704
24,6,1x2x12,960x480x80,5,10083.158534,496.26319551893886,64.26564091500161,5.280159595788114
24,6,1x3x8,960x320x120,5,10956.3931286,463.8577657836,50.017878984214015,1.300875001446446
24,6,1x4x6,960x240x160,5,9792.2080746,334.6551214746372,56.91221575009256,3.056981143440756
24,6,1x6x4,960x160x240,5,9638.903814,476.68326890249824,58.638399085368384,3.439517506954995
24,6,1x8x3,960x120x320,5,9942.8406978,134.9229117230041,50.91138771874755,1.172264112653128
24,6,24x1x1,40x960x960,5,1548.2748158,24.40609350144562,55.36068912101205,0.470719283145128
24,6,2x12x1,480x80x960,5,6434.3692432,240.7039183581584,69.34627354512664,4.817066128059295
24,6,2x1x12,480x960x80,5,7569.7091812,193.6239612238368,59.04565946877488,3.175459500691982
24,6,2x2x6,480x480x160,5,8474.475686400001,123.04938759620372,51.35406367034558,0.668659627407685
24,6,2x3x4,480x320x240,5,8112.5509514,268.85110074944663,61.7346032911811,2.041624007776566
24,6,2x4x3,480x240x320,5,7962.6975242,103.35354678640854,62.68037250744312,1.4723508572100041
24,6,2x6x2,480x160x480,5,8492.8318406,136.02561753906437,62.08639239254391,0.948947896619921
24,6,3x1x8,320x960x120,5,7111.4677982,129.58040211393563,53.94764535369734,1.867382487991464
24,6,3x2x4,320x480x240,5,6809.2578378,165.48971395565346,60.93297017100664,1.8142832515855891
24,6,3x4x2,320x240x480,5,6434.9408622,187.98623017016843,63.18650175108076,2.3853149410962637
24,6,3x8x1,320x120x960,5,6176.9492234,125.32993789010963,66.51965625783318,2.8372719413073297
24,6,4x1x6,240x960x160,5,5921.6326722,55.03565440316319,60.35555787988659,1.063719704471657
24,6,4x2x3,240x480x320,5,5941.5485968,60.72840396602264,64.1951233421611,1.034473452202677
24,6,4x3x2,240x320x480,5,5923.091202,116.75591552427704,66.28185829511634,1.764264888606241
24,6,4x6x1,240x160x960,5,5404.427901,83.14153660524293,70.0840137881764,1.189625304825731
24,6,6x1x4,160x960x240,5,5108.0809096,39.46780325797281,69.90854464859197,0.473639973604482
24,6,6x2x2,160x480x480,5,5325.6244786,84.47500410897727,69.99314602834959,1.339901017578857
24,6,6x4x1,160x240x960,5,4642.7307084,38.434089076329336,74.32267469864098,0.7868978028028909
24,6,8x1x3,120x960x320,5,3913.1832334,37.13231206830011,58.73641193955651,0.660942160519314
24,6,8x3x1,120x320x960,5,3897.9403074,34.09847995582148,66.47980067958697,0.523176461400083
