plataforma,experiment_id,np,dims,real_thr,sim_thr,err_thr_pct,real_me,sim_me,err_me_pp
25Gbps,strongscale_native_np01_1x1x1_N968,1,1x1x1,2524.9842214,2524.938566,-0.001808145952488378,NA,NA,NA
25Gbps,strongscale_native_np02_1x1x2_N968,2,1x1x2,3504.815098,6204.283801,77.0217151980552,0.819620771508514,0.9959860103983396,17.63652388898256
25Gbps,strongscale_native_np02_1x2x1_N968,2,1x2x1,3203.5107282,5473.361106,70.85508900653478,0.8278889857929547,0.9968067795847446,16.891779379178995
25Gbps,strongscale_native_np02_2x1x1_N968,2,2x1x1,2224.9454172,3937.996427,76.99294538001756,0.8701417738157364,0.9801518471040412,11.00100732883048
25Gbps,strongscale_native_np04_1x1x4_N968,4,1x1x4,3384.5486674,11822.544145,249.30932619982215,0.7544014997110704,0.976022348532489,22.162084882141862
25Gbps,strongscale_native_np04_1x2x2_N968,4,1x2x2,5004.178084,10806.206875,115.94369132367592,0.8160370181657715,0.98861306891291,17.257605074713855
25Gbps,strongscale_native_np04_1x4x1_N968,4,1x4x1,3022.0512926,8777.813684,190.4587921950217,0.7666156185428618,0.9782466978047836,21.163107926192183
25Gbps,strongscale_native_np04_2x1x2_N968,4,2x1x2,3437.7667418,7726.208572,124.7449915102323,0.8746834629762926,0.8928116252612018,1.812816228490921
25Gbps,strongscale_native_np04_2x2x1_N968,4,2x2x1,3163.598411,6697.741316,111.7127538284125,0.8759058056346467,0.9109960448419347,3.5090239207288043
25Gbps,strongscale_native_np04_4x1x1_N968,4,4x1x1,1655.6065474,4863.830013,193.77934151313082,0.7649051861304853,0.9466169960729528,18.17118099424675
25Gbps,strongscale_native_np08_1x1x8_N968,8,1x1x8,7061.799193,20616.574922,191.9450745984983,0.7124748742245604,0.9606810822846902,24.820620806012982
25Gbps,strongscale_native_np08_1x2x4_N968,8,1x2x4,6696.8197794,21609.862119,222.68842272676676,0.7822020713641381,0.9677387597076192,18.553668834348112
25Gbps,strongscale_native_np08_1x4x2_N968,8,1x4x2,6194.3564686,17785.437474,187.12324781689108,0.7919367139697097,0.9705332774277804,17.859656345807075
25Gbps,strongscale_native_np08_1x8x1_N968,8,1x8x1,6073.0018636,14067.980476,131.64788669537268,0.7570110554607967,0.9753817894829988,21.83707340222021
25Gbps,strongscale_native_np08_2x1x4_N968,8,2x1x4,4976.5509284,15952.806722,220.55949896867529,0.8009065622420529,0.8382945560627005,3.7387993820647614
25Gbps,strongscale_native_np08_2x2x2_N968,8,2x2x2,5533.243351200001,13697.207143,147.54391364387527,0.8319020623360287,0.8283559298445229,-0.35461324915058157
25Gbps,strongscale_native_np08_2x4x1_N968,8,2x4x1,4447.776634,11081.61067,149.14944211202493,0.8439758886562085,0.8796605400868327,3.568465143062416
25Gbps,strongscale_native_np08_4x1x2_N968,8,4x1x2,3235.4004966,9723.577844,200.53706965237407,0.7758808923679972,0.7541761402861525,-2.1704752081844636
25Gbps,strongscale_native_np08_4x2x1_N968,8,4x2x1,3174.692289,8654.283359,172.6022735805372,0.8352960863245045,0.8256635495901253,-0.9632536734379138
25Gbps,strongscale_native_np08_8x1x1_N968,8,8x1x1,1883.9582504,4744.943134,151.86031234994508,0.6875349469834718,0.7531873114274149,6.565236444394307
25Gbps,strongscale_native_np12_12x1x1_N968,12,12x1x1,1813.9686582,4997.42656,175.4968525729074,0.7133779039055366,0.8012756537206553,8.789774981511878
25Gbps,strongscale_native_np12_1x12x1_N968,12,1x12x1,5995.264448,15096.789567,151.81190417774212,0.7564928847879829,0.9240907269341346,16.75978421461517
25Gbps,strongscale_native_np12_1x1x12_N968,12,1x1x12,7007.5173714,17385.11259,148.09232241013635,0.7062898927342394,0.6361107926051637,-7.017910012907569
25Gbps,strongscale_native_np12_1x2x6_N968,12,1x2x6,9583.3099098,21597.2976,125.3636562239771,0.697903658419736,0.6770829516159556,-2.0820706803780453
25Gbps,strongscale_native_np12_1x3x4_N968,12,1x3x4,6423.0572502000005,20363.336171,217.03494734327532,0.7632659642058004,0.6690369221909138,-9.422904201488658
25Gbps,strongscale_native_np12_1x4x3_N968,12,1x4x3,6235.285191,16204.686383,159.88685178971153,0.7691609826312605,0.5972108927729196,-17.195008985834093
25Gbps,strongscale_native_np12_1x6x2_N968,12,1x6x2,8694.294584,20547.876776,136.33748060267015,0.7476265325017444,0.882123758507518,13.449722600577363
25Gbps,strongscale_native_np12_2x1x6_N968,12,2x1x6,6915.034361,19304.036957,179.1603909573111,0.7035151534659327,0.7024119622080931,-0.11031912578396419
25Gbps,strongscale_native_np12_2x2x3_N968,12,2x2x3,7039.382895,20555.461144,192.00657856813459,0.7512024381639335,0.8200772677471182,6.887482958318469
25Gbps,strongscale_native_np12_2x3x2_N968,12,2x3x2,6803.1504754,18441.879716,171.07852138042978,0.7605146497321801,0.8266625490299508,6.614789929777077
25Gbps,strongscale_native_np12_2x6x1_N968,12,2x6x1,6103.6212178000005,14889.908691,143.95204354386433,0.7806069777209887,0.902372636203083,12.17656584820942
25Gbps,strongscale_native_np12_3x1x4_N968,12,3x1x4,3978.4556142,17229.08057,333.059514564032,0.6967912961715191,0.7313281092521924,3.4536813080673245
25Gbps,strongscale_native_np12_3x2x2_N968,12,3x2x2,5075.7427086,15726.990776,209.84609896307856,0.7070997215262338,0.7659963227689771,5.889660124274332
25Gbps,strongscale_native_np12_3x4x1_N968,12,3x4x1,3704.228121,12830.900625,246.38527125959368,0.7422239682555959,0.8202024554460438,7.7978487190447865
25Gbps,strongscale_native_np12_4x1x3_N968,12,4x1x3,3446.9049948,14957.12191,333.92904453602023,0.708133191607131,0.7607486897801332,5.261549817300226
25Gbps,strongscale_native_np12_4x3x1_N968,12,4x3x1,3333.2022414,11531.419361,245.9561864495991,0.7505425977320329,0.7763040083799622,2.576141064792925
25Gbps,strongscale_native_np12_6x1x2_N968,12,6x1x2,3437.100073,9656.169438,180.9394324550992,0.7312730934697715,0.702591278085495,-2.86818153842765
25Gbps,strongscale_native_np12_6x2x1_N968,12,6x2x1,3447.4056424,9727.490614,182.16843687788239,0.7658562912108718,0.7856869130547374,1.9830621843865526
25Gbps,strongscale_native_np16_16x1x1_N968,16,16x1x1,1416.3641596,4309.526477,204.26684040191105,0.5356698966040426,0.656281389519654,12.061149291561135
25Gbps,strongscale_native_np16_1x16x1_N968,16,1x16x1,6913.8599562,13619.314213,96.98568237250579,0.6749587500477159,0.7111352488625702,3.6176498814854297
25Gbps,strongscale_native_np16_1x1x16_N968,16,1x1x16,7768.3077904,18305.125112,135.6385149236916,0.5938853904355775,0.5882285065500406,-0.5656883885536979
25Gbps,strongscale_native_np16_1x2x8_N968,16,1x2x8,9609.8306474,31513.814753,227.93309174003252,0.5905102856432178,0.77520864528091,18.46983596376922
25Gbps,strongscale_native_np16_1x4x4_N968,16,1x4x4,9356.684668,20297.771766,116.93337422622226,0.595099687696909,0.577958262268852,-1.7141425428056967
25Gbps,strongscale_native_np16_1x8x2_N968,16,1x8x2,8798.7587114,20702.588098,135.2898718676869,0.6409716922618856,0.7171923496186704,7.6220657356784844
25Gbps,strongscale_native_np16_2x1x8_N968,16,2x1x8,6629.247173600001,27540.834249,315.44437140128537,0.5615008966016339,0.7957237385226752,23.422284192104126
25Gbps,strongscale_native_np16_2x2x4_N968,16,2x2x4,6587.0599618,26592.487009,303.70798449105445,0.6958465661731567,0.8037789356890307,10.793236951587403
25Gbps,strongscale_native_np16_2x4x2_N968,16,2x4x2,6320.0041488,22756.773909,260.0753001613283,0.7158125933525372,0.8825128928950404,16.67002995425032
25Gbps,strongscale_native_np16_2x8x1_N968,16,2x8x1,6137.7492564,18169.347447,196.02622537983805,0.6869682257143189,0.9296736245958004,24.270539888148146
25Gbps,strongscale_native_np16_4x1x4_N968,16,4x1x4,4963.9724264,16365.892964,229.69347043430227,0.6740856453153783,0.6481917970495148,-2.5893848265863495
25Gbps,strongscale_native_np16_4x2x2_N968,16,4x2x2,4602.7699454,15470.566775,236.11427376380726,0.7440036079476766,0.6913305942224225,-5.267301372525413
25Gbps,strongscale_native_np16_4x4x1_N968,16,4x4x1,4589.3929786,12338.222479,168.84214397268263,0.7425104530422989,0.7483419821007008,0.5831529058401896
25Gbps,strongscale_native_np16_8x1x2_N968,16,8x1x2,2787.0945782,8163.156099,192.89124821419023,0.5765784985383386,0.5333231528062166,-4.325534573212209
25Gbps,strongscale_native_np16_8x2x1_N968,16,8x2x1,2785.415622,7137.604148,156.24916050679062,0.6262658880025327,0.5940689530228274,-3.2196934979705327
25Gbps,strongscale_native_np20_10x1x2_N968,20,10x1x2,2905.5355066,8227.565747,183.16865267386578,0.6122528638084821,0.5762206914591363,-3.603217234934575
25Gbps,strongscale_native_np20_10x2x1_N968,20,10x2x1,3002.2782298,8433.427596,180.9009342402553,0.6915434852863367,0.7105263311203204,1.8982845833983686
25Gbps,strongscale_native_np20_1x10x2_N968,20,1x10x2,9164.1156558,19479.126477,112.55871497727766,0.628140201280712,0.6575390711119966,2.939886983128459
25Gbps,strongscale_native_np20_1x1x20_N968,20,1x1x20,7529.7680456,18264.542788,142.56448110208171,0.6286002551099155,0.5256163006264194,-10.298395448349606
25Gbps,strongscale_native_np20_1x20x1_N968,20,1x20x1,6485.7971689999995,16060.773429,147.62990593916925,0.7000136271052044,0.8452472943944068,14.523366728920239
25Gbps,strongscale_native_np20_1x2x10_N968,20,1x2x10,10410.2867434,25858.565729,148.39436574976216,0.5635719628164485,0.5354909159044126,-2.8081046912035945
25Gbps,strongscale_native_np20_1x4x5_N968,20,1x4x5,8308.906310999999,19423.717037,133.76984057799905,0.6424425005170784,0.4538593208272911,-18.85831796897873
25Gbps,strongscale_native_np20_1x5x4_N968,20,1x5x4,8290.6683412,20135.666478,142.8714507603321,0.6554063924644495,0.49682851190730715,-15.85778805571424
25Gbps,strongscale_native_np20_20x1x1_N968,20,20x1x1,1442.3136346,4589.504938,218.20436470274493,0.5353611471890188,0.6584622143563779,12.310106716735902
25Gbps,strongscale_native_np20_2x10x1_N968,20,2x10x1,6521.7475108,16598.915895,154.51638333916222,0.6582417460841679,0.8244460389768624,16.620429289269456
25Gbps,strongscale_native_np20_2x1x10_N968,20,2x1x10,7339.280977,24617.412933,235.41995476323342,0.5314580978230844,0.575018579413535,4.356048159045056
25Gbps,strongscale_native_np20_2x2x5_N968,20,2x2x5,7759.3631634,27606.096352,255.77786179946696,0.5471098164032534,0.6724366921502702,12.532687574701685
25Gbps,strongscale_native_np20_2x5x2_N968,20,2x5x2,7470.1290054,23121.553335,209.52013436830762,0.6245245316284497,0.7929698870228239,16.844535539437423
25Gbps,strongscale_native_np20_4x1x5_N968,20,4x1x5,5021.1045654,17460.226299,247.73675934408774,0.6601398892447509,0.5525842781995223,-10.75556110452286
25Gbps,strongscale_native_np20_4x5x1_N968,20,4x5x1,4684.0039138,15209.303091,224.70730962009637,0.7285682158347375,0.8017039509336148,7.3135735098877275
25Gbps,strongscale_native_np20_5x1x4_N968,20,5x1x4,4655.7529036,16761.711784,260.02150739226784,0.7114467639971586,0.598922729172433,-11.25240348247255
25Gbps,strongscale_native_np20_5x2x2_N968,20,5x2x2,5033.5321156,15896.467594,215.8113870920466,0.6923473047452684,0.6528278411735224,-3.951946357174596
25Gbps,strongscale_native_np20_5x4x1_N968,20,5x4x1,4342.9942666,13054.440425,200.58617680883867,0.7627771926050888,0.7235005526478623,-3.9276639957226522
25Gbps,strongscale_native_np24_12x1x2_N968,24,12x1x2,2809.4386852,9137.19645,225.23210056636407,0.5955345399763721,0.5850536639282855,-1.0480876048086563
25Gbps,strongscale_native_np24_12x2x1_N968,24,12x2x1,2760.4116198,7811.396523,182.9794102796147,0.6570880458632287,0.6686737249414995,1.1585679078270794
25Gbps,strongscale_native_np24_1x12x2_N968,24,1x12x2,8696.1093064,19159.735169,120.32537188670314,0.6682492438613598,0.5891866525885245,-7.906259127283521
25Gbps,strongscale_native_np24_1x1x24_N968,24,1x1x24,8083.2511386,17653.512765,118.39619309486834,0.6006369128631046,0.4592222999742054,-14.141461288889923
25Gbps,strongscale_native_np24_1x24x1_N968,24,1x24x1,6819.1854168,15353.854372,125.15672229961176,0.7009157200910177,0.7916495890584707,9.073386896745305
25Gbps,strongscale_native_np24_1x2x12_N968,24,1x2x12,10083.158534,25270.237973,150.61827489659896,0.6426564091500161,0.4770721105838277,-16.55842985661884
25Gbps,strongscale_native_np24_1x3x8_N968,24,1x3x8,10956.3931286,28813.571733,162.98409882524703,0.5001787898421401,0.5289803027243085,2.8801512882168367
25Gbps,strongscale_native_np24_1x4x6_N968,24,1x4x6,9792.2080746,24770.119154,152.95744295151562,0.5691221575009255,0.4970497028918264,-7.207245460909917
25Gbps,strongscale_native_np24_1x6x4_N968,24,1x6x4,9638.903814,20195.825625,109.52409127339386,0.5863839908536839,0.4541037637983968,-13.228022705528709
25Gbps,strongscale_native_np24_1x8x3_N968,24,1x8x3,9942.8406978,17627.361424,77.2869742135194,0.5091138771874755,0.42028891105718047,-8.8824966130295
25Gbps,strongscale_native_np24_24x1x1_N968,24,24x1x1,1548.2748158,3929.130153,153.7747248036068,0.5536068912101205,0.5274328941907416,-2.6173997019378947
25Gbps,strongscale_native_np24_2x12x1_N968,24,2x12x1,6434.3692432,16814.729605,161.32677453614,0.6934627354512664,0.8321509534434949,13.868821799222852
25Gbps,strongscale_native_np24_2x1x12_N968,24,2x1x12,7569.7091812,25607.344742,238.2870349312489,0.5904565946877488,0.5429013210684757,-4.755527361927314
25Gbps,strongscale_native_np24_2x2x6_N968,24,2x2x6,8474.475686400001,29820.964918,251.891562635046,0.5135406367034558,0.6180391094610271,10.44984727575713
25Gbps,strongscale_native_np24_2x3x4_N968,24,2x3x4,8112.5509514,25733.530983,217.20640199565233,0.617346032911811,0.5881063872177961,-2.9239645694014937
25Gbps,strongscale_native_np24_2x4x3_N968,24,2x4x3,7962.6975242,21290.639345,167.37973256291733,0.6268037250744312,0.5427494540278381,-8.405427104659303
25Gbps,strongscale_native_np24_2x6x2_N968,24,2x6x2,8492.8318406,27964.367758,229.27023968985566,0.6208639239254391,0.8266487650281394,20.578484110270033
25Gbps,strongscale_native_np24_3x1x8_N968,24,3x1x8,7111.4677982,23177.592711,225.91854971018128,0.5394764535369734,0.5346532025609241,-0.4823250976049298
25Gbps,strongscale_native_np24_3x2x4_N968,24,3x2x4,6809.2578378,28850.053367,323.68866114667725,0.6093297017100664,0.7056380582274041,9.630835651733772
25Gbps,strongscale_native_np24_3x4x2_N968,24,3x4x2,6434.9408622,23357.612192,262.9809922451163,0.6318650175108076,0.7264533990034775,9.45883814926699
25Gbps,strongscale_native_np24_3x8x1_N968,24,3x8x1,6176.9492234,17533.542224,183.85440109460626,0.6651965625783317,0.8792209682688791,21.402440569054736
25Gbps,strongscale_native_np24_4x1x6_N968,24,4x1x6,5921.6326722,21630.52287,265.2797136767324,0.6035555787988659,0.5656948319448647,-3.7860746854001204
25Gbps,strongscale_native_np24_4x2x3_N968,24,4x2x3,5941.5485968,22679.178455,281.70483814967963,0.641951233421611,0.6653416589770702,2.3390425555459227
25Gbps,strongscale_native_np24_4x3x2_N968,24,4x3x2,5923.091202,21284.052309,259.3402766078158,0.6628185829511634,0.6853545555652427,2.253597261407936
25Gbps,strongscale_native_np24_4x6x1_N968,24,4x6x1,5404.427901,16157.344481,198.96493721398986,0.700840137881764,0.822331516385815,12.1491378504051
25Gbps,strongscale_native_np24_6x1x4_N968,24,6x1x4,5108.0809096,17380.542134,240.25581116648797,0.6990854464859197,0.5920440005193801,-10.704144596653965
25Gbps,strongscale_native_np24_6x2x2_N968,24,6x2x2,5325.6244786,16761.912525,214.7407894107917,0.6999314602834958,0.62597472567293,-7.395673461056584
25Gbps,strongscale_native_np24_6x4x1_N968,24,6x4x1,4642.7307084,12893.738338,177.71885012998092,0.7432267469864098,0.7172537613021284,-2.5972985684281413
25Gbps,strongscale_native_np24_8x1x3_N968,24,8x1x3,3913.1832334,12389.573943,216.6111373792027,0.5873641193955651,0.5006482764931381,-8.671584290242695
25Gbps,strongscale_native_np24_8x3x1_N968,24,8x3x1,3897.9403074,10846.689587,178.26720605259723,0.6647980067958698,0.6127273208823286,-5.207068591354114
45Gbps,strongscale_native_np01_1x1x1_N968,1,1x1x1,2524.9842214,2524.938566,-0.001808145952488378,NA,NA,NA
45Gbps,strongscale_native_np02_1x1x2_N968,2,1x1x2,3504.815098,6204.283801,77.0217151980552,0.819620771508514,0.9959860103983396,17.63652388898256
45Gbps,strongscale_native_np02_1x2x1_N968,2,1x2x1,3203.5107282,5473.361106,70.85508900653478,0.8278889857929547,0.9968067795847446,16.891779379178995
45Gbps,strongscale_native_np02_2x1x1_N968,2,2x1x1,2224.9454172,3937.996427,76.99294538001756,0.8701417738157364,0.9801518471040412,11.00100732883048
45Gbps,strongscale_native_np04_1x1x4_N968,4,1x1x4,3384.5486674,11822.544145,249.30932619982215,0.7544014997110704,0.976022348532489,22.162084882141862
45Gbps,strongscale_native_np04_1x2x2_N968,4,1x2x2,5004.178084,10806.206875,115.94369132367592,0.8160370181657715,0.98861306891291,17.257605074713855
45Gbps,strongscale_native_np04_1x4x1_N968,4,1x4x1,3022.0512926,8777.813684,190.4587921950217,0.7666156185428618,0.9782466978047836,21.163107926192183
45Gbps,strongscale_native_np04_2x1x2_N968,4,2x1x2,3437.7667418,7726.208572,124.7449915102323,0.8746834629762926,0.8928116252612018,1.812816228490921
45Gbps,strongscale_native_np04_2x2x1_N968,4,2x2x1,3163.598411,6697.741316,111.7127538284125,0.8759058056346467,0.9109960448419347,3.5090239207288043
45Gbps,strongscale_native_np04_4x1x1_N968,4,4x1x1,1655.6065474,4863.830013,193.77934151313082,0.7649051861304853,0.9466169960729528,18.17118099424675
45Gbps,strongscale_native_np08_1x1x8_N968,8,1x1x8,7061.799193,20616.574922,191.9450745984983,0.7124748742245604,0.9606810919425642,24.82062177180039
45Gbps,strongscale_native_np08_1x2x4_N968,8,1x2x4,6696.8197794,21609.862095,222.68842236838768,0.7822020713641381,0.9677387592542268,18.55366878900887
45Gbps,strongscale_native_np08_1x4x2_N968,8,1x4x2,6194.3564686,17785.437428,187.12324707427965,0.7919367139697097,0.970533285705166,17.859657173545628
45Gbps,strongscale_native_np08_1x8x1_N968,8,1x8x1,6073.0018636,14078.399658,131.81945229396814,0.7570110554607967,0.975381796394093,21.837074093329623
45Gbps,strongscale_native_np08_2x1x4_N968,8,2x1x4,4976.5509284,15952.806722,220.55949896867529,0.8009065622420529,0.838294562883422,3.7388000641369046
45Gbps,strongscale_native_np08_2x2x2_N968,8,2x2x2,5533.243351200001,13697.207143,147.54391364387527,0.8319020623360287,0.8283559298130392,-0.354613252298952
45Gbps,strongscale_native_np08_2x4x1_N968,8,2x4x1,4447.776634,11081.61067,149.14944211202493,0.8439758886562085,0.8796605405095625,3.568465185335401
45Gbps,strongscale_native_np08_4x1x2_N968,8,4x1x2,3235.4004966,9726.078623,200.6143639163339,0.7758808923679972,0.7541761440254822,-2.1704748342515012
45Gbps,strongscale_native_np08_4x2x1_N968,8,4x2x1,3174.692289,8654.283359,172.6022735805372,0.8352960863245045,0.825663553269605,-0.9632533054899417
45Gbps,strongscale_native_np08_8x1x1_N968,8,8x1x1,1883.9582504,4746.13413,151.92353009905108,0.6875349469834718,0.7531873132110882,6.565236622761638
45Gbps,strongscale_native_np12_12x1x1_N968,12,12x1x1,1813.9686582,5001.60848,175.72739238852634,0.7133779039055366,0.8015165658168671,8.813866191133057
45Gbps,strongscale_native_np12_1x12x1_N968,12,1x12x1,5995.264448,15584.515599,159.94709214535052,0.7564928847879829,0.9541610390102292,19.766815422224624
45Gbps,strongscale_native_np12_1x1x12_N968,12,1x1x12,7007.5173714,23698.392833,238.1852884121414,0.7062898927342394,0.8696376672585622,16.33477745243228
45Gbps,strongscale_native_np12_1x2x6_N968,12,1x2x6,9583.3099098,30321.274601,216.39668221511994,0.697903658419736,0.9500820722808656,25.21784138611296
45Gbps,strongscale_native_np12_1x3x4_N968,12,1x3x4,6423.0572502000005,29376.512717,357.36028144674066,0.7632659642058004,0.9633044778047576,20.00385135989572
45Gbps,strongscale_native_np12_1x4x3_N968,12,1x4x3,6235.285191,25815.758074,314.02690146815456,0.7691609826312605,0.9474754866471736,17.831450401591308
45Gbps,strongscale_native_np12_1x6x2_N968,12,1x6x2,8694.294584,22287.329215,156.34430717375383,0.7476265325017444,0.9518318924078312,20.42053599060868
45Gbps,strongscale_native_np12_2x1x6_N968,12,2x1x6,6915.034361,23683.856162,242.49802568696154,0.7035151534659327,0.8631072235886909,15.959207012275812
45Gbps,strongscale_native_np12_2x2x3_N968,12,2x2x3,7039.382895,20640.492737,193.21451958041274,0.7512024381639335,0.8234696663420368,7.226722817810327
45Gbps,strongscale_native_np12_2x3x2_N968,12,2x3x2,6803.1504754,18459.051082,171.33092452897242,0.7605146497321801,0.8270986046655076,6.658395493332748
45Gbps,strongscale_native_np12_2x6x1_N968,12,2x6x1,6103.6212178000005,14889.908691,143.95204354386433,0.7806069777209887,0.9023726356140416,12.176565789305283
45Gbps,strongscale_native_np12_3x1x4_N968,12,3x1x4,3978.4556142,17266.990128,334.0123857702532,0.6967912961715191,0.7325977593801967,3.580646320867753
45Gbps,strongscale_native_np12_3x2x2_N968,12,3x2x2,5075.7427086,15752.148434,210.34174382619142,0.7070997215262338,0.7668991944547949,5.979947292856114
45Gbps,strongscale_native_np12_3x4x1_N968,12,3x4x1,3704.228121,12848.623671,246.86372575594405,0.7422239682555959,0.8208784078698682,7.865443961427232
45Gbps,strongscale_native_np12_4x1x3_N968,12,4x1x3,3446.9049948,15006.797595,335.3702123394539,0.708133191607131,0.7624347284474816,5.430153684035066
45Gbps,strongscale_native_np12_4x3x1_N968,12,4x3x1,3333.2022414,11951.839467,258.5692856722678,0.7505425977320329,0.8050528419585861,5.4510244226553155
45Gbps,strongscale_native_np12_6x1x2_N968,12,6x1x2,3437.100073,9656.5465,180.95040280778,0.7312730934697715,0.7026185780710461,-2.8654515398725433
45Gbps,strongscale_native_np12_6x2x1_N968,12,6x2x1,3447.4056424,9727.490603,182.1684365588019,0.7658562912108718,0.7856869130456081,1.9830621834736273
45Gbps,strongscale_native_np16_16x1x1_N968,16,16x1x1,1416.3641596,4312.475063,204.47502033784164,0.5356698966040426,0.656281390712736,12.061149410869332
45Gbps,strongscale_native_np16_1x16x1_N968,16,1x16x1,6913.8599562,17452.561546,152.42862390276542,0.6749587500477159,0.9053404365045004,23.038168645678446
45Gbps,strongscale_native_np16_1x1x16_N968,16,1x1x16,7768.3077904,25826.441572,232.45904087266044,0.5938853904355775,0.8114714249260173,21.758603449043978
45Gbps,strongscale_native_np16_1x2x8_N968,16,1x2x8,9609.8306474,38042.440505,295.87004080339983,0.5905102856432178,0.9316389964657202,34.11287108225024
45Gbps,strongscale_native_np16_1x4x4_N968,16,1x4x4,9356.684668,33581.868194,258.90776899696624,0.595099687696909,0.9547514764152982,35.96517887183892
45Gbps,strongscale_native_np16_1x8x2_N968,16,1x8x2,8798.7587114,27134.230764,208.38703110296547,0.6409716922618856,0.9255775310990348,28.46058388371493
45Gbps,strongscale_native_np16_2x1x8_N968,16,2x1x8,6629.247173600001,30647.943265,362.3140827672095,0.5615008966016339,0.8776752216831332,31.617432508149925
45Gbps,strongscale_native_np16_2x2x4_N968,16,2x2x4,6587.0599618,26601.840325,303.8499797978262,0.6958465661731567,0.8037789473605088,10.793238118735216
45Gbps,strongscale_native_np16_2x4x2_N968,16,2x4x2,6320.0041488,22760.198322,260.1294838757591,0.7158125933525372,0.8825129032454524,16.67003098929152
45Gbps,strongscale_native_np16_2x8x1_N968,16,2x8x1,6137.7492564,18169.347447,196.02622537983805,0.6869682257143189,0.9296736244161068,24.270539870178787
45Gbps,strongscale_native_np16_4x1x4_N968,16,4x1x4,4963.9724264,16877.360286,239.9970595372524,0.6740856453153783,0.6667757294742254,-0.7309915841152925
45Gbps,strongscale_native_np16_4x2x2_N968,16,4x2x2,4602.7699454,15515.425883,237.08888488997997,0.7440036079476766,0.6914752436949783,-5.252836425269836
45Gbps,strongscale_native_np16_4x4x1_N968,16,4x4x1,4589.3929786,12350.254637,169.1043171632572,0.7425104530422989,0.7483419856787463,0.5831532636447423
45Gbps,strongscale_native_np16_8x1x2_N968,16,8x1x2,2787.0945782,8175.873687,193.3475509209399,0.5765784985383386,0.5334359066264882,-4.314259191185044
45Gbps,strongscale_native_np16_8x2x1_N968,16,8x2x1,2785.415622,7141.986989,156.40651013050146,0.6262658880025327,0.5943179279862402,-3.194796001629252
45Gbps,strongscale_native_np20_10x1x2_N968,20,10x1x2,2905.5355066,8245.26336,183.77775254408934,0.6122528638084821,0.5763426646582754,-3.5910199150206656
45Gbps,strongscale_native_np20_10x2x1_N968,20,10x2x1,3002.2782298,8443.920533,181.2504333937931,0.6915434852863367,0.7109140701415748,1.9370584855238127
45Gbps,strongscale_native_np20_1x10x2_N968,20,1x10x2,9164.1156558,27711.917862,202.3959856340424,0.628140201280712,0.9354575341430468,30.731733286233474
45Gbps,strongscale_native_np20_1x1x20_N968,20,1x1x20,7529.7680456,26562.183191,252.76230330257707,0.6286002551099155,0.7692073845630136,14.060712945309817
45Gbps,strongscale_native_np20_1x20x1_N968,20,1x20x1,6485.7971689999995,17572.726094,170.9416535255206,0.7000136271052044,0.8983783938153369,19.836476671013248
45Gbps,strongscale_native_np20_1x2x10_N968,20,1x2x10,10410.2867434,41383.015951,297.5204235102972,0.5635719628164485,0.8648462069531295,30.127424413668102
45Gbps,strongscale_native_np20_1x4x5_N968,20,1x4x5,8308.906310999999,34424.732793,314.31124030638995,0.6424425005170784,0.8044838957431529,16.204139522607452
45Gbps,strongscale_native_np20_1x5x4_N968,20,1x5x4,8290.6683412,35616.747065,329.60043266963925,0.6554063924644495,0.8783249844965533,22.29185920321037
45Gbps,strongscale_native_np20_20x1x1_N968,20,20x1x1,1442.3136346,4593.990462,218.5153597521153,0.5353611471890188,0.6584622158122267,12.31010686232079
45Gbps,strongscale_native_np20_2x10x1_N968,20,2x10x1,6521.7475108,19000.494049,191.3405343818543,0.6582417460841679,0.9532289508972768,29.49872048131089
45Gbps,strongscale_native_np20_2x1x10_N968,20,2x1x10,7339.280977,38036.337828,418.25700565490155,0.5314580978230844,0.912812554484294,38.13544566612096
45Gbps,strongscale_native_np20_2x2x5_N968,20,2x2x5,7759.3631634,34107.245679,339.5624352250949,0.5471098164032534,0.8382011962570911,29.10913798538377
45Gbps,strongscale_native_np20_2x5x2_N968,20,2x5x2,7470.1290054,25440.193557,240.55895873564992,0.6245245316284497,0.8726042661599833,24.807973453153366
45Gbps,strongscale_native_np20_4x1x5_N968,20,4x1x5,5021.1045654,21254.072829,323.29476616479946,0.6601398892447509,0.6707759847236777,1.0636095478926855
45Gbps,strongscale_native_np20_4x5x1_N968,20,4x5x1,4684.0039138,15379.732451,228.34584970538288,0.7285682158347375,0.807273874062374,7.870565822763654
45Gbps,strongscale_native_np20_5x1x4_N968,20,5x1x4,4655.7529036,18300.538255,293.07365820143394,0.7114467639971586,0.6506617102390513,-6.078505375810728
45Gbps,strongscale_native_np20_5x2x2_N968,20,5x2x2,5033.5321156,15948.291207,216.84095463646312,0.6923473047452684,0.6530170999941929,-3.9330204751075515
45Gbps,strongscale_native_np20_5x4x1_N968,20,5x4x1,4342.9942666,13085.083231,201.2917454584604,0.7627771926050888,0.7236805789499547,-3.909661365513406
45Gbps,strongscale_native_np24_12x1x2_N968,24,12x1x2,2809.4386852,9160.809091,226.07257596539625,0.5955345399763721,0.5851908422501826,-1.0343697726189482
45Gbps,strongscale_native_np24_12x2x1_N968,24,12x2x1,2760.4116198,7820.631188,183.31394969879992,0.6570880458632287,0.6689766438174416,1.1888597954212932
45Gbps,strongscale_native_np24_1x12x2_N968,24,1x12x2,8696.1093064,29881.471792,243.6188614833578,0.6682492438613598,0.9194729858221176,25.122374196075782
45Gbps,strongscale_native_np24_1x1x24_N968,24,1x1x24,8083.2511386,28100.77856,247.6420326198969,0.6006369128631046,0.7383926960571027,13.775578319399806
45Gbps,strongscale_native_np24_1x24x1_N968,24,1x24x1,6819.1854168,17644.995259,158.75517646915907,0.7009157200910177,0.9076902705058096,20.6774550414792
45Gbps,strongscale_native_np24_1x2x12_N968,24,1x2x12,10083.158534,38081.517083,277.67448517833645,0.6426564091500161,0.7211775842893183,7.8521175139302235
45Gbps,strongscale_native_np24_1x3x8_N968,24,1x3x8,10956.3931286,45274.999284,313.22905040543395,0.5001787898421401,0.828948850885574,32.87700610434339
45Gbps,strongscale_native_np24_1x4x6_N968,24,1x4x6,9792.2080746,41816.351404,327.0369980440612,0.5691221575009255,0.8363564889960802,26.723433149515465
45Gbps,strongscale_native_np24_1x6x4_N968,24,1x6x4,9638.903814,36045.412935,273.95759549593123,0.5863839908536839,0.8096945293015559,22.331053844787206
45Gbps,strongscale_native_np24_1x8x3_N968,24,1x8x3,9942.8406978,31027.646273,212.0601769257484,0.5091138771874755,0.7391549352110784,23.004105802360296
45Gbps,strongscale_native_np24_24x1x1_N968,24,24x1x1,1548.2748158,3933.216639,154.03866283051894,0.5536068912101205,0.5274328950361398,-2.617399617398075
45Gbps,strongscale_native_np24_2x12x1_N968,24,2x12x1,6434.3692432,19091.303235,196.70823220436347,0.6934627354512664,0.927805375166854,23.434263971558767
45Gbps,strongscale_native_np24_2x1x12_N968,24,2x1x12,7569.7091812,40694.384717,437.5950877752064,0.5904565946877488,0.8453074496607057,25.48508549729569
45Gbps,strongscale_native_np24_2x2x6_N968,24,2x2x6,8474.475686400001,39515.331782,366.2864493837058,0.5135406367034558,0.8226242832621926,30.908364655873676
45Gbps,strongscale_native_np24_2x3x4_N968,24,2x3x4,8112.5509514,36160.119116,345.7305640682574,0.617346032911811,0.8266705866442923,20.932455373248125
45Gbps,strongscale_native_np24_2x4x3_N968,24,2x4x3,7962.6975242,32193.562064,304.30472168706973,0.6268037250744312,0.8215876714827741,19.478394640834296
45Gbps,strongscale_native_np24_2x6x2_N968,24,2x6x2,8492.8318406,29739.306211,250.16949315811462,0.6208639239254391,0.8841190238247572,26.325509989931806
45Gbps,strongscale_native_np24_3x1x8_N968,24,3x1x8,7111.4677982,32642.858905,359.01717945291557,0.5394764535369734,0.759951347760133,22.04748942231596
45Gbps,strongscale_native_np24_3x2x4_N968,24,3x2x4,6809.2578378,29444.111355,332.41293040113584,0.6093297017100664,0.7193549289623532,11.00252272522868
45Gbps,strongscale_native_np24_3x4x2_N968,24,3x4x2,6434.9408622,25407.379709,294.83470404906933,0.6318650175108076,0.7892301694100923,15.736515189928468
45Gbps,strongscale_native_np24_3x8x1_N968,24,3x8x1,6176.9492234,17550.141447,184.12312959470657,0.6651965625783317,0.8798473803660385,21.465081778770678
45Gbps,strongscale_native_np24_4x1x6_N968,24,4x1x6,5921.6326722,27243.571735,360.0685865386259,0.6035555787988659,0.7118549632345903,10.82993844357244
45Gbps,strongscale_native_np24_4x2x3_N968,24,4x2x3,5941.5485968,24496.294905,312.2880509332738,0.641951233421611,0.7167543828303411,7.480314940873011
45Gbps,strongscale_native_np24_4x3x2_N968,24,4x3x2,5923.091202,23089.527679,289.82225482537825,0.6628185829511634,0.7419963022105278,7.917771925936446
45Gbps,strongscale_native_np24_4x6x1_N968,24,4x6x1,5404.427901,16381.636347,203.11508724112775,0.700840137881764,0.8314731360512178,13.063299816945372
45Gbps,strongscale_native_np24_6x1x4_N968,24,6x1x4,5108.0809096,19112.674939,274.16546991415333,0.6990854464859197,0.6465240644180603,-5.256138206785943
45Gbps,strongscale_native_np24_6x2x2_N968,24,6x2x2,5325.6244786,16876.559426,216.89353039845778,0.6999314602834958,0.6265809720756511,-7.335048820784474
45Gbps,strongscale_native_np24_6x4x1_N968,24,6x4x1,4642.7307084,12942.458993,178.76824666103218,0.7432267469864098,0.7173701229724229,-2.5856624013986917
45Gbps,strongscale_native_np24_8x1x3_N968,24,8x1x3,3913.1832334,12840.532108,228.13521223342772,0.5873641193955651,0.5246203879134343,-6.2743731482130745
45Gbps,strongscale_native_np24_8x3x1_N968,24,8x3x1,3897.9403074,10876.570939,179.03379942354422,0.6647980067958698,0.6133426640258413,-5.1455342770028505
