plataforma,nodes,band,N,real_thr,sim_thr,err_thr_pct,real_me,sim_me,err_me_pp,real_loop_s,sim_loop_s
SHARED,1,1gbit,1344,3266.4854394,8245.885542,152.43907236012768,0.8471776487628822,0.9152175032793278,6.803985451644568,67.84,28.92
SHARED,1,10gbit,1344,3325.8359212,8245.885542,147.93422578179351,0.837337608797209,0.9152175032793278,7.787989448211885,66.42,28.92
SHARED,1,25gbit,1344,3298.5301244,8245.885542,149.9866677282482,0.8507877497877863,0.9152175032793278,6.442975349154157,66.81,28.92
SHARED,2,1gbit,1728,4886.9081074000005,2981.196879,-38.99625666204522,0.4491497241098588,0.13872795423766615,-31.042176987219268,99.77,170.69
SHARED,2,10gbit,1728,7783.1768286,19084.494699,145.2018644735433,0.7829101188277466,0.8833568924631672,10.044677363542053,60.08,26.81
SHARED,2,25gbit,1728,7397.9682464,19084.494699,157.96940542813087,0.7443982788562882,0.8833568974582116,13.895861860192337,60.6,26.81
SHARED,3,1gbit,1920,2863.0483002,1659.08196,-42.05190461215398,0.28903688427051977,0.05984598467426205,-22.919089959625772,239.93,421.32
SHARED,3,10gbit,1920,5915.6981484,16566.710361,180.04658022452935,0.622254642090937,0.5969846928092635,-2.5269949281673476,113.84,42.24
SHARED,3,25gbit,1920,5960.8054044,22302.734596,274.156394696883,0.6307933447004873,0.7964265324301542,16.563318772966685,112.56,31.66
SHARED,4,1gbit,2176,3445.934143,1883.397776,-45.34434792301833,0.26165482536161205,0.0523788830792149,-20.927594228239716,290.13,541.09
SHARED,4,10gbit,2176,8107.011853,18810.027876,132.0217142526978,0.6371282396717413,0.5221406417525136,-11.498759791922764,119.78,54.28
SHARED,4,25gbit,2176,8054.0299698,28192.756787,250.0453424275014,0.6432341575025263,0.7720895534004548,12.885539589792849,121.78,36.71
SPLITDUPLEX,1,1gbit,1344,3266.4854394,8245.885542,152.43907236012768,0.8471776487628822,0.9152175032793278,6.803985451644568,67.84,28.92
SPLITDUPLEX,1,10gbit,1344,3325.8359212,8245.885542,147.93422578179351,0.837337608797209,0.9152175032793278,7.787989448211885,66.42,28.92
SPLITDUPLEX,1,25gbit,1344,3298.5301244,8245.885542,149.9866677282482,0.8507877497877863,0.9152175032793278,6.442975349154157,66.81,28.92
SPLITDUPLEX,2,1gbit,1728,4886.9081074000005,5930.696042,21.35886150630586,0.4491497241098588,0.27597854024525725,-17.317118386460155,99.77,85.8
SPLITDUPLEX,2,10gbit,1728,7783.1768286,19084.494699,145.2018644735433,0.7829101188277466,0.8833568928259747,10.04467739982281,60.08,26.81
SPLITDUPLEX,2,25gbit,1728,7397.9682464,19084.494699,157.96940542813087,0.7443982788562882,0.8833568975996665,13.895861874337834,60.6,26.81
SPLITDUPLEX,3,1gbit,1920,2863.0483002,3268.28303,14.153960649971992,0.28903688427051977,0.11788741976705186,-17.114946450346793,239.93,213.89
SPLITDUPLEX,3,10gbit,1920,5915.6981484,22234.933815,275.86322454626617,0.622254642090937,0.7964265289782156,17.41718868872787,113.84,31.66
SPLITDUPLEX,3,25gbit,1920,5960.8054044,22331.787437,274.6437926075505,0.6307933447004873,0.7964265325138176,16.563318781333024,112.56,31.66
SPLITDUPLEX,4,1gbit,2176,3445.934143,3729.640669,8.233080326747265,0.26165482536161205,0.10371483193699582,-15.793999342461623,290.13,273.27
SPLITDUPLEX,4,10gbit,2176,8107.011853,27997.636872,245.3508811836691,0.6371282396717413,0.7720895504625923,13.496131079085105,119.78,36.71
SPLITDUPLEX,4,25gbit,2176,8054.0299698,28220.999184,250.39600410998708,0.6432341575025263,0.7720895534743727,12.885539597184636,121.78,36.71
