experiment_id,rep,status,timestamp,result_dir
1gbit_1n_4g_N64,1,done,2026-07-10T16:52:41+02:00,/home/aandrade/ic/io-research/distributed-cube-average/g5k/results/1gbit_1n_4g_N64/rep1
1gbit_1n_4g_N64,2,done,2026-07-10T16:52:53+02:00,/home/aandrade/ic/io-research/distributed-cube-average/g5k/results/1gbit_1n_4g_N64/rep2
1gbit_1n_4g_N64,3,done,2026-07-10T16:53:04+02:00,/home/aandrade/ic/io-research/distributed-cube-average/g5k/results/1gbit_1n_4g_N64/rep3
1gbit_1n_4g_N64,4,done,2026-07-10T16:53:15+02:00,/home/aandrade/ic/io-research/distributed-cube-average/g5k/results/1gbit_1n_4g_N64/rep4
1gbit_1n_4g_N64,5,done,2026-07-10T16:53:26+02:00,/home/aandrade/ic/io-research/distributed-cube-average/g5k/results/1gbit_1n_4g_N64/rep5
1gbit_2n_8g_N1536,1,failed,2026-07-10T17:31:48+02:00,/home/aandrade/ic/io-research/distributed-cube-average/g5k/results/1gbit_2n_8g_N1536/rep1
full_1x2x2_N64,1,failed,2026-07-15T20:44:46+02:00,/home/aandrade/ic/io-research/distributed-cube-average/g5k/results/full_1x2x2_N64/rep1,full
full_1x2x2_N64,1,done,2026-07-15T20:49:00+02:00,/home/aandrade/ic/io-research/distributed-cube-average/g5k/results/full_1x2x2_N64/rep1,full
bench_1gbit_2n_8g_N1536,1,done,2026-07-17T16:12:49+02:00,/home/aandrade/ic/io-research/distributed-cube-average/g5k/results/bench_1gbit_2n_8g_N1536/rep1,bench
bench_1gbit_2n_8g_N1536,2,done,2026-07-17T16:14:57+02:00,/home/aandrade/ic/io-research/distributed-cube-average/g5k/results/bench_1gbit_2n_8g_N1536/rep2,bench
bench_1gbit_2n_8g_N1536,3,done,2026-07-17T16:17:01+02:00,/home/aandrade/ic/io-research/distributed-cube-average/g5k/results/bench_1gbit_2n_8g_N1536/rep3,bench
bench_1gbit_2n_8g_N1536,4,failed,2026-07-17T16:18:57+02:00,/home/aandrade/ic/io-research/distributed-cube-average/g5k/results/bench_1gbit_2n_8g_N1536/rep4,bench
bench_1gbit_2n_8g_N1536,5,failed,2026-07-17T16:23:59+02:00,/home/aandrade/ic/io-research/distributed-cube-average/g5k/results/bench_1gbit_2n_8g_N1536/rep5,bench
bench_1gbit_2n_8g_N1536,4,failed,2026-07-17T16:27:42+02:00,/home/aandrade/ic/io-research/distributed-cube-average/g5k/results/bench_1gbit_2n_8g_N1536/rep4,bench
bench_1gbit_2n_8g_N1536,5,failed,2026-07-17T16:29:58+02:00,/home/aandrade/ic/io-research/distributed-cube-average/g5k/results/bench_1gbit_2n_8g_N1536/rep5,bench
bench_1gbit_2n_8g_N1536,4,failed,2026-07-17T16:33:22+02:00,/home/aandrade/ic/io-research/distributed-cube-average/g5k/results/bench_1gbit_2n_8g_N1536/rep4,bench
bench_1gbit_2n_8g_N1536,5,failed,2026-07-17T16:35:37+02:00,/home/aandrade/ic/io-research/distributed-cube-average/g5k/results/bench_1gbit_2n_8g_N1536/rep5,bench
bench_10gbit_2n_8g_N1536,1,done,2026-07-17T17:20:41+02:00,/home/aandrade/ic/io-research/distributed-cube-average/g5k/results/bench_10gbit_2n_8g_N1536/rep1,bench
bench_10gbit_2n_8g_N1536,2,done,2026-07-17T17:22:07+02:00,/home/aandrade/ic/io-research/distributed-cube-average/g5k/results/bench_10gbit_2n_8g_N1536/rep2,bench
bench_10gbit_2n_8g_N1536,3,done,2026-07-17T17:23:32+02:00,/home/aandrade/ic/io-research/distributed-cube-average/g5k/results/bench_10gbit_2n_8g_N1536/rep3,bench
bench_10gbit_2n_8g_N1536,4,done,2026-07-17T17:24:57+02:00,/home/aandrade/ic/io-research/distributed-cube-average/g5k/results/bench_10gbit_2n_8g_N1536/rep4,bench
bench_10gbit_2n_8g_N1536,5,done,2026-07-17T17:26:24+02:00,/home/aandrade/ic/io-research/distributed-cube-average/g5k/results/bench_10gbit_2n_8g_N1536/rep5,bench
bench_1gbit_1n_4g_N64,1,done,2026-07-17T17:46:46+02:00,/home/aandrade/ic/io-research/distributed-cube-average/g5k/results/bench_1gbit_1n_4g_N64/rep1,bench
bench_1gbit_1n_4g_N64,2,done,2026-07-17T17:46:55+02:00,/home/aandrade/ic/io-research/distributed-cube-average/g5k/results/bench_1gbit_1n_4g_N64/rep2,bench
bench_1gbit_1n_4g_N64,3,done,2026-07-17T17:47:03+02:00,/home/aandrade/ic/io-research/distributed-cube-average/g5k/results/bench_1gbit_1n_4g_N64/rep3,bench
bench_1gbit_1n_4g_N64,4,done,2026-07-17T17:47:11+02:00,/home/aandrade/ic/io-research/distributed-cube-average/g5k/results/bench_1gbit_1n_4g_N64/rep4,bench
bench_1gbit_1n_4g_N64,5,done,2026-07-17T17:47:19+02:00,/home/aandrade/ic/io-research/distributed-cube-average/g5k/results/bench_1gbit_1n_4g_N64/rep5,bench
bench_1gbit_1n_4g_N128,1,done,2026-07-17T17:47:28+02:00,/home/aandrade/ic/io-research/distributed-cube-average/g5k/results/bench_1gbit_1n_4g_N128/rep1,bench
bench_1gbit_1n_4g_N128,2,done,2026-07-17T17:47:36+02:00,/home/aandrade/ic/io-research/distributed-cube-average/g5k/results/bench_1gbit_1n_4g_N128/rep2,bench
bench_1gbit_1n_4g_N128,3,done,2026-07-17T17:47:45+02:00,/home/aandrade/ic/io-research/distributed-cube-average/g5k/results/bench_1gbit_1n_4g_N128/rep3,bench
bench_1gbit_1n_4g_N128,4,done,2026-07-17T17:47:53+02:00,/home/aandrade/ic/io-research/distributed-cube-average/g5k/results/bench_1gbit_1n_4g_N128/rep4,bench
bench_1gbit_1n_4g_N128,5,done,2026-07-17T17:48:02+02:00,/home/aandrade/ic/io-research/distributed-cube-average/g5k/results/bench_1gbit_1n_4g_N128/rep5,bench
bench_1gbit_1n_4g_N256,1,done,2026-07-17T17:48:12+02:00,/home/aandrade/ic/io-research/distributed-cube-average/g5k/results/bench_1gbit_1n_4g_N256/rep1,bench
bench_1gbit_1n_4g_N256,2,done,2026-07-17T17:48:21+02:00,/home/aandrade/ic/io-research/distributed-cube-average/g5k/results/bench_1gbit_1n_4g_N256/rep2,bench
bench_1gbit_1n_4g_N256,3,done,2026-07-17T17:48:31+02:00,/home/aandrade/ic/io-research/distributed-cube-average/g5k/results/bench_1gbit_1n_4g_N256/rep3,bench
bench_1gbit_1n_4g_N256,4,done,2026-07-17T17:48:41+02:00,/home/aandrade/ic/io-research/distributed-cube-average/g5k/results/bench_1gbit_1n_4g_N256/rep4,bench
bench_1gbit_1n_4g_N256,5,done,2026-07-17T17:48:51+02:00,/home/aandrade/ic/io-research/distributed-cube-average/g5k/results/bench_1gbit_1n_4g_N256/rep5,bench
bench_1gbit_1n_4g_N512,1,done,2026-07-17T17:49:06+02:00,/home/aandrade/ic/io-research/distributed-cube-average/g5k/results/bench_1gbit_1n_4g_N512/rep1,bench
bench_1gbit_1n_4g_N512,2,done,2026-07-17T17:49:23+02:00,/home/aandrade/ic/io-research/distributed-cube-average/g5k/results/bench_1gbit_1n_4g_N512/rep2,bench
bench_1gbit_1n_4g_N512,3,done,2026-07-17T17:49:38+02:00,/home/aandrade/ic/io-research/distributed-cube-average/g5k/results/bench_1gbit_1n_4g_N512/rep3,bench
bench_1gbit_1n_4g_N512,4,done,2026-07-17T17:49:54+02:00,/home/aandrade/ic/io-research/distributed-cube-average/g5k/results/bench_1gbit_1n_4g_N512/rep4,bench
bench_1gbit_1n_4g_N512,5,done,2026-07-17T17:50:09+02:00,/home/aandrade/ic/io-research/distributed-cube-average/g5k/results/bench_1gbit_1n_4g_N512/rep5,bench
bench_1gbit_1n_4g_N1024,1,done,2026-07-17T17:51:01+02:00,/home/aandrade/ic/io-research/distributed-cube-average/g5k/results/bench_1gbit_1n_4g_N1024/rep1,bench
bench_1gbit_1n_4g_N1024,2,done,2026-07-17T17:51:53+02:00,/home/aandrade/ic/io-research/distributed-cube-average/g5k/results/bench_1gbit_1n_4g_N1024/rep2,bench
bench_1gbit_1n_4g_N1024,3,done,2026-07-17T17:52:49+02:00,/home/aandrade/ic/io-research/distributed-cube-average/g5k/results/bench_1gbit_1n_4g_N1024/rep3,bench
bench_1gbit_1n_4g_N1024,4,done,2026-07-17T17:53:40+02:00,/home/aandrade/ic/io-research/distributed-cube-average/g5k/results/bench_1gbit_1n_4g_N1024/rep4,bench
bench_1gbit_1n_4g_N1024,5,done,2026-07-17T17:54:32+02:00,/home/aandrade/ic/io-research/distributed-cube-average/g5k/results/bench_1gbit_1n_4g_N1024/rep5,bench
bench_1gbit_1n_4g_N1088,1,done,2026-07-17T17:55:38+02:00,/home/aandrade/ic/io-research/distributed-cube-average/g5k/results/bench_1gbit_1n_4g_N1088/rep1,bench
bench_1gbit_1n_4g_N1088,2,done,2026-07-17T17:56:44+02:00,/home/aandrade/ic/io-research/distributed-cube-average/g5k/results/bench_1gbit_1n_4g_N1088/rep2,bench
bench_1gbit_1n_4g_N1088,3,done,2026-07-17T17:57:50+02:00,/home/aandrade/ic/io-research/distributed-cube-average/g5k/results/bench_1gbit_1n_4g_N1088/rep3,bench
bench_1gbit_1n_4g_N1088,4,done,2026-07-17T17:58:55+02:00,/home/aandrade/ic/io-research/distributed-cube-average/g5k/results/bench_1gbit_1n_4g_N1088/rep4,bench
bench_1gbit_1n_4g_N1088,5,done,2026-07-17T18:00:00+02:00,/home/aandrade/ic/io-research/distributed-cube-average/g5k/results/bench_1gbit_1n_4g_N1088/rep5,bench
bench_1gbit_1n_4g_N1152,1,done,2026-07-17T18:01:09+02:00,/home/aandrade/ic/io-research/distributed-cube-average/g5k/results/bench_1gbit_1n_4g_N1152/rep1,bench
bench_1gbit_1n_4g_N1152,2,done,2026-07-17T18:02:17+02:00,/home/aandrade/ic/io-research/distributed-cube-average/g5k/results/bench_1gbit_1n_4g_N1152/rep2,bench
bench_1gbit_1n_4g_N1152,3,done,2026-07-17T18:03:24+02:00,/home/aandrade/ic/io-research/distributed-cube-average/g5k/results/bench_1gbit_1n_4g_N1152/rep3,bench
bench_1gbit_1n_4g_N1152,4,done,2026-07-17T18:04:33+02:00,/home/aandrade/ic/io-research/distributed-cube-average/g5k/results/bench_1gbit_1n_4g_N1152/rep4,bench
bench_1gbit_1n_4g_N1152,5,done,2026-07-17T18:05:41+02:00,/home/aandrade/ic/io-research/distributed-cube-average/g5k/results/bench_1gbit_1n_4g_N1152/rep5,bench
bench_1gbit_1n_4g_N1216,1,done,2026-07-17T18:07:10+02:00,/home/aandrade/ic/io-research/distributed-cube-average/g5k/results/bench_1gbit_1n_4g_N1216/rep1,bench
bench_1gbit_1n_4g_N1216,2,done,2026-07-17T18:08:38+02:00,/home/aandrade/ic/io-research/distributed-cube-average/g5k/results/bench_1gbit_1n_4g_N1216/rep2,bench
bench_1gbit_1n_4g_N1216,3,done,2026-07-17T18:10:18+02:00,/home/aandrade/ic/io-research/distributed-cube-average/g5k/results/bench_1gbit_1n_4g_N1216/rep3,bench
bench_1gbit_1n_4g_N1216,4,done,2026-07-17T18:11:49+02:00,/home/aandrade/ic/io-research/distributed-cube-average/g5k/results/bench_1gbit_1n_4g_N1216/rep4,bench
bench_1gbit_1n_4g_N1216,5,done,2026-07-17T18:13:18+02:00,/home/aandrade/ic/io-research/distributed-cube-average/g5k/results/bench_1gbit_1n_4g_N1216/rep5,bench
bench_1gbit_1n_4g_N1280,1,done,2026-07-17T18:14:46+02:00,/home/aandrade/ic/io-research/distributed-cube-average/g5k/results/bench_1gbit_1n_4g_N1280/rep1,bench
bench_1gbit_1n_4g_N1280,2,done,2026-07-17T18:16:13+02:00,/home/aandrade/ic/io-research/distributed-cube-average/g5k/results/bench_1gbit_1n_4g_N1280/rep2,bench
bench_1gbit_1n_4g_N1280,3,done,2026-07-17T18:17:40+02:00,/home/aandrade/ic/io-research/distributed-cube-average/g5k/results/bench_1gbit_1n_4g_N1280/rep3,bench
bench_1gbit_1n_4g_N1280,4,done,2026-07-17T18:19:06+02:00,/home/aandrade/ic/io-research/distributed-cube-average/g5k/results/bench_1gbit_1n_4g_N1280/rep4,bench
bench_1gbit_1n_4g_N1280,5,done,2026-07-17T18:20:36+02:00,/home/aandrade/ic/io-research/distributed-cube-average/g5k/results/bench_1gbit_1n_4g_N1280/rep5,bench
bench_1gbit_1n_4g_N1344,1,failed,2026-07-20T14:52:01+02:00,/home/aandrade/ic/io-research/distributed-cube-average/g5k/results/bench_1gbit_1n_4g_N1344/rep1,bench
full_2x2x2_N1536,1,done,2026-07-20T16:42:37+02:00,/home/aandrade/ic/io-research/distributed-cube-average/g5k/results/full_2x2x2_N1536/rep1,full
bench_1gbit_1n_4g_N1344,1,done,2026-07-23T15:15:51+02:00,/home/aandrade/ic/io-research/distributed-cube-average/g5k/results/bench_1gbit_1n_4g_N1344/rep1,bench
bench_1gbit_1n_4g_N1344,2,done,2026-07-23T15:17:54+02:00,/home/aandrade/ic/io-research/distributed-cube-average/g5k/results/bench_1gbit_1n_4g_N1344/rep2,bench
bench_1gbit_1n_4g_N1344,3,done,2026-07-23T15:19:57+02:00,/home/aandrade/ic/io-research/distributed-cube-average/g5k/results/bench_1gbit_1n_4g_N1344/rep3,bench
bench_1gbit_1n_4g_N1344,4,done,2026-07-23T15:22:01+02:00,/home/aandrade/ic/io-research/distributed-cube-average/g5k/results/bench_1gbit_1n_4g_N1344/rep4,bench
bench_1gbit_1n_4g_N1344,5,done,2026-07-23T15:24:01+02:00,/home/aandrade/ic/io-research/distributed-cube-average/g5k/results/bench_1gbit_1n_4g_N1344/rep5,bench
bench_1gbit_2n_8g_N1536,4,failed,2026-07-23T15:26:53+02:00,/home/aandrade/ic/io-research/distributed-cube-average/g5k/results/bench_1gbit_2n_8g_N1536/rep4,bench
bench_1gbit_2n_8g_N1536,5,failed,2026-07-23T15:29:05+02:00,/home/aandrade/ic/io-research/distributed-cube-average/g5k/results/bench_1gbit_2n_8g_N1536/rep5,bench
bench_25gbit_1n_4g_N64,1,done,2026-07-23T15:30:51+02:00,/home/aandrade/ic/io-research/distributed-cube-average/g5k/results/bench_25gbit_1n_4g_N64/rep1,bench
bench_25gbit_1n_4g_N64,2,done,2026-07-23T15:31:06+02:00,/home/aandrade/ic/io-research/distributed-cube-average/g5k/results/bench_25gbit_1n_4g_N64/rep2,bench
bench_25gbit_1n_4g_N64,3,done,2026-07-23T15:31:21+02:00,/home/aandrade/ic/io-research/distributed-cube-average/g5k/results/bench_25gbit_1n_4g_N64/rep3,bench
bench_25gbit_1n_4g_N64,4,done,2026-07-23T15:31:37+02:00,/home/aandrade/ic/io-research/distributed-cube-average/g5k/results/bench_25gbit_1n_4g_N64/rep4,bench
bench_25gbit_1n_4g_N64,5,done,2026-07-23T15:31:52+02:00,/home/aandrade/ic/io-research/distributed-cube-average/g5k/results/bench_25gbit_1n_4g_N64/rep5,bench
bench_25gbit_1n_4g_N128,1,done,2026-07-23T15:32:07+02:00,/home/aandrade/ic/io-research/distributed-cube-average/g5k/results/bench_25gbit_1n_4g_N128/rep1,bench
bench_25gbit_1n_4g_N128,2,done,2026-07-23T15:32:23+02:00,/home/aandrade/ic/io-research/distributed-cube-average/g5k/results/bench_25gbit_1n_4g_N128/rep2,bench
bench_25gbit_1n_4g_N128,3,done,2026-07-23T15:32:39+02:00,/home/aandrade/ic/io-research/distributed-cube-average/g5k/results/bench_25gbit_1n_4g_N128/rep3,bench
bench_25gbit_1n_4g_N128,4,done,2026-07-23T15:32:54+02:00,/home/aandrade/ic/io-research/distributed-cube-average/g5k/results/bench_25gbit_1n_4g_N128/rep4,bench
bench_25gbit_1n_4g_N128,5,done,2026-07-23T15:33:10+02:00,/home/aandrade/ic/io-research/distributed-cube-average/g5k/results/bench_25gbit_1n_4g_N128/rep5,bench
bench_25gbit_1n_4g_N256,1,done,2026-07-23T15:33:27+02:00,/home/aandrade/ic/io-research/distributed-cube-average/g5k/results/bench_25gbit_1n_4g_N256/rep1,bench
bench_25gbit_1n_4g_N256,2,done,2026-07-23T15:33:43+02:00,/home/aandrade/ic/io-research/distributed-cube-average/g5k/results/bench_25gbit_1n_4g_N256/rep2,bench
bench_25gbit_1n_4g_N256,3,done,2026-07-23T15:34:00+02:00,/home/aandrade/ic/io-research/distributed-cube-average/g5k/results/bench_25gbit_1n_4g_N256/rep3,bench
bench_25gbit_1n_4g_N256,4,done,2026-07-23T15:34:17+02:00,/home/aandrade/ic/io-research/distributed-cube-average/g5k/results/bench_25gbit_1n_4g_N256/rep4,bench
bench_25gbit_1n_4g_N256,5,done,2026-07-23T15:34:34+02:00,/home/aandrade/ic/io-research/distributed-cube-average/g5k/results/bench_25gbit_1n_4g_N256/rep5,bench
bench_25gbit_1n_4g_N512,1,done,2026-07-23T15:34:57+02:00,/home/aandrade/ic/io-research/distributed-cube-average/g5k/results/bench_25gbit_1n_4g_N512/rep1,bench
bench_25gbit_1n_4g_N512,2,done,2026-07-23T15:35:20+02:00,/home/aandrade/ic/io-research/distributed-cube-average/g5k/results/bench_25gbit_1n_4g_N512/rep2,bench
bench_25gbit_1n_4g_N512,3,done,2026-07-23T15:35:42+02:00,/home/aandrade/ic/io-research/distributed-cube-average/g5k/results/bench_25gbit_1n_4g_N512/rep3,bench
bench_25gbit_1n_4g_N512,4,done,2026-07-23T15:36:05+02:00,/home/aandrade/ic/io-research/distributed-cube-average/g5k/results/bench_25gbit_1n_4g_N512/rep4,bench
bench_25gbit_1n_4g_N512,5,done,2026-07-23T15:36:27+02:00,/home/aandrade/ic/io-research/distributed-cube-average/g5k/results/bench_25gbit_1n_4g_N512/rep5,bench
bench_25gbit_1n_4g_N1024,1,done,2026-07-23T15:37:26+02:00,/home/aandrade/ic/io-research/distributed-cube-average/g5k/results/bench_25gbit_1n_4g_N1024/rep1,bench
bench_25gbit_1n_4g_N1024,2,done,2026-07-23T15:38:25+02:00,/home/aandrade/ic/io-research/distributed-cube-average/g5k/results/bench_25gbit_1n_4g_N1024/rep2,bench
bench_25gbit_1n_4g_N1024,3,done,2026-07-23T15:39:23+02:00,/home/aandrade/ic/io-research/distributed-cube-average/g5k/results/bench_25gbit_1n_4g_N1024/rep3,bench
bench_25gbit_1n_4g_N1024,4,done,2026-07-23T15:40:22+02:00,/home/aandrade/ic/io-research/distributed-cube-average/g5k/results/bench_25gbit_1n_4g_N1024/rep4,bench
bench_25gbit_1n_4g_N1024,5,done,2026-07-23T15:41:21+02:00,/home/aandrade/ic/io-research/distributed-cube-average/g5k/results/bench_25gbit_1n_4g_N1024/rep5,bench
bench_25gbit_1n_4g_N1088,1,done,2026-07-23T15:42:36+02:00,/home/aandrade/ic/io-research/distributed-cube-average/g5k/results/bench_25gbit_1n_4g_N1088/rep1,bench
bench_25gbit_1n_4g_N1088,2,done,2026-07-23T15:43:52+02:00,/home/aandrade/ic/io-research/distributed-cube-average/g5k/results/bench_25gbit_1n_4g_N1088/rep2,bench
bench_25gbit_1n_4g_N1088,3,done,2026-07-23T15:45:06+02:00,/home/aandrade/ic/io-research/distributed-cube-average/g5k/results/bench_25gbit_1n_4g_N1088/rep3,bench
bench_25gbit_1n_4g_N1088,4,done,2026-07-23T15:46:22+02:00,/home/aandrade/ic/io-research/distributed-cube-average/g5k/results/bench_25gbit_1n_4g_N1088/rep4,bench
bench_25gbit_1n_4g_N1088,5,done,2026-07-23T15:47:37+02:00,/home/aandrade/ic/io-research/distributed-cube-average/g5k/results/bench_25gbit_1n_4g_N1088/rep5,bench
bench_25gbit_1n_4g_N1152,1,done,2026-07-23T15:48:57+02:00,/home/aandrade/ic/io-research/distributed-cube-average/g5k/results/bench_25gbit_1n_4g_N1152/rep1,bench
bench_25gbit_1n_4g_N1152,2,done,2026-07-23T15:50:13+02:00,/home/aandrade/ic/io-research/distributed-cube-average/g5k/results/bench_25gbit_1n_4g_N1152/rep2,bench
bench_25gbit_1n_4g_N1152,3,done,2026-07-23T15:51:28+02:00,/home/aandrade/ic/io-research/distributed-cube-average/g5k/results/bench_25gbit_1n_4g_N1152/rep3,bench
bench_25gbit_1n_4g_N1152,4,failed,2026-07-24T16:55:06+02:00,/home/aandrade/ic/io-research/distributed-cube-average/g5k/results/bench_25gbit_1n_4g_N1152/rep4,bench
bench_10gbit_1n_4g_N64,1,done,2026-07-24T16:55:35+02:00,/home/aandrade/ic/io-research/distributed-cube-average/g5k/results/bench_10gbit_1n_4g_N64/rep1,bench
bench_10gbit_1n_4g_N64,2,done,2026-07-24T16:55:50+02:00,/home/aandrade/ic/io-research/distributed-cube-average/g5k/results/bench_10gbit_1n_4g_N64/rep2,bench
bench_10gbit_1n_4g_N64,3,done,2026-07-24T16:56:05+02:00,/home/aandrade/ic/io-research/distributed-cube-average/g5k/results/bench_10gbit_1n_4g_N64/rep3,bench
bench_10gbit_1n_4g_N64,4,done,2026-07-24T16:56:20+02:00,/home/aandrade/ic/io-research/distributed-cube-average/g5k/results/bench_10gbit_1n_4g_N64/rep4,bench
bench_10gbit_1n_4g_N64,5,done,2026-07-24T16:56:36+02:00,/home/aandrade/ic/io-research/distributed-cube-average/g5k/results/bench_10gbit_1n_4g_N64/rep5,bench
bench_10gbit_1n_4g_N128,1,done,2026-07-24T16:56:51+02:00,/home/aandrade/ic/io-research/distributed-cube-average/g5k/results/bench_10gbit_1n_4g_N128/rep1,bench
bench_10gbit_1n_4g_N128,2,done,2026-07-24T16:57:06+02:00,/home/aandrade/ic/io-research/distributed-cube-average/g5k/results/bench_10gbit_1n_4g_N128/rep2,bench
bench_10gbit_1n_4g_N128,3,done,2026-07-24T16:57:22+02:00,/home/aandrade/ic/io-research/distributed-cube-average/g5k/results/bench_10gbit_1n_4g_N128/rep3,bench
bench_10gbit_1n_4g_N128,4,done,2026-07-24T16:57:37+02:00,/home/aandrade/ic/io-research/distributed-cube-average/g5k/results/bench_10gbit_1n_4g_N128/rep4,bench
bench_10gbit_1n_4g_N128,5,done,2026-07-24T16:57:53+02:00,/home/aandrade/ic/io-research/distributed-cube-average/g5k/results/bench_10gbit_1n_4g_N128/rep5,bench
bench_10gbit_1n_4g_N256,1,done,2026-07-24T16:58:09+02:00,/home/aandrade/ic/io-research/distributed-cube-average/g5k/results/bench_10gbit_1n_4g_N256/rep1,bench
bench_10gbit_1n_4g_N256,2,done,2026-07-24T16:58:26+02:00,/home/aandrade/ic/io-research/distributed-cube-average/g5k/results/bench_10gbit_1n_4g_N256/rep2,bench
bench_10gbit_1n_4g_N256,3,done,2026-07-24T16:58:43+02:00,/home/aandrade/ic/io-research/distributed-cube-average/g5k/results/bench_10gbit_1n_4g_N256/rep3,bench
bench_10gbit_1n_4g_N256,4,done,2026-07-24T16:59:00+02:00,/home/aandrade/ic/io-research/distributed-cube-average/g5k/results/bench_10gbit_1n_4g_N256/rep4,bench
bench_10gbit_1n_4g_N256,5,done,2026-07-24T16:59:16+02:00,/home/aandrade/ic/io-research/distributed-cube-average/g5k/results/bench_10gbit_1n_4g_N256/rep5,bench
bench_10gbit_1n_4g_N512,1,done,2026-07-24T16:59:39+02:00,/home/aandrade/ic/io-research/distributed-cube-average/g5k/results/bench_10gbit_1n_4g_N512/rep1,bench
bench_10gbit_1n_4g_N512,2,done,2026-07-24T17:00:01+02:00,/home/aandrade/ic/io-research/distributed-cube-average/g5k/results/bench_10gbit_1n_4g_N512/rep2,bench
bench_10gbit_1n_4g_N512,3,done,2026-07-24T17:00:24+02:00,/home/aandrade/ic/io-research/distributed-cube-average/g5k/results/bench_10gbit_1n_4g_N512/rep3,bench
bench_10gbit_1n_4g_N512,4,done,2026-07-24T17:00:46+02:00,/home/aandrade/ic/io-research/distributed-cube-average/g5k/results/bench_10gbit_1n_4g_N512/rep4,bench
bench_10gbit_1n_4g_N512,5,done,2026-07-24T17:01:09+02:00,/home/aandrade/ic/io-research/distributed-cube-average/g5k/results/bench_10gbit_1n_4g_N512/rep5,bench
bench_10gbit_1n_4g_N1024,1,done,2026-07-24T17:02:07+02:00,/home/aandrade/ic/io-research/distributed-cube-average/g5k/results/bench_10gbit_1n_4g_N1024/rep1,bench
bench_10gbit_1n_4g_N1024,2,done,2026-07-24T17:03:05+02:00,/home/aandrade/ic/io-research/distributed-cube-average/g5k/results/bench_10gbit_1n_4g_N1024/rep2,bench
bench_10gbit_1n_4g_N1024,3,done,2026-07-24T17:04:06+02:00,/home/aandrade/ic/io-research/distributed-cube-average/g5k/results/bench_10gbit_1n_4g_N1024/rep3,bench
bench_10gbit_1n_4g_N1024,4,done,2026-07-24T17:05:05+02:00,/home/aandrade/ic/io-research/distributed-cube-average/g5k/results/bench_10gbit_1n_4g_N1024/rep4,bench
bench_10gbit_1n_4g_N1024,5,done,2026-07-24T17:06:05+02:00,/home/aandrade/ic/io-research/distributed-cube-average/g5k/results/bench_10gbit_1n_4g_N1024/rep5,bench
bench_10gbit_1n_4g_N1088,1,done,2026-07-24T17:07:18+02:00,/home/aandrade/ic/io-research/distributed-cube-average/g5k/results/bench_10gbit_1n_4g_N1088/rep1,bench
bench_10gbit_1n_4g_N1088,2,done,2026-07-24T17:08:31+02:00,/home/aandrade/ic/io-research/distributed-cube-average/g5k/results/bench_10gbit_1n_4g_N1088/rep2,bench
bench_10gbit_1n_4g_N1088,3,done,2026-07-24T17:09:43+02:00,/home/aandrade/ic/io-research/distributed-cube-average/g5k/results/bench_10gbit_1n_4g_N1088/rep3,bench
bench_10gbit_1n_4g_N1088,4,done,2026-07-24T17:10:54+02:00,/home/aandrade/ic/io-research/distributed-cube-average/g5k/results/bench_10gbit_1n_4g_N1088/rep4,bench
bench_10gbit_1n_4g_N1088,5,done,2026-07-24T17:12:06+02:00,/home/aandrade/ic/io-research/distributed-cube-average/g5k/results/bench_10gbit_1n_4g_N1088/rep5,bench
bench_10gbit_1n_4g_N1152,1,done,2026-07-24T17:13:21+02:00,/home/aandrade/ic/io-research/distributed-cube-average/g5k/results/bench_10gbit_1n_4g_N1152/rep1,bench
bench_10gbit_1n_4g_N1152,2,done,2026-07-24T17:14:36+02:00,/home/aandrade/ic/io-research/distributed-cube-average/g5k/results/bench_10gbit_1n_4g_N1152/rep2,bench
bench_10gbit_1n_4g_N1152,3,done,2026-07-24T17:15:51+02:00,/home/aandrade/ic/io-research/distributed-cube-average/g5k/results/bench_10gbit_1n_4g_N1152/rep3,bench
bench_10gbit_1n_4g_N1152,4,done,2026-07-24T17:17:05+02:00,/home/aandrade/ic/io-research/distributed-cube-average/g5k/results/bench_10gbit_1n_4g_N1152/rep4,bench
bench_10gbit_1n_4g_N1152,5,done,2026-07-24T17:18:23+02:00,/home/aandrade/ic/io-research/distributed-cube-average/g5k/results/bench_10gbit_1n_4g_N1152/rep5,bench
bench_10gbit_1n_4g_N1216,1,done,2026-07-24T17:19:58+02:00,/home/aandrade/ic/io-research/distributed-cube-average/g5k/results/bench_10gbit_1n_4g_N1216/rep1,bench
bench_10gbit_1n_4g_N1216,2,done,2026-07-24T17:21:33+02:00,/home/aandrade/ic/io-research/distributed-cube-average/g5k/results/bench_10gbit_1n_4g_N1216/rep2,bench
bench_10gbit_1n_4g_N1216,3,done,2026-07-24T17:23:08+02:00,/home/aandrade/ic/io-research/distributed-cube-average/g5k/results/bench_10gbit_1n_4g_N1216/rep3,bench
bench_10gbit_1n_4g_N1216,4,done,2026-07-24T17:24:43+02:00,/home/aandrade/ic/io-research/distributed-cube-average/g5k/results/bench_10gbit_1n_4g_N1216/rep4,bench
bench_10gbit_1n_4g_N1216,5,done,2026-07-24T17:26:18+02:00,/home/aandrade/ic/io-research/distributed-cube-average/g5k/results/bench_10gbit_1n_4g_N1216/rep5,bench
bench_10gbit_1n_4g_N1280,1,done,2026-07-24T17:27:54+02:00,/home/aandrade/ic/io-research/distributed-cube-average/g5k/results/bench_10gbit_1n_4g_N1280/rep1,bench
bench_10gbit_1n_4g_N1280,2,done,2026-07-24T17:29:30+02:00,/home/aandrade/ic/io-research/distributed-cube-average/g5k/results/bench_10gbit_1n_4g_N1280/rep2,bench
bench_10gbit_1n_4g_N1280,3,done,2026-07-24T17:31:03+02:00,/home/aandrade/ic/io-research/distributed-cube-average/g5k/results/bench_10gbit_1n_4g_N1280/rep3,bench
bench_10gbit_1n_4g_N1280,4,done,2026-07-24T17:32:38+02:00,/home/aandrade/ic/io-research/distributed-cube-average/g5k/results/bench_10gbit_1n_4g_N1280/rep4,bench
bench_10gbit_1n_4g_N1280,5,done,2026-07-24T17:34:13+02:00,/home/aandrade/ic/io-research/distributed-cube-average/g5k/results/bench_10gbit_1n_4g_N1280/rep5,bench
bench_10gbit_1n_4g_N1344,1,done,2026-07-24T17:36:14+02:00,/home/aandrade/ic/io-research/distributed-cube-average/g5k/results/bench_10gbit_1n_4g_N1344/rep1,bench
bench_10gbit_1n_4g_N1344,2,done,2026-07-24T17:38:19+02:00,/home/aandrade/ic/io-research/distributed-cube-average/g5k/results/bench_10gbit_1n_4g_N1344/rep2,bench
bench_10gbit_1n_4g_N1344,3,done,2026-07-24T17:40:22+02:00,/home/aandrade/ic/io-research/distributed-cube-average/g5k/results/bench_10gbit_1n_4g_N1344/rep3,bench
bench_10gbit_1n_4g_N1344,4,done,2026-07-24T17:42:24+02:00,/home/aandrade/ic/io-research/distributed-cube-average/g5k/results/bench_10gbit_1n_4g_N1344/rep4,bench
bench_10gbit_1n_4g_N1344,5,done,2026-07-24T17:44:26+02:00,/home/aandrade/ic/io-research/distributed-cube-average/g5k/results/bench_10gbit_1n_4g_N1344/rep5,bench
bench_10gbit_1n_4g_N1408,1,done,2026-07-24T17:46:35+02:00,/home/aandrade/ic/io-research/distributed-cube-average/g5k/results/bench_10gbit_1n_4g_N1408/rep1,bench
bench_10gbit_1n_4g_N1408,2,done,2026-07-24T17:48:43+02:00,/home/aandrade/ic/io-research/distributed-cube-average/g5k/results/bench_10gbit_1n_4g_N1408/rep2,bench
bench_10gbit_1n_4g_N1408,3,done,2026-07-24T17:50:51+02:00,/home/aandrade/ic/io-research/distributed-cube-average/g5k/results/bench_10gbit_1n_4g_N1408/rep3,bench
bench_10gbit_1n_4g_N1408,4,done,2026-07-24T17:53:00+02:00,/home/aandrade/ic/io-research/distributed-cube-average/g5k/results/bench_10gbit_1n_4g_N1408/rep4,bench
bench_10gbit_1n_4g_N1408,5,done,2026-07-24T17:55:12+02:00,/home/aandrade/ic/io-research/distributed-cube-average/g5k/results/bench_10gbit_1n_4g_N1408/rep5,bench
bench_10gbit_2n_8g_N1600,1,done,2026-07-24T17:57:00+02:00,/home/aandrade/ic/io-research/distributed-cube-average/g5k/results/bench_10gbit_2n_8g_N1600/rep1,bench
bench_10gbit_2n_8g_N1600,2,done,2026-07-24T17:58:55+02:00,/home/aandrade/ic/io-research/distributed-cube-average/g5k/results/bench_10gbit_2n_8g_N1600/rep2,bench
bench_10gbit_2n_8g_N1600,3,done,2026-07-24T18:00:39+02:00,/home/aandrade/ic/io-research/distributed-cube-average/g5k/results/bench_10gbit_2n_8g_N1600/rep3,bench
bench_10gbit_2n_8g_N1600,4,done,2026-07-24T18:02:26+02:00,/home/aandrade/ic/io-research/distributed-cube-average/g5k/results/bench_10gbit_2n_8g_N1600/rep4,bench
bench_10gbit_2n_8g_N1600,5,done,2026-07-24T18:04:14+02:00,/home/aandrade/ic/io-research/distributed-cube-average/g5k/results/bench_10gbit_2n_8g_N1600/rep5,bench
bench_10gbit_2n_8g_N1664,1,failed,2026-07-27T15:39:05+02:00,/home/aandrade/ic/io-research/distributed-cube-average/g5k/results/bench_10gbit_2n_8g_N1664/rep1,bench
bench_25gbit_2n_8g_N1728,1,done,2026-07-27T15:43:23+02:00,/home/aandrade/ic/io-research/distributed-cube-average/g5k/results/bench_25gbit_2n_8g_N1728/rep1,bench
bench_25gbit_2n_8g_N1728,2,done,2026-07-27T15:45:50+02:00,/home/aandrade/ic/io-research/distributed-cube-average/g5k/results/bench_25gbit_2n_8g_N1728/rep2,bench
bench_25gbit_2n_8g_N1728,3,done,2026-07-27T15:48:23+02:00,/home/aandrade/ic/io-research/distributed-cube-average/g5k/results/bench_25gbit_2n_8g_N1728/rep3,bench
bench_25gbit_2n_8g_N1728,4,done,2026-07-27T15:50:43+02:00,/home/aandrade/ic/io-research/distributed-cube-average/g5k/results/bench_25gbit_2n_8g_N1728/rep4,bench
bench_25gbit_2n_8g_N1728,5,done,2026-07-27T15:53:02+02:00,/home/aandrade/ic/io-research/distributed-cube-average/g5k/results/bench_25gbit_2n_8g_N1728/rep5,bench
bench_25gbit_2n_8g_N1792,1,done,2026-07-27T15:56:10+02:00,/home/aandrade/ic/io-research/distributed-cube-average/g5k/results/bench_25gbit_2n_8g_N1792/rep1,bench
bench_25gbit_2n_8g_N1792,2,done,2026-07-27T15:58:41+02:00,/home/aandrade/ic/io-research/distributed-cube-average/g5k/results/bench_25gbit_2n_8g_N1792/rep2,bench
bench_25gbit_2n_8g_N1792,3,done,2026-07-27T16:01:14+02:00,/home/aandrade/ic/io-research/distributed-cube-average/g5k/results/bench_25gbit_2n_8g_N1792/rep3,bench
bench_25gbit_2n_8g_N1792,4,done,2026-07-27T16:03:54+02:00,/home/aandrade/ic/io-research/distributed-cube-average/g5k/results/bench_25gbit_2n_8g_N1792/rep4,bench
bench_25gbit_2n_8g_N1792,5,done,2026-07-27T16:06:33+02:00,/home/aandrade/ic/io-research/distributed-cube-average/g5k/results/bench_25gbit_2n_8g_N1792/rep5,bench
bench_1gbit_2n_8g_N1536,4,done,2026-07-27T16:09:57+02:00,/home/aandrade/ic/io-research/distributed-cube-average/g5k/results/bench_1gbit_2n_8g_N1536/rep4,bench
bench_1gbit_2n_8g_N1536,5,done,2026-07-27T16:12:29+02:00,/home/aandrade/ic/io-research/distributed-cube-average/g5k/results/bench_1gbit_2n_8g_N1536/rep5,bench
bench_1gbit_3n_12g_N1920,1,failed,2026-07-27T16:14:08+02:00,/home/aandrade/ic/io-research/distributed-cube-average/g5k/results/bench_1gbit_3n_12g_N1920/rep1,bench
bench_25gbit_2n_8g_N1536,1,done,2026-07-27T16:16:32+02:00,/home/aandrade/ic/io-research/distributed-cube-average/g5k/results/bench_25gbit_2n_8g_N1536/rep1,bench
bench_25gbit_2n_8g_N1536,2,done,2026-07-27T16:18:22+02:00,/home/aandrade/ic/io-research/distributed-cube-average/g5k/results/bench_25gbit_2n_8g_N1536/rep2,bench
bench_25gbit_2n_8g_N1536,3,done,2026-07-27T16:20:04+02:00,/home/aandrade/ic/io-research/distributed-cube-average/g5k/results/bench_25gbit_2n_8g_N1536/rep3,bench
bench_25gbit_2n_8g_N1536,4,done,2026-07-27T16:21:48+02:00,/home/aandrade/ic/io-research/distributed-cube-average/g5k/results/bench_25gbit_2n_8g_N1536/rep4,bench
bench_25gbit_2n_8g_N1536,5,done,2026-07-27T16:23:33+02:00,/home/aandrade/ic/io-research/distributed-cube-average/g5k/results/bench_25gbit_2n_8g_N1536/rep5,bench
bench_25gbit_2n_8g_N1664,1,done,2026-07-27T16:27:00+02:00,/home/aandrade/ic/io-research/distributed-cube-average/g5k/results/bench_25gbit_2n_8g_N1664/rep1,bench
bench_25gbit_2n_8g_N1664,2,done,2026-07-27T16:29:25+02:00,/home/aandrade/ic/io-research/distributed-cube-average/g5k/results/bench_25gbit_2n_8g_N1664/rep2,bench
bench_25gbit_2n_8g_N1664,3,done,2026-07-27T16:31:51+02:00,/home/aandrade/ic/io-research/distributed-cube-average/g5k/results/bench_25gbit_2n_8g_N1664/rep3,bench
bench_25gbit_2n_8g_N1664,4,done,2026-07-27T16:34:16+02:00,/home/aandrade/ic/io-research/distributed-cube-average/g5k/results/bench_25gbit_2n_8g_N1664/rep4,bench
bench_25gbit_2n_8g_N1664,5,done,2026-07-27T16:36:42+02:00,/home/aandrade/ic/io-research/distributed-cube-average/g5k/results/bench_25gbit_2n_8g_N1664/rep5,bench
bench_1gbit_3n_12g_N1920,1,done,2026-07-27T16:42:27+02:00,/home/aandrade/ic/io-research/distributed-cube-average/g5k/results/bench_1gbit_3n_12g_N1920/rep1,bench
bench_1gbit_3n_12g_N1920,2,done,2026-07-27T16:47:42+02:00,/home/aandrade/ic/io-research/distributed-cube-average/g5k/results/bench_1gbit_3n_12g_N1920/rep2,bench
bench_1gbit_3n_12g_N1920,3,done,2026-07-27T16:52:59+02:00,/home/aandrade/ic/io-research/distributed-cube-average/g5k/results/bench_1gbit_3n_12g_N1920/rep3,bench
bench_1gbit_3n_12g_N1920,4,done,2026-07-27T16:58:14+02:00,/home/aandrade/ic/io-research/distributed-cube-average/g5k/results/bench_1gbit_3n_12g_N1920/rep4,bench
bench_1gbit_3n_12g_N1920,5,done,2026-07-27T17:03:30+02:00,/home/aandrade/ic/io-research/distributed-cube-average/g5k/results/bench_1gbit_3n_12g_N1920/rep5,bench
bench_10gbit_3n_12g_N1920,1,done,2026-07-27T17:07:13+02:00,/home/aandrade/ic/io-research/distributed-cube-average/g5k/results/bench_10gbit_3n_12g_N1920/rep1,bench
bench_10gbit_3n_12g_N1920,2,done,2026-07-27T17:10:20+02:00,/home/aandrade/ic/io-research/distributed-cube-average/g5k/results/bench_10gbit_3n_12g_N1920/rep2,bench
bench_10gbit_3n_12g_N1920,3,done,2026-07-27T17:13:32+02:00,/home/aandrade/ic/io-research/distributed-cube-average/g5k/results/bench_10gbit_3n_12g_N1920/rep3,bench
bench_10gbit_3n_12g_N1920,4,done,2026-07-27T17:16:42+02:00,/home/aandrade/ic/io-research/distributed-cube-average/g5k/results/bench_10gbit_3n_12g_N1920/rep4,bench
bench_10gbit_3n_12g_N1920,5,done,2026-07-27T17:19:50+02:00,/home/aandrade/ic/io-research/distributed-cube-average/g5k/results/bench_10gbit_3n_12g_N1920/rep5,bench
bench_25gbit_3n_12g_N1920,1,done,2026-07-27T17:23:30+02:00,/home/aandrade/ic/io-research/distributed-cube-average/g5k/results/bench_25gbit_3n_12g_N1920/rep1,bench
bench_25gbit_3n_12g_N1920,2,done,2026-07-27T17:26:39+02:00,/home/aandrade/ic/io-research/distributed-cube-average/g5k/results/bench_25gbit_3n_12g_N1920/rep2,bench
bench_25gbit_3n_12g_N1920,3,done,2026-07-27T17:29:49+02:00,/home/aandrade/ic/io-research/distributed-cube-average/g5k/results/bench_25gbit_3n_12g_N1920/rep3,bench
bench_25gbit_3n_12g_N1920,4,done,2026-07-27T17:32:58+02:00,/home/aandrade/ic/io-research/distributed-cube-average/g5k/results/bench_25gbit_3n_12g_N1920/rep4,bench
bench_25gbit_3n_12g_N1920,5,done,2026-07-27T17:36:06+02:00,/home/aandrade/ic/io-research/distributed-cube-average/g5k/results/bench_25gbit_3n_12g_N1920/rep5,bench
bench_1gbit_3n_12g_N1984,1,done,2026-07-27T17:42:10+02:00,/home/aandrade/ic/io-research/distributed-cube-average/g5k/results/bench_1gbit_3n_12g_N1984/rep1,bench
bench_1gbit_3n_12g_N1984,2,done,2026-07-27T17:47:46+02:00,/home/aandrade/ic/io-research/distributed-cube-average/g5k/results/bench_1gbit_3n_12g_N1984/rep2,bench
bench_1gbit_3n_12g_N1984,3,done,2026-07-27T17:53:20+02:00,/home/aandrade/ic/io-research/distributed-cube-average/g5k/results/bench_1gbit_3n_12g_N1984/rep3,bench
bench_1gbit_3n_12g_N1984,4,done,2026-07-27T17:58:51+02:00,/home/aandrade/ic/io-research/distributed-cube-average/g5k/results/bench_1gbit_3n_12g_N1984/rep4,bench
bench_1gbit_3n_12g_N1984,5,done,2026-07-27T18:04:25+02:00,/home/aandrade/ic/io-research/distributed-cube-average/g5k/results/bench_1gbit_3n_12g_N1984/rep5,bench
bench_10gbit_3n_12g_N1984,1,done,2026-07-27T18:08:13+02:00,/home/aandrade/ic/io-research/distributed-cube-average/g5k/results/bench_10gbit_3n_12g_N1984/rep1,bench
bench_10gbit_3n_12g_N1984,2,timeout,2026-07-27T18:10:11+02:00,/home/aandrade/ic/io-research/distributed-cube-average/g5k/results/bench_10gbit_3n_12g_N1984/rep2,bench
bench_25gbit_1n_4g_N1344,1,done,2026-07-28T15:56:42+02:00,/home/aandrade/ic/io-research/distributed-cube-average/g5k/results/bench_25gbit_1n_4g_N1344/rep1,bench
bench_25gbit_1n_4g_N1344,2,done,2026-07-28T15:58:58+02:00,/home/aandrade/ic/io-research/distributed-cube-average/g5k/results/bench_25gbit_1n_4g_N1344/rep2,bench
bench_25gbit_1n_4g_N1344,3,done,2026-07-28T16:01:15+02:00,/home/aandrade/ic/io-research/distributed-cube-average/g5k/results/bench_25gbit_1n_4g_N1344/rep3,bench
bench_25gbit_1n_4g_N1344,4,done,2026-07-28T16:03:35+02:00,/home/aandrade/ic/io-research/distributed-cube-average/g5k/results/bench_25gbit_1n_4g_N1344/rep4,bench
bench_25gbit_1n_4g_N1344,5,done,2026-07-28T16:05:52+02:00,/home/aandrade/ic/io-research/distributed-cube-average/g5k/results/bench_25gbit_1n_4g_N1344/rep5,bench
bench_10gbit_2n_8g_N1728,1,done,2026-07-28T16:09:14+02:00,/home/aandrade/ic/io-research/distributed-cube-average/g5k/results/bench_10gbit_2n_8g_N1728/rep1,bench
bench_10gbit_2n_8g_N1728,2,done,2026-07-28T16:11:35+02:00,/home/aandrade/ic/io-research/distributed-cube-average/g5k/results/bench_10gbit_2n_8g_N1728/rep2,bench
bench_10gbit_2n_8g_N1728,3,done,2026-07-28T16:13:55+02:00,/home/aandrade/ic/io-research/distributed-cube-average/g5k/results/bench_10gbit_2n_8g_N1728/rep3,bench
bench_10gbit_2n_8g_N1728,4,done,2026-07-28T16:16:13+02:00,/home/aandrade/ic/io-research/distributed-cube-average/g5k/results/bench_10gbit_2n_8g_N1728/rep4,bench
bench_10gbit_2n_8g_N1728,5,done,2026-07-28T16:18:32+02:00,/home/aandrade/ic/io-research/distributed-cube-average/g5k/results/bench_10gbit_2n_8g_N1728/rep5,bench
bench_1gbit_2n_8g_N1728,1,done,2026-07-28T16:22:17+02:00,/home/aandrade/ic/io-research/distributed-cube-average/g5k/results/bench_1gbit_2n_8g_N1728/rep1,bench
bench_1gbit_2n_8g_N1728,2,done,2026-07-28T16:25:13+02:00,/home/aandrade/ic/io-research/distributed-cube-average/g5k/results/bench_1gbit_2n_8g_N1728/rep2,bench
bench_1gbit_2n_8g_N1728,3,done,2026-07-28T16:28:13+02:00,/home/aandrade/ic/io-research/distributed-cube-average/g5k/results/bench_1gbit_2n_8g_N1728/rep3,bench
bench_1gbit_2n_8g_N1728,4,done,2026-07-28T16:31:12+02:00,/home/aandrade/ic/io-research/distributed-cube-average/g5k/results/bench_1gbit_2n_8g_N1728/rep4,bench
bench_1gbit_2n_8g_N1728,5,done,2026-07-28T16:34:09+02:00,/home/aandrade/ic/io-research/distributed-cube-average/g5k/results/bench_1gbit_2n_8g_N1728/rep5,bench
bench_25gbit_4n_16g_N2176,1,failed,2026-07-28T16:36:54+02:00,/home/aandrade/ic/io-research/distributed-cube-average/g5k/results/bench_25gbit_4n_16g_N2176/rep1,bench
bench_25gbit_4n_16g_N2176,2,failed,2026-07-28T16:38:55+02:00,/home/aandrade/ic/io-research/distributed-cube-average/g5k/results/bench_25gbit_4n_16g_N2176/rep2,bench
bench_25gbit_4n_16g_N2176,3,failed,2026-07-28T16:40:49+02:00,/home/aandrade/ic/io-research/distributed-cube-average/g5k/results/bench_25gbit_4n_16g_N2176/rep3,bench
bench_25gbit_4n_16g_N2176,4,failed,2026-07-28T16:42:43+02:00,/home/aandrade/ic/io-research/distributed-cube-average/g5k/results/bench_25gbit_4n_16g_N2176/rep4,bench
bench_25gbit_4n_16g_N2176,5,failed,2026-07-28T16:44:37+02:00,/home/aandrade/ic/io-research/distributed-cube-average/g5k/results/bench_25gbit_4n_16g_N2176/rep5,bench
bench_25gbit_4n_16g_N2176,1,done,2026-07-28T16:53:44+02:00,/home/aandrade/ic/io-research/distributed-cube-average/g5k/results/bench_25gbit_4n_16g_N2176/rep1,bench
bench_25gbit_4n_16g_N2176,2,done,2026-07-28T16:57:07+02:00,/home/aandrade/ic/io-research/distributed-cube-average/g5k/results/bench_25gbit_4n_16g_N2176/rep2,bench
bench_25gbit_4n_16g_N2176,3,done,2026-07-28T17:00:35+02:00,/home/aandrade/ic/io-research/distributed-cube-average/g5k/results/bench_25gbit_4n_16g_N2176/rep3,bench
bench_25gbit_4n_16g_N2176,4,done,2026-07-28T17:03:59+02:00,/home/aandrade/ic/io-research/distributed-cube-average/g5k/results/bench_25gbit_4n_16g_N2176/rep4,bench
bench_25gbit_4n_16g_N2176,5,done,2026-07-28T17:07:30+02:00,/home/aandrade/ic/io-research/distributed-cube-average/g5k/results/bench_25gbit_4n_16g_N2176/rep5,bench
bench_10gbit_4n_16g_N2176,1,done,2026-07-28T17:12:12+02:00,/home/aandrade/ic/io-research/distributed-cube-average/g5k/results/bench_10gbit_4n_16g_N2176/rep1,bench
bench_10gbit_4n_16g_N2176,2,done,2026-07-28T17:15:38+02:00,/home/aandrade/ic/io-research/distributed-cube-average/g5k/results/bench_10gbit_4n_16g_N2176/rep2,bench
bench_10gbit_4n_16g_N2176,3,done,2026-07-28T17:19:00+02:00,/home/aandrade/ic/io-research/distributed-cube-average/g5k/results/bench_10gbit_4n_16g_N2176/rep3,bench
bench_10gbit_4n_16g_N2176,4,done,2026-07-28T17:22:23+02:00,/home/aandrade/ic/io-research/distributed-cube-average/g5k/results/bench_10gbit_4n_16g_N2176/rep4,bench
bench_10gbit_4n_16g_N2176,5,done,2026-07-28T17:25:58+02:00,/home/aandrade/ic/io-research/distributed-cube-average/g5k/results/bench_10gbit_4n_16g_N2176/rep5,bench
bench_1gbit_4n_16g_N2176,1,done,2026-07-28T17:33:11+02:00,/home/aandrade/ic/io-research/distributed-cube-average/g5k/results/bench_1gbit_4n_16g_N2176/rep1,bench
bench_1gbit_4n_16g_N2176,2,done,2026-07-28T17:39:25+02:00,/home/aandrade/ic/io-research/distributed-cube-average/g5k/results/bench_1gbit_4n_16g_N2176/rep2,bench
bench_1gbit_4n_16g_N2176,3,done,2026-07-28T17:45:42+02:00,/home/aandrade/ic/io-research/distributed-cube-average/g5k/results/bench_1gbit_4n_16g_N2176/rep3,bench
bench_1gbit_4n_16g_N2176,4,done,2026-07-28T17:52:01+02:00,/home/aandrade/ic/io-research/distributed-cube-average/g5k/results/bench_1gbit_4n_16g_N2176/rep4,bench
bench_1gbit_4n_16g_N2176,5,done,2026-07-28T17:58:15+02:00,/home/aandrade/ic/io-research/distributed-cube-average/g5k/results/bench_1gbit_4n_16g_N2176/rep5,bench
bench_1gbit_1n_4g_N1408,1,done,2026-07-29T17:08:46+02:00,/home/aandrade/ic/io-research/distributed-cube-average/g5k/results/bench_1gbit_1n_4g_N1408/rep1,bench
bench_1gbit_1n_4g_N1408,2,done,2026-07-29T17:11:09+02:00,/home/aandrade/ic/io-research/distributed-cube-average/g5k/results/bench_1gbit_1n_4g_N1408/rep2,bench
bench_1gbit_1n_4g_N1408,3,done,2026-07-29T17:13:30+02:00,/home/aandrade/ic/io-research/distributed-cube-average/g5k/results/bench_1gbit_1n_4g_N1408/rep3,bench
bench_1gbit_1n_4g_N1408,4,done,2026-07-29T17:15:53+02:00,/home/aandrade/ic/io-research/distributed-cube-average/g5k/results/bench_1gbit_1n_4g_N1408/rep4,bench
bench_1gbit_1n_4g_N1408,5,done,2026-07-29T17:18:15+02:00,/home/aandrade/ic/io-research/distributed-cube-average/g5k/results/bench_1gbit_1n_4g_N1408/rep5,bench
bench_1gbit_2n_8g_N1600,1,done,2026-07-29T17:20:50+02:00,/home/aandrade/ic/io-research/distributed-cube-average/g5k/results/bench_1gbit_2n_8g_N1600/rep1,bench
bench_1gbit_2n_8g_N1600,2,done,2026-07-29T17:23:26+02:00,/home/aandrade/ic/io-research/distributed-cube-average/g5k/results/bench_1gbit_2n_8g_N1600/rep2,bench
bench_1gbit_2n_8g_N1600,3,done,2026-07-29T17:25:59+02:00,/home/aandrade/ic/io-research/distributed-cube-average/g5k/results/bench_1gbit_2n_8g_N1600/rep3,bench
bench_1gbit_2n_8g_N1600,4,done,2026-07-29T17:28:35+02:00,/home/aandrade/ic/io-research/distributed-cube-average/g5k/results/bench_1gbit_2n_8g_N1600/rep4,bench
bench_1gbit_2n_8g_N1600,5,done,2026-07-29T17:31:10+02:00,/home/aandrade/ic/io-research/distributed-cube-average/g5k/results/bench_1gbit_2n_8g_N1600/rep5,bench
bench_1gbit_2n_8g_N1664,1,done,2026-07-29T17:34:16+02:00,/home/aandrade/ic/io-research/distributed-cube-average/g5k/results/bench_1gbit_2n_8g_N1664/rep1,bench
bench_1gbit_2n_8g_N1664,2,done,2026-07-29T17:37:25+02:00,/home/aandrade/ic/io-research/distributed-cube-average/g5k/results/bench_1gbit_2n_8g_N1664/rep2,bench
bench_1gbit_2n_8g_N1664,3,timeout,2026-07-29T17:40:08+02:00,/home/aandrade/ic/io-research/distributed-cube-average/g5k/results/bench_1gbit_2n_8g_N1664/rep3,bench
