Banda_Rede,Num_Nos,Num_GPUs,Topologia_MPI,Tamanho_Global_N,Dimensao_Local_Pior_Caso,VRAM_GB_por_GPU
1gbit,1,4,1x2x2,64,64x36x36,0.0
10gbit,1,4,1x2x2,64,64x36x36,0.0
25gbit,1,4,1x2x2,64,64x36x36,0.0
1gbit,1,4,1x2x2,128,128x68x68,0.03
10gbit,1,4,1x2x2,128,128x68x68,0.03
25gbit,1,4,1x2x2,128,128x68x68,0.03
1gbit,1,4,1x2x2,256,256x132x132,0.2
10gbit,1,4,1x2x2,256,256x132x132,0.2
25gbit,1,4,1x2x2,256,256x132x132,0.2
1gbit,1,4,1x2x2,512,512x260x260,1.55
10gbit,1,4,1x2x2,512,512x260x260,1.55
25gbit,1,4,1x2x2,512,512x260x260,1.55
1gbit,1,4,1x2x2,1024,1024x516x516,12.19
10gbit,1,4,1x2x2,1024,1024x516x516,12.19
25gbit,1,4,1x2x2,1024,1024x516x516,12.19
1gbit,1,4,1x2x2,1088,1088x548x548,14.61
10gbit,1,4,1x2x2,1088,1088x548x548,14.61
25gbit,1,4,1x2x2,1088,1088x548x548,14.61
1gbit,1,4,1x2x2,1152,1152x580x580,17.32
10gbit,1,4,1x2x2,1152,1152x580x580,17.32
25gbit,1,4,1x2x2,1152,1152x580x580,17.32
1gbit,1,4,1x2x2,1216,1216x612x612,20.36
10gbit,1,4,1x2x2,1216,1216x612x612,20.36
25gbit,1,4,1x2x2,1216,1216x612x612,20.36
1gbit,1,4,1x2x2,1280,1280x644x644,23.73
10gbit,1,4,1x2x2,1280,1280x644x644,23.73
25gbit,1,4,1x2x2,1280,1280x644x644,23.73
1gbit,1,4,1x2x2,1344,1344x676x676,27.46
10gbit,1,4,1x2x2,1344,1344x676x676,27.46
25gbit,1,4,1x2x2,1344,1344x676x676,27.46
1gbit,1,4,1x2x2,1408,1408x708x708,31.55
10gbit,1,4,1x2x2,1408,1408x708x708,31.55
25gbit,1,4,1x2x2,1408,1408x708x708,31.55
1gbit,1,4,1x2x2,1472,1472x740x740,36.03
10gbit,1,4,1x2x2,1472,1472x740x740,36.03
25gbit,1,4,1x2x2,1472,1472x740x740,36.03
1gbit,2,8,2x2x2,1536,772x772x772,20.57
10gbit,2,8,2x2x2,1536,772x772x772,20.57
25gbit,2,8,2x2x2,1536,772x772x772,20.57
1gbit,2,8,2x2x2,1600,804x804x804,23.23
10gbit,2,8,2x2x2,1600,804x804x804,23.23
25gbit,2,8,2x2x2,1600,804x804x804,23.23
1gbit,2,8,2x2x2,1664,836x836x836,26.12
10gbit,2,8,2x2x2,1664,836x836x836,26.12
25gbit,2,8,2x2x2,1664,836x836x836,26.12
1gbit,2,8,2x2x2,1728,868x868x868,29.23
10gbit,2,8,2x2x2,1728,868x868x868,29.23
25gbit,2,8,2x2x2,1728,868x868x868,29.23
1gbit,2,8,2x2x2,1792,900x900x900,32.59
10gbit,2,8,2x2x2,1792,900x900x900,32.59
25gbit,2,8,2x2x2,1792,900x900x900,32.59
1gbit,2,8,2x2x2,1856,932x932x932,36.19
10gbit,2,8,2x2x2,1856,932x932x932,36.19
25gbit,2,8,2x2x2,1856,932x932x932,36.19
1gbit,3,12,2x2x3,1920,964x964x648,26.92
10gbit,3,12,2x2x3,1920,964x964x648,26.92
25gbit,3,12,2x2x3,1920,964x964x648,26.92
1gbit,3,12,2x2x3,1984,996x996x670,29.71
10gbit,3,12,2x2x3,1984,996x996x670,29.71
25gbit,3,12,2x2x3,1984,996x996x670,29.71
1gbit,3,12,2x2x3,2048,1028x1028x691,32.64
10gbit,3,12,2x2x3,2048,1028x1028x691,32.64
25gbit,3,12,2x2x3,2048,1028x1028x691,32.64
1gbit,3,12,2x2x3,2112,1060x1060x712,35.76
10gbit,3,12,2x2x3,2112,1060x1060x712,35.76
25gbit,3,12,2x2x3,2112,1060x1060x712,35.76
1gbit,4,16,2x2x4,2176,1092x1092x552,29.43
10gbit,4,16,2x2x4,2176,1092x1092x552,29.43
25gbit,4,16,2x2x4,2176,1092x1092x552,29.43
1gbit,4,16,2x2x4,2240,1124x1124x568,32.08
10gbit,4,16,2x2x4,2240,1124x1124x568,32.08
25gbit,4,16,2x2x4,2240,1124x1124x568,32.08
1gbit,4,16,2x2x4,2304,1156x1156x584,34.89
10gbit,4,16,2x2x4,2304,1156x1156x584,34.89
25gbit,4,16,2x2x4,2304,1156x1156x584,34.89
1gbit,4,16,2x2x4,2368,1188x1188x600,37.86
10gbit,4,16,2x2x4,2368,1188x1188x600,37.86
25gbit,4,16,2x2x4,2368,1188x1188x600,37.86
1gbit,5,20,2x2x5,2340,1174x1174x476,29.32
10gbit,5,20,2x2x5,2340,1174x1174x476,29.32
25gbit,5,20,2x2x5,2340,1174x1174x476,29.32
1gbit,5,20,2x2x5,2432,1220x1220x495,32.94
10gbit,5,20,2x2x5,2432,1220x1220x495,32.94
25gbit,5,20,2x2x5,2432,1220x1220x495,32.94
1gbit,5,20,2x2x5,2496,1252x1252x508,35.6
10gbit,5,20,2x2x5,2496,1252x1252x508,35.6
25gbit,5,20,2x2x5,2496,1252x1252x508,35.6
1gbit,6,24,2x2x6,2560,1284x1284x435,32.06
10gbit,6,24,2x2x6,2560,1284x1284x435,32.06
25gbit,6,24,2x2x6,2560,1284x1284x435,32.06
1gbit,6,24,2x3x4,2624,1316x883x664,34.49
10gbit,6,24,2x3x4,2624,1316x883x664,34.49
25gbit,6,24,2x3x4,2624,1316x883x664,34.49
1gbit,6,24,2x2x6,2688,1348x1348x456,37.04
10gbit,6,24,2x2x6,2688,1348x1348x456,37.04
25gbit,6,24,2x2x6,2688,1348x1348x456,37.04
1gbit,7,27,3x3x3,2752,926x926x926,35.5
10gbit,7,27,3x3x3,2752,926x926x926,35.5
25gbit,7,27,3x3x3,2752,926x926x926,35.5
1gbit,7,27,3x3x3,2816,947x947x947,37.97
10gbit,7,27,3x3x3,2816,947x947x947,37.97
25gbit,7,27,3x3x3,2816,947x947x947,37.97
1gbit,8,30,2x3x5,2880,1444x968x584,36.49
10gbit,8,30,2x3x5,2880,1444x968x584,36.49
25gbit,8,30,2x3x5,2880,1444x968x584,36.49
1gbit,8,32,2x4x4,2944,1476x744x744,36.52
10gbit,8,32,2x4x4,2944,1476x744x744,36.52
25gbit,8,32,2x4x4,2944,1476x744x744,36.52
