experiment_id,np,px,py,pz,N,local_x,local_y,local_z,nodes_needed,reps_planned,reps_done,status
strongscale_native_np01_1x1x1_N968,1,1,1,1,968,960,960,960,1,5,5,completo
strongscale_native_np02_1x1x2_N968,2,1,1,2,968,960,960,480,1,5,5,completo
strongscale_native_np02_1x2x1_N968,2,1,2,1,968,960,480,960,1,5,5,completo
strongscale_native_np02_2x1x1_N968,2,2,1,1,968,480,960,960,1,5,5,completo
strongscale_native_np04_1x1x4_N968,4,1,1,4,968,960,960,240,1,5,5,completo
strongscale_native_np04_1x2x2_N968,4,1,2,2,968,960,480,480,1,5,5,completo
strongscale_native_np04_1x4x1_N968,4,1,4,1,968,960,240,960,1,5,5,completo
strongscale_native_np04_2x1x2_N968,4,2,1,2,968,480,960,480,1,5,5,completo
strongscale_native_np04_2x2x1_N968,4,2,2,1,968,480,480,960,1,5,5,completo
strongscale_native_np04_4x1x1_N968,4,4,1,1,968,240,960,960,1,5,5,completo
strongscale_native_np08_1x1x8_N968,8,1,1,8,968,960,960,120,2,5,5,completo
strongscale_native_np08_1x2x4_N968,8,1,2,4,968,960,480,240,2,5,5,completo
strongscale_native_np08_1x4x2_N968,8,1,4,2,968,960,240,480,2,5,5,completo
strongscale_native_np08_1x8x1_N968,8,1,8,1,968,960,120,960,2,5,5,completo
strongscale_native_np08_2x1x4_N968,8,2,1,4,968,480,960,240,2,5,5,completo
strongscale_native_np08_2x2x2_N968,8,2,2,2,968,480,480,480,2,5,5,completo
strongscale_native_np08_2x4x1_N968,8,2,4,1,968,480,240,960,2,5,5,completo
strongscale_native_np08_4x1x2_N968,8,4,1,2,968,240,960,480,2,5,5,completo
strongscale_native_np08_4x2x1_N968,8,4,2,1,968,240,480,960,2,5,5,completo
strongscale_native_np08_8x1x1_N968,8,8,1,1,968,120,960,960,2,5,5,completo
strongscale_native_np12_1x1x12_N968,12,1,1,12,968,960,960,80,3,5,5,completo
strongscale_native_np12_1x2x6_N968,12,1,2,6,968,960,480,160,3,5,5,completo
strongscale_native_np12_1x3x4_N968,12,1,3,4,968,960,320,240,3,5,5,completo
strongscale_native_np12_1x4x3_N968,12,1,4,3,968,960,240,320,3,5,5,completo
strongscale_native_np12_1x6x2_N968,12,1,6,2,968,960,160,480,3,5,5,completo
strongscale_native_np12_1x12x1_N968,12,1,12,1,968,960,80,960,3,5,5,completo
strongscale_native_np12_2x1x6_N968,12,2,1,6,968,480,960,160,3,5,5,completo
strongscale_native_np12_2x2x3_N968,12,2,2,3,968,480,480,320,3,5,5,completo
strongscale_native_np12_2x3x2_N968,12,2,3,2,968,480,320,480,3,5,5,completo
strongscale_native_np12_2x6x1_N968,12,2,6,1,968,480,160,960,3,5,5,completo
strongscale_native_np12_3x1x4_N968,12,3,1,4,968,320,960,240,3,5,5,completo
strongscale_native_np12_3x2x2_N968,12,3,2,2,968,320,480,480,3,5,5,completo
strongscale_native_np12_3x4x1_N968,12,3,4,1,968,320,240,960,3,5,5,completo
strongscale_native_np12_4x1x3_N968,12,4,1,3,968,240,960,320,3,5,5,completo
strongscale_native_np12_4x3x1_N968,12,4,3,1,968,240,320,960,3,5,5,completo
strongscale_native_np12_6x1x2_N968,12,6,1,2,968,160,960,480,3,5,5,completo
strongscale_native_np12_6x2x1_N968,12,6,2,1,968,160,480,960,3,5,5,completo
strongscale_native_np12_12x1x1_N968,12,12,1,1,968,80,960,960,3,5,5,completo
strongscale_native_np16_1x1x16_N968,16,1,1,16,968,960,960,60,4,5,5,completo
strongscale_native_np16_1x2x8_N968,16,1,2,8,968,960,480,120,4,5,5,completo
strongscale_native_np16_1x4x4_N968,16,1,4,4,968,960,240,240,4,5,5,completo
strongscale_native_np16_1x8x2_N968,16,1,8,2,968,960,120,480,4,5,5,completo
strongscale_native_np16_1x16x1_N968,16,1,16,1,968,960,60,960,4,5,5,completo
strongscale_native_np16_2x1x8_N968,16,2,1,8,968,480,960,120,4,5,5,completo
strongscale_native_np16_2x2x4_N968,16,2,2,4,968,480,480,240,4,5,5,completo
strongscale_native_np16_2x4x2_N968,16,2,4,2,968,480,240,480,4,5,5,completo
strongscale_native_np16_2x8x1_N968,16,2,8,1,968,480,120,960,4,5,5,completo
strongscale_native_np16_4x1x4_N968,16,4,1,4,968,240,960,240,4,5,5,completo
strongscale_native_np16_4x2x2_N968,16,4,2,2,968,240,480,480,4,5,5,completo
strongscale_native_np16_4x4x1_N968,16,4,4,1,968,240,240,960,4,5,5,completo
strongscale_native_np16_8x1x2_N968,16,8,1,2,968,120,960,480,4,5,5,completo
strongscale_native_np16_8x2x1_N968,16,8,2,1,968,120,480,960,4,5,5,completo
strongscale_native_np16_16x1x1_N968,16,16,1,1,968,60,960,960,4,5,5,completo
strongscale_native_np20_1x1x20_N968,20,1,1,20,968,960,960,48,5,5,5,completo
strongscale_native_np20_1x2x10_N968,20,1,2,10,968,960,480,96,5,5,5,completo
strongscale_native_np20_1x4x5_N968,20,1,4,5,968,960,240,192,5,5,5,completo
strongscale_native_np20_1x5x4_N968,20,1,5,4,968,960,192,240,5,5,5,completo
strongscale_native_np20_1x10x2_N968,20,1,10,2,968,960,96,480,5,5,5,completo
strongscale_native_np20_1x20x1_N968,20,1,20,1,968,960,48,960,5,5,5,completo
strongscale_native_np20_2x1x10_N968,20,2,1,10,968,480,960,96,5,5,5,completo
strongscale_native_np20_2x2x5_N968,20,2,2,5,968,480,480,192,5,5,5,completo
strongscale_native_np20_2x5x2_N968,20,2,5,2,968,480,192,480,5,5,5,completo
strongscale_native_np20_2x10x1_N968,20,2,10,1,968,480,96,960,5,5,5,completo
strongscale_native_np20_4x1x5_N968,20,4,1,5,968,240,960,192,5,5,5,completo
strongscale_native_np20_4x5x1_N968,20,4,5,1,968,240,192,960,5,5,5,completo
strongscale_native_np20_5x1x4_N968,20,5,1,4,968,192,960,240,5,5,5,completo
strongscale_native_np20_5x2x2_N968,20,5,2,2,968,192,480,480,5,5,5,completo
strongscale_native_np20_5x4x1_N968,20,5,4,1,968,192,240,960,5,5,5,completo
strongscale_native_np20_10x1x2_N968,20,10,1,2,968,96,960,480,5,5,5,completo
strongscale_native_np20_10x2x1_N968,20,10,2,1,968,96,480,960,5,5,5,completo
strongscale_native_np20_20x1x1_N968,20,20,1,1,968,48,960,960,5,5,5,completo
strongscale_native_np24_1x1x24_N968,24,1,1,24,968,960,960,40,6,5,0,pendente
strongscale_native_np24_1x2x12_N968,24,1,2,12,968,960,480,80,6,5,0,pendente
strongscale_native_np24_1x3x8_N968,24,1,3,8,968,960,320,120,6,5,0,pendente
strongscale_native_np24_1x4x6_N968,24,1,4,6,968,960,240,160,6,5,0,pendente
strongscale_native_np24_1x6x4_N968,24,1,6,4,968,960,160,240,6,5,0,pendente
strongscale_native_np24_1x8x3_N968,24,1,8,3,968,960,120,320,6,5,0,pendente
strongscale_native_np24_1x12x2_N968,24,1,12,2,968,960,80,480,6,5,0,pendente
strongscale_native_np24_1x24x1_N968,24,1,24,1,968,960,40,960,6,5,0,pendente
strongscale_native_np24_2x1x12_N968,24,2,1,12,968,480,960,80,6,5,0,pendente
strongscale_native_np24_2x2x6_N968,24,2,2,6,968,480,480,160,6,5,0,pendente
strongscale_native_np24_2x3x4_N968,24,2,3,4,968,480,320,240,6,5,0,pendente
strongscale_native_np24_2x4x3_N968,24,2,4,3,968,480,240,320,6,5,0,pendente
strongscale_native_np24_2x6x2_N968,24,2,6,2,968,480,160,480,6,5,0,pendente
strongscale_native_np24_2x12x1_N968,24,2,12,1,968,480,80,960,6,5,0,pendente
strongscale_native_np24_3x1x8_N968,24,3,1,8,968,320,960,120,6,5,0,pendente
strongscale_native_np24_3x2x4_N968,24,3,2,4,968,320,480,240,6,5,0,pendente
strongscale_native_np24_3x4x2_N968,24,3,4,2,968,320,240,480,6,5,0,pendente
strongscale_native_np24_3x8x1_N968,24,3,8,1,968,320,120,960,6,5,0,pendente
strongscale_native_np24_4x1x6_N968,24,4,1,6,968,240,960,160,6,5,0,pendente
strongscale_native_np24_4x2x3_N968,24,4,2,3,968,240,480,320,6,5,0,pendente
strongscale_native_np24_4x3x2_N968,24,4,3,2,968,240,320,480,6,5,0,pendente
strongscale_native_np24_4x6x1_N968,24,4,6,1,968,240,160,960,6,5,0,pendente
strongscale_native_np24_6x1x4_N968,24,6,1,4,968,160,960,240,6,5,0,pendente
strongscale_native_np24_6x2x2_N968,24,6,2,2,968,160,480,480,6,5,0,pendente
strongscale_native_np24_6x4x1_N968,24,6,4,1,968,160,240,960,6,5,0,pendente
strongscale_native_np24_8x1x3_N968,24,8,1,3,968,120,960,320,6,5,0,pendente
strongscale_native_np24_8x3x1_N968,24,8,3,1,968,120,320,960,6,5,0,pendente
strongscale_native_np24_12x1x2_N968,24,12,1,2,968,80,960,480,6,5,0,pendente
strongscale_native_np24_12x2x1_N968,24,12,2,1,968,80,480,960,6,5,0,pendente
strongscale_native_np24_24x1x1_N968,24,24,1,1,968,40,960,960,6,5,0,pendente
