experiment_id,np,dims_str,N,local_x,local_y,local_z
strongscale_native_np01_1x1x1_N968,1,1x1x1,968,960,960,960
strongscale_native_np02_1x1x2_N968,2,1x1x2,968,960,960,480
strongscale_native_np02_1x2x1_N968,2,1x2x1,968,960,480,960
strongscale_native_np02_2x1x1_N968,2,2x1x1,968,480,960,960
strongscale_native_np04_1x1x4_N968,4,1x1x4,968,960,960,240
strongscale_native_np04_1x2x2_N968,4,1x2x2,968,960,480,480
strongscale_native_np04_1x4x1_N968,4,1x4x1,968,960,240,960
strongscale_native_np04_2x1x2_N968,4,2x1x2,968,480,960,480
strongscale_native_np04_2x2x1_N968,4,2x2x1,968,480,480,960
strongscale_native_np04_4x1x1_N968,4,4x1x1,968,240,960,960
strongscale_native_np08_1x1x8_N968,8,1x1x8,968,960,960,120
strongscale_native_np08_1x2x4_N968,8,1x2x4,968,960,480,240
strongscale_native_np08_1x4x2_N968,8,1x4x2,968,960,240,480
strongscale_native_np08_1x8x1_N968,8,1x8x1,968,960,120,960
strongscale_native_np08_2x1x4_N968,8,2x1x4,968,480,960,240
strongscale_native_np08_2x2x2_N968,8,2x2x2,968,480,480,480
strongscale_native_np08_2x4x1_N968,8,2x4x1,968,480,240,960
strongscale_native_np08_4x1x2_N968,8,4x1x2,968,240,960,480
strongscale_native_np08_4x2x1_N968,8,4x2x1,968,240,480,960
strongscale_native_np08_8x1x1_N968,8,8x1x1,968,120,960,960
strongscale_native_np12_1x1x12_N968,12,1x1x12,968,960,960,80
strongscale_native_np12_1x2x6_N968,12,1x2x6,968,960,480,160
strongscale_native_np12_1x3x4_N968,12,1x3x4,968,960,320,240
strongscale_native_np12_1x4x3_N968,12,1x4x3,968,960,240,320
strongscale_native_np12_1x6x2_N968,12,1x6x2,968,960,160,480
strongscale_native_np12_1x12x1_N968,12,1x12x1,968,960,80,960
strongscale_native_np12_2x1x6_N968,12,2x1x6,968,480,960,160
strongscale_native_np12_2x2x3_N968,12,2x2x3,968,480,480,320
strongscale_native_np12_2x3x2_N968,12,2x3x2,968,480,320,480
strongscale_native_np12_2x6x1_N968,12,2x6x1,968,480,160,960
strongscale_native_np12_3x1x4_N968,12,3x1x4,968,320,960,240
strongscale_native_np12_3x2x2_N968,12,3x2x2,968,320,480,480
strongscale_native_np12_3x4x1_N968,12,3x4x1,968,320,240,960
strongscale_native_np12_4x1x3_N968,12,4x1x3,968,240,960,320
strongscale_native_np12_4x3x1_N968,12,4x3x1,968,240,320,960
strongscale_native_np12_6x1x2_N968,12,6x1x2,968,160,960,480
strongscale_native_np12_6x2x1_N968,12,6x2x1,968,160,480,960
strongscale_native_np12_12x1x1_N968,12,12x1x1,968,80,960,960
strongscale_native_np16_1x1x16_N968,16,1x1x16,968,960,960,60
strongscale_native_np16_1x2x8_N968,16,1x2x8,968,960,480,120
strongscale_native_np16_1x4x4_N968,16,1x4x4,968,960,240,240
strongscale_native_np16_1x8x2_N968,16,1x8x2,968,960,120,480
strongscale_native_np16_1x16x1_N968,16,1x16x1,968,960,60,960
strongscale_native_np16_2x1x8_N968,16,2x1x8,968,480,960,120
strongscale_native_np16_2x2x4_N968,16,2x2x4,968,480,480,240
strongscale_native_np16_2x4x2_N968,16,2x4x2,968,480,240,480
strongscale_native_np16_2x8x1_N968,16,2x8x1,968,480,120,960
strongscale_native_np16_4x1x4_N968,16,4x1x4,968,240,960,240
strongscale_native_np16_4x2x2_N968,16,4x2x2,968,240,480,480
strongscale_native_np16_4x4x1_N968,16,4x4x1,968,240,240,960
strongscale_native_np16_8x1x2_N968,16,8x1x2,968,120,960,480
strongscale_native_np16_8x2x1_N968,16,8x2x1,968,120,480,960
strongscale_native_np16_16x1x1_N968,16,16x1x1,968,60,960,960
strongscale_native_np20_1x1x20_N968,20,1x1x20,968,960,960,48
strongscale_native_np20_1x2x10_N968,20,1x2x10,968,960,480,96
strongscale_native_np20_1x4x5_N968,20,1x4x5,968,960,240,192
strongscale_native_np20_1x5x4_N968,20,1x5x4,968,960,192,240
strongscale_native_np20_1x10x2_N968,20,1x10x2,968,960,96,480
strongscale_native_np20_1x20x1_N968,20,1x20x1,968,960,48,960
strongscale_native_np20_2x1x10_N968,20,2x1x10,968,480,960,96
strongscale_native_np20_2x2x5_N968,20,2x2x5,968,480,480,192
strongscale_native_np20_2x5x2_N968,20,2x5x2,968,480,192,480
strongscale_native_np20_2x10x1_N968,20,2x10x1,968,480,96,960
strongscale_native_np20_4x1x5_N968,20,4x1x5,968,240,960,192
strongscale_native_np20_4x5x1_N968,20,4x5x1,968,240,192,960
strongscale_native_np20_5x1x4_N968,20,5x1x4,968,192,960,240
strongscale_native_np20_5x2x2_N968,20,5x2x2,968,192,480,480
strongscale_native_np20_5x4x1_N968,20,5x4x1,968,192,240,960
strongscale_native_np20_10x1x2_N968,20,10x1x2,968,96,960,480
strongscale_native_np20_10x2x1_N968,20,10x2x1,968,96,480,960
strongscale_native_np20_20x1x1_N968,20,20x1x1,968,48,960,960
strongscale_native_np24_1x1x24_N968,24,1x1x24,968,960,960,40
strongscale_native_np24_1x2x12_N968,24,1x2x12,968,960,480,80
strongscale_native_np24_1x3x8_N968,24,1x3x8,968,960,320,120
strongscale_native_np24_1x4x6_N968,24,1x4x6,968,960,240,160
strongscale_native_np24_1x6x4_N968,24,1x6x4,968,960,160,240
strongscale_native_np24_1x8x3_N968,24,1x8x3,968,960,120,320
strongscale_native_np24_1x12x2_N968,24,1x12x2,968,960,80,480
strongscale_native_np24_1x24x1_N968,24,1x24x1,968,960,40,960
strongscale_native_np24_2x1x12_N968,24,2x1x12,968,480,960,80
strongscale_native_np24_2x2x6_N968,24,2x2x6,968,480,480,160
strongscale_native_np24_2x3x4_N968,24,2x3x4,968,480,320,240
strongscale_native_np24_2x4x3_N968,24,2x4x3,968,480,240,320
strongscale_native_np24_2x6x2_N968,24,2x6x2,968,480,160,480
strongscale_native_np24_2x12x1_N968,24,2x12x1,968,480,80,960
strongscale_native_np24_3x1x8_N968,24,3x1x8,968,320,960,120
strongscale_native_np24_3x2x4_N968,24,3x2x4,968,320,480,240
strongscale_native_np24_3x4x2_N968,24,3x4x2,968,320,240,480
strongscale_native_np24_3x8x1_N968,24,3x8x1,968,320,120,960
strongscale_native_np24_4x1x6_N968,24,4x1x6,968,240,960,160
strongscale_native_np24_4x2x3_N968,24,4x2x3,968,240,480,320
strongscale_native_np24_4x3x2_N968,24,4x3x2,968,240,320,480
strongscale_native_np24_4x6x1_N968,24,4x6x1,968,240,160,960
strongscale_native_np24_6x1x4_N968,24,6x1x4,968,160,960,240
strongscale_native_np24_6x2x2_N968,24,6x2x2,968,160,480,480
strongscale_native_np24_6x4x1_N968,24,6x4x1,968,160,240,960
strongscale_native_np24_8x1x3_N968,24,8x1x3,968,120,960,320
strongscale_native_np24_8x3x1_N968,24,8x3x1,968,120,320,960
strongscale_native_np24_12x1x2_N968,24,12x1x2,968,80,960,480
strongscale_native_np24_12x2x1_N968,24,12x2x1,968,80,480,960
strongscale_native_np24_24x1x1_N968,24,24x1x1,968,40,960,960
