nodes,band,gpus,mean_msamples,mean_me,throughput_per_gpu
1,1gbit,4,3266.4854394,0.8471776487628822,816.62135985
2,1gbit,8,4886.9081074000005,0.4491497241098588,610.8635134250001
3,1gbit,12,2863.0483002,0.28903688427051977,238.58735835000002
4,1gbit,16,3445.934143,0.26165482536161205,215.3708839375
1,10gbit,4,3325.8359212,0.837337608797209,831.4589803
2,10gbit,8,7783.1768286,0.7829101188277466,972.897103575
3,10gbit,12,5915.6981484,0.622254642090937,492.9748457
4,10gbit,16,8107.011853,0.6371282396717413,506.6882408125
1,25gbit,4,3298.5301244,0.8507877497877863,824.6325311
2,25gbit,8,7397.9682464,0.7443982788562882,924.7460308
3,25gbit,12,5960.8054044,0.6307933447004873,496.7337837
4,25gbit,16,8054.0299698,0.6432341575025263,503.3768731125
