nodes,band,gpus,N,experiment_id,n,mean_msamples,sd_msamples,ci95_msamples,min_msamples,max_msamples,cv_msamples_pct,mean_total_time_s,sd_total_time_s,ci95_total_time_s,min_total_time_s,max_total_time_s,cv_total_time_pct,n_me,mean_me,sd_me,ci95_me,min_me,max_me,cv_me_pct
1,1gbit,4,1344,bench_1gbit_1n_4g_N1344,5,3266.4854394,80.61733368412614,100.09964086675905,3185.718835,3394.008381,2.4680144816115948,73.0376924,1.7749973030625454,2.2039502481215387,70.259728,74.853469,2.430248334437447,5,0.8471776487628822,0.007177557290798805,0.008912114483029821,0.8394048489722511,0.8550576157749645,0.8472316640175834
1,10gbit,4,1344,bench_10gbit_1n_4g_N1344,5,3325.8359212,78.90385814348767,97.97207997614552,3201.704307,3395.63219,2.3724519192461617,71.7327222,1.7295863691356115,2.1475651263396545,70.226129,74.47974,2.411153956088971,5,0.837337608797209,0.02943736454004273,0.03655131575137116,0.7911056779945771,0.8619867011494895,3.515590871682922
1,25gbit,4,1344,bench_25gbit_1n_4g_N1344,5,3298.5301244,40.20457762612838,49.92057660135217,3230.538875,3335.374926,1.2188634364356932,72.302143,0.8920877824426775,1.1076732826965046,71.494843,73.814962,1.2338331139682506,5,0.8507877497877863,0.023896758031016214,0.029671744120899502,0.8126932212071836,0.8700536111405415,2.8087802200933
2,1gbit,8,1728,bench_1gbit_2n_8g_N1728,5,4886.9081074000005,112.50178709361428,139.68941876772573,4770.635713,5047.777976,2.302105638599147,104.1678078,2.37469814695662,2.9485771956772266,100.805702,106.661844,2.279685247400032,5,0.4491497241098588,0.008122777020204038,0.010085759791424202,0.4377039368887274,0.4584890942089478,1.8084786840962779
2,10gbit,8,1728,bench_10gbit_2n_8g_N1728,5,7783.1768286,136.9016154691543,169.9858072239844,7590.017331,7969.987915,1.758942633374289,65.3937284,1.152019764173691,1.4304214663936625,63.845116,67.041323,1.7616670472235851,5,0.7829101188277466,0.02320085826268585,0.02880767043220535,0.7573666217282156,0.8185753415273062,2.9634127474842904
2,25gbit,8,1728,bench_25gbit_2n_8g_N1728,5,7397.9682464,603.8861472993159,749.8236881155358,6530.8612220000005,7903.514149,8.16286481890726,69.167641,5.915473038620366,7.345029904399934,64.382095,77.91389,8.552370665092317,5,0.7443982788562882,0.05324860902082276,0.06611688077558381,0.6663833774701071,0.784473260505349,7.153241824072356
3,1gbit,12,1920,bench_1gbit_3n_12g_N1920,5,2863.0483002,4.916713054578243,6.104905589368263,2857.693325,2869.903486,0.17173000728750482,244.13835459999999,0.41900507615635785,0.520263518127976,243.55462,244.595264,0.17162607524035384,5,0.28903688427051977,0.002555200279337681,0.0031727001950537996,0.2861141639628376,0.29290932515857737,0.8840395182734462
3,10gbit,12,1920,bench_10gbit_3n_12g_N1920,5,5915.6981484,115.15225241135289,142.98040613124945,5763.286556,6033.766079,1.9465538897128778,118.1924114,2.3056005996713287,2.8627812588488983,115.84444,121.28119,1.950717962651982,5,0.622254642090937,0.006115681559991188,0.0075936216175196926,0.6128011103083788,0.6298991611412039,0.9828261850230499
3,25gbit,12,1920,bench_25gbit_3n_12g_N1920,5,5960.8054044,60.27704246736839,74.84383354993071,5885.802733,6023.780052,1.0112231213398541,117.2719852,1.1868452278510055,1.473662990862537,116.036483,118.756656,1.0120449703541008,5,0.6307933447004873,0.0034727338947233015,0.004311968652419864,0.6262952626315084,0.6353142082787195,0.5505343269549272
4,1gbit,16,2176,bench_1gbit_4n_16g_N2176,5,3445.934143,32.82007165251428,40.7515013893949,3396.353187,3472.526345,0.9524288709691188,295.7348972,2.834291245499436,3.519237399960756,293.448764,300.030211,0.9583891763651612,5,0.26165482536161205,0.001775558830853738,0.0022046474769638535,0.25852735553781636,0.2628591935773491,0.6785882233969434
4,10gbit,16,2176,bench_10gbit_4n_16g_N2176,5,8107.011853,317.9583754778496,394.7974677582004,7577.768168,8431.834172,3.92201690639183,125.8552256,5.118060137241096,6.3549110130540845,120.852538,134.473441,4.066625054971969,5,0.6371282396717413,0.020660867451703764,0.02565385528644051,0.6024067541412714,0.6542362423869299,3.2428114412804203
4,25gbit,16,2176,bench_25gbit_4n_16g_N2176,5,8054.0299698,199.6832888771564,247.9395508416872,7816.671192,8337.159438,2.479296571106688,126.5834468,3.120051488362447,3.874055605641721,122.22491,130.363493,2.464817926227023,5,0.6432341575025263,0.016382082817623118,0.020341042450235106,0.6202305614852783,0.6626281928785753,2.546830361315005
     