band,step,throughput_per_gpu,thr_per_gpu_pct_change,thr_per_gpu_abs_diff,mean_me,me_pct_change,me_abs_diff_pp
10gbit,1->2,972.897103575,17.01083596739402,141.43812327499995,0.7829101188277466,-6.500065134736339,-5.442748996946234
10gbit,2->3,492.9748457,-49.32918970685404,-479.92225787499996,0.622254642090937,-20.52029637544595,-16.065547673680967
10gbit,3->4,506.6882408125,2.781763660380612,13.713395112499995,0.6371282396717413,2.3902750698371915,1.487359758080431
1gbit,1->2,610.8635134250001,-25.196236167860498,-205.7578464249999,0.4491497241098588,-46.982817031853486,-39.80279246530233
1gbit,2->3,238.58735835000002,-60.94260778282789,-372.276155075,0.28903688427051977,-35.647988019286096,-16.011283983933904
1gbit,3->4,215.3708839375,-9.730806599753787,-23.21647441250002,0.26165482536161205,-9.473551784927174,-2.7382058908907716
25gbit,1->2,924.7460308,12.14037718915306,100.11349969999992,0.7443982788562882,-12.504819322802314,-10.63894709314981
25gbit,2->3,496.7337837,-46.28430215912638,-428.01224709999997,0.6307933447004873,-15.261310696519379,-11.360493415580086
25gbit,3->4,503.3768731125,1.3373540577445506,6.6430894124999895,0.6432341575025263,1.9722485829247531,1.2440812802039014
