Nós,Banda,Throughput/GPU (MSamples/s),ME média (%)
1,1gbit,816.62135985,84.71776487628821
2,1gbit,610.8635134250001,44.91497241098588
3,1gbit,238.58735835,28.903688427051975
4,1gbit,215.3708839375,26.165482536161207
1,10gbit,831.4589803,83.7337608797209
2,10gbit,972.897103575,78.29101188277467
3,10gbit,492.9748457,62.225464209093694
4,10gbit,506.6882408125,63.712823967174124
1,25gbit,824.6325311,85.07877497877863
2,25gbit,924.7460308,74.43982788562882
3,25gbit,496.7337837,63.07933447004873
4,25gbit,503.3768731125,64.32341575025264
