Nós,Banda,N,n,Throughput médio (MSamples/s),DP throughput,IC95 throughput,Throughput mín.,Throughput máx.,CV throughput (%),ME média (%),DP ME (pp),IC95 ME (pp),ME mín. (%),ME máx. (%),CV ME (%)
1,1gbit,1344,5,3266.4854394,80.61733368412614,100.09964086675905,3185.718835,3394.008381,2.4680144816115948,84.71776487628821,0.7177557290798801,0.8912114483029819,83.9404848972251,85.50576157749646,0.8472316640175834
1,10gbit,1344,5,3325.8359212,78.90385814348767,97.97207997614552,3201.704307,3395.63219,2.3724519192461617,83.7337608797209,2.943736454004273,3.655131575137116,79.11056779945771,86.19867011494895,3.515590871682922
1,25gbit,1344,5,3298.5301244,40.20457762612838,49.92057660135217,3230.538875,3335.374926,1.2188634364356932,85.07877497877863,2.389675803101621,2.9671744120899497,81.26932212071836,87.00536111405415,2.8087802200933
2,1gbit,1728,5,4886.9081074000005,112.50178709361428,139.68941876772573,4770.635713,5047.777976,2.302105638599147,44.91497241098588,0.8122777020204031,1.00857597914242,43.77039368887274,45.84890942089478,1.808478684096278
2,10gbit,1728,5,7783.1768286,136.9016154691543,169.9858072239844,7590.017331,7969.987915,1.758942633374289,78.29101188277467,2.320085826268585,2.880767043220535,75.73666217282155,81.85753415273062,2.9634127474842904
2,25gbit,1728,5,7397.9682464,603.8861472993159,749.8236881155358,6530.8612220000005,7903.514149,8.16286481890726,74.43982788562882,5.324860902082277,6.611688077558381,66.63833774701071,78.44732605053491,7.153241824072356
3,1gbit,1920,5,2863.0483002,4.916713054578243,6.104905589368263,2857.693325,2869.903486,0.17173000728750482,28.903688427051975,0.255520027933768,0.31727001950537903,28.61141639628376,29.290932515857737,0.8840395182734462
3,10gbit,1920,5,5915.6981484,115.15225241135288,142.98040613124945,5763.286556,6033.766079,1.9465538897128776,62.225464209093694,0.611568155999118,0.759362161751969,61.28011103083788,62.98991611412039,0.98282618502305
3,25gbit,1920,5,5960.8054044,60.27704246736839,74.84383354993071,5885.802733,6023.780052,1.011223121339854,63.07933447004873,0.34727338947233,0.43119686524198597,62.62952626315084,63.531420827871955,0.5505343269549272
4,1gbit,2176,5,3445.934143,32.82007165251428,40.7515013893949,3396.353187,3472.526345,0.9524288709691188,26.165482536161207,0.177555883085373,0.220464747696385,25.852735553781635,26.28591935773491,0.6785882233969434
4,10gbit,2176,5,8107.011853,317.9583754778496,394.7974677582004,7577.768168,8431.834172,3.92201690639183,63.712823967174124,2.066086745170376,2.565385528644051,60.24067541412714,65.423624238693,3.2428114412804203
4,25gbit,2176,5,8054.0299698,199.6832888771564,247.9395508416872,7816.671192,8337.159438,2.479296571106688,64.32341575025264,1.6382082817623111,2.03410424502351,62.023056148527836,66.26281928785754,2.546830361315005
