Banda,Passo,Throughput/GPU (MSamples/s),Δ% throughput/GPU,Δ abs. throughput/GPU,ME (%),Δ% ME,Δ ME (pp)
10gbit,1->2,972.897103575,17.01083596739402,141.43812327499995,78.29101188277467,-6.500065134736339,-5.442748996946234
10gbit,2->3,492.9748457,-49.32918970685404,-479.922257875,62.225464209093694,-20.52029637544595,-16.065547673680967
10gbit,3->4,506.6882408125,2.781763660380612,13.713395112499995,63.712823967174124,2.3902750698371915,1.487359758080431
1gbit,1->2,610.8635134250001,-25.196236167860494,-205.7578464249999,44.91497241098588,-46.982817031853486,-39.80279246530233
1gbit,2->3,238.58735835,-60.94260778282789,-372.276155075,28.903688427051975,-35.647988019286096,-16.011283983933904
1gbit,3->4,215.3708839375,-9.730806599753787,-23.21647441250002,26.165482536161207,-9.473551784927174,-2.7382058908907716
25gbit,1->2,924.7460308,12.14037718915306,100.11349969999992,74.43982788562882,-12.504819322802314,-10.63894709314981
25gbit,2->3,496.7337837,-46.28430215912638,-428.0122471,63.07933447004873,-15.26131069651938,-11.360493415580086
25gbit,3->4,503.3768731125,1.3373540577445506,6.6430894124999895,64.32341575025264,1.9722485829247531,1.2440812802039014
