Nós,Banda,Throughput (MSamples/s),Masking Effectiveness (%),n
1,1gbit,3266.5 ± 100.1,84.7 ± 0.9 pp,5
1,10gbit,3325.8 ± 98.0,83.7 ± 3.7 pp,5
1,25gbit,3298.5 ± 49.9,85.1 ± 3.0 pp,5
2,1gbit,4886.9 ± 139.7,44.9 ± 1.0 pp,5
2,10gbit,7783.2 ± 170.0,78.3 ± 2.9 pp,5
2,25gbit,7398.0 ± 749.8,74.4 ± 6.6 pp,5
3,1gbit,2863.0 ± 6.1,28.9 ± 0.3 pp,5
3,10gbit,5915.7 ± 143.0,62.2 ± 0.8 pp,5
3,25gbit,5960.8 ± 74.8,63.1 ± 0.4 pp,5
4,1gbit,3445.9 ± 40.8,26.2 ± 0.2 pp,5
4,10gbit,8107.0 ± 394.8,63.7 ± 2.6 pp,5
4,25gbit,8054.0 ± 247.9,64.3 ± 2.0 pp,5
