experiment_id,reps_done,mean_total_time,sd_total_time,mean_msamples,sd_msamples,reps_me,mean_me,sd_me,Banda_Rede,Num_Nos,Num_GPUs,Topologia_MPI,Tamanho_Global_N,ci95_total_time,ci95_msamples,ci95_me,cv_msamples_pct
bench_10gbit_1n_4g_N64,5,2.2156732,0.031880943699959745,7.9273894,0.113917612349013,5,0.9015637255773971,0.03620494385699914,10gbit,1,4,1x2x2,64,0.03958542002100112,0.14144739801510198,0.04495437534422436,1.4370129509345537
bench_10gbit_1n_4g_N128,5,2.465999,0.024528078817958945,70.0785238,0.6920338609827555,5,0.9294712014783976,0.02165693559465098,10gbit,1,4,1x2x2,128,0.03045563241336396,0.8592735307202362,0.02689063723929575,0.9875120414319509
bench_10gbit_1n_4g_N256,5,3.5144542,0.06307648694006356,434.1198652,7.8332170398987255,5,0.9416755714713915,0.005559082444619064,10gbit,1,4,1x2x2,256,0.07831980296664683,9.726223588558506,0.006902512534530061,1.8043903695330654
bench_10gbit_1n_4g_N512,5,7.4451262,0.08671016864070814,1719.7537164,19.851100450284623,5,0.9116954103192185,0.003969103482113287,10gbit,1,4,1x2x2,512,0.10766489467934431,24.648396753844946,0.004928292898885266,1.1542990290400061
bench_10gbit_1n_4g_N1024,5,30.4676306,1.0930360144559745,3445.7574,122.20246247062327,5,0.8708855453335506,0.027193688000708163,10gbit,1,4,1x2x2,1024,1.3571834678901127,151.73439814161952,0.033765423368865025,3.5464615840518334
bench_10gbit_1n_4g_N1088,5,40.252321,0.7558824717715718,3130.4224042,58.82210705433934,5,0.8704475553962977,0.013246460820706603,10gbit,1,4,1x2x2,1088,0.9385520520720336,73.03729262786082,0.016447653504688076,1.879046961056098
bench_10gbit_1n_4g_N1152,5,39.9760748,1.9658495600555776,3752.1308978,175.61813297859166,5,0.8824751770472847,0.03532503075358271,10gbit,1,4,1x2x2,1152,2.4409246246057195,218.05871315127843,0.04386181892216443,4.680490573544821
bench_10gbit_1n_4g_N1216,5,55.415926,0.1419658140257729,3181.0353078,8.151614338729642,5,0.8763515209975163,0.003386403641415417,10gbit,1,4,1x2x2,1216,0.1762738402514932,10.12156605164218,0.004204775484931653,0.25625664445602425
bench_10gbit_1n_4g_N1280,5,50.1715394,0.7707515905382872,4102.8578434,63.46684847225633,5,0.8694488925292819,0.02599210773158114,10gbit,1,4,1x2x2,1280,0.9570145015296803,78.80450082745425,0.032273464407738005,1.546893674962473
bench_10gbit_1n_4g_N1344,5,71.7327222,1.7295863691356115,3325.8359212,78.90385814348767,5,0.837337608797209,0.02943736454004273,10gbit,1,4,1x2x2,1344,2.1475651263396545,97.97207997614552,0.03655131575137116,2.3724519192461617
bench_10gbit_1n_4g_N1408,5,68.5882904,1.107908607012918,4001.523431,65.05039957635597,5,0.8812173593321481,0.015917957020989457,10gbit,1,4,1x2x2,1408,1.3756502306280227,80.7707392227306,0.01976475415791745,1.625640851491892
bench_1gbit_1n_4g_N64,5,2.1699334,0.025561097184980237,8.0940498,0.09527782383744945,5,0.8893147715719447,0.02426648782116481,1gbit,1,4,1x2x2,64,0.031738294129177544,0.1183030436861614,0.030130824290390445,1.177134144114723
bench_1gbit_1n_4g_N128,5,2.4908856,0.03286983555328503,69.38243,0.9012559806661523,5,0.9360338862130749,0.01790319601472931,1gbit,1,4,1x2x2,128,0.04081329143339212,1.119057104358989,0.02222975394427449,1.2989686015121584
bench_1gbit_1n_4g_N256,5,3.5026908,0.027680005242051667,435.4866062,3.421559490528929,5,0.9346692480668977,0.010740572845073381,1gbit,1,4,1x2x2,256,0.03436926597914702,4.2484272371021845,0.013336182621812593,0.7856865037446309
bench_1gbit_1n_4g_N512,5,7.4981266,0.043199081012216124,1707.4595832,9.88099760801208,5,0.9094336341860739,0.009533377980747177,1gbit,1,4,1x2x2,512,0.053638743648356586,12.268878996206109,0.011837252219962267,0.5786958417776317
bench_1gbit_1n_4g_N1024,5,30.6974016,2.033150650527968,3427.6450812,210.73453176296866,5,0.8794915312514395,0.044100392089521864,1gbit,1,4,1x2x2,1024,2.5244899656851407,261.6614812684058,0.05475786916422937,6.148084961270017
bench_1gbit_1n_4g_N1088,5,40.6620066,0.8669621127767368,3099.1282118,65.70845711597005,5,0.8735367227880898,0.017602702239773477,1gbit,1,4,1x2x2,1088,1.0764756432415457,81.58782557841594,0.021856641642227486,2.120223902508571
bench_1gbit_1n_4g_N1152,5,39.7192208,0.8275340259117446,3770.7507724,78.37758525254107,5,0.8998499693270025,0.014250508899467856,1gbit,1,4,1x2x2,1152,1.027519207263234,97.31862587422653,0.01769434385655158,2.078567107278094
bench_1gbit_1n_4g_N1216,5,58.9072952,4.847759763623677,3007.4768974,227.94997612385774,5,0.8327712452271199,0.05982647383054161,1gbit,1,4,1x2x2,1216,6.019288770432309,283.03727874440176,0.07428437869486317,7.5794422999865185
bench_1gbit_1n_4g_N1280,5,50.5474586,1.348446000303423,4073.8142066,105.11538746368505,5,0.8664895894561215,0.02950865122379822,1gbit,1,4,1x2x2,1280,1.6743168520986225,130.517992270897,0.03663982986014169,2.580269549195132
bench_1gbit_1n_4g_N1344,5,73.0376924,1.7749973030625454,3266.4854394,80.61733368412614,5,0.8471776487628822,0.007177557290798805,1gbit,1,4,1x2x2,1344,2.2039502481215387,100.09964086675905,0.008912114483029821,2.4680144816115948
bench_25gbit_1n_4g_N64,5,2.1767898,0.03853387470395377,8.0696728,0.14216905573365807,5,0.902577208602147,0.009290227905070874,25gbit,1,4,1x2x2,64,0.04784612493119413,0.17652619816310763,0.01153534152483448,1.7617697675878268
bench_25gbit_1n_4g_N128,5,2.4799898,0.03713573460563283,69.6899882,1.025974588881078,5,0.9244858165524596,0.018174899403028823,25gbit,1,4,1x2x2,128,0.04611010470666394,1.2739157100855425,0.022567118259715975,1.4721979661363727
bench_25gbit_1n_4g_N256,5,3.4838406,0.03333605172032229,437.8530756,4.164820980103392,5,0.940214895971789,0.003951643988885417,25gbit,1,4,1x2x2,256,0.04139217526338285,5.171308269958097,0.0049066140747173375,0.9511914411920581
bench_25gbit_1n_4g_N512,5,7.481819,0.09033417368858805,1711.3341626000001,20.563511280753275,5,0.9154286891776936,0.002354236004166212,25gbit,1,4,1x2x2,512,0.1121646912766055,25.532971633968316,0.0029231700896482724,1.201607011076755
bench_25gbit_1n_4g_N1024,5,29.791632,0.29985757556046483,3520.6433652,35.44126154049534,5,0.8944183523777613,0.012941623445273567,25gbit,1,4,1x2x2,1024,0.3723223561620941,44.00613850575674,0.01606914791030595,1.0066700277232425
bench_25gbit_1n_4g_N1088,5,43.1999148,0.3141862920771674,2916.1303386,21.412797414394607,5,0.8386971492559866,0.006969746316214582,25gbit,1,4,1x2x2,1088,0.39011380760135134,26.58749965028443,0.008654083077456954,0.7342880779696096
bench_25gbit_1n_4g_N1152,3,40.995277333333334,2.720919082893926,3662.483862,234.38489958234416,3,0.8684438870113498,0.0370180162021081,25gbit,1,4,1x2x2,1152,6.759137704437923,582.2443681173153,0.09195785006184146,6.399615900405683
bench_25gbit_1n_4g_N1344,5,72.302143,0.8920877824426775,3298.5301244,40.20457762612838,5,0.8507877497877863,0.023896758031016214,25gbit,1,4,1x2x2,1344,1.1076732826965046,49.92057660135217,0.029671744120899502,1.2188634364356932
bench_10gbit_2n_8g_N1536,5,45.9194294,1.0378000005255372,7772.3231078,175.4633295657174,5,0.7890826634709374,0.025919675931520142,10gbit,2,8,2x2x2,1536,1.288598897988407,217.86649932671338,0.032183528449277174,2.257540340668921
bench_10gbit_2n_8g_N1600,5,60.76273,3.7310227922605246,6659.413148000001,388.1677538062977,5,0.785191320555655,0.03883400381714071,10gbit,2,8,2x2x2,1600,4.6326766776275745,481.9739251649019,0.04821878444585117,5.828858266931146
bench_10gbit_2n_8g_N1728,5,65.3937284,1.152019764173691,7783.1768286,136.9016154691543,5,0.7829101188277466,0.02320085826268585,10gbit,2,8,2x2x2,1728,1.4304214663936625,169.9858072239844,0.02880767043220535,1.758942633374289
bench_1gbit_2n_8g_N1536,5,85.7108132,5.578350890605278,4176.464936599999,272.4907025982116,5,0.3757359615800054,0.02199653790571315,1gbit,2,8,2x2x2,1536,6.926437470212477,338.34189526144826,0.02731230920264844,6.52443410239767
bench_1gbit_2n_8g_N1728,5,104.1678078,2.37469814695662,4886.9081074000005,112.50178709361428,5,0.4491497241098588,0.008122777020204038,1gbit,2,8,2x2x2,1728,2.9485771956772266,139.68941876772573,0.010085759791424202,2.302105638599147
bench_25gbit_2n_8g_N1536,5,49.0899816,5.115400969171071,7327.9711748,728.5509549939353,5,0.7407758039617068,0.07029825424722251,25gbit,2,8,2x2x2,1536,6.351609219796362,904.6154916729403,0.08728681143535104,9.942055415001267
bench_25gbit_2n_8g_N1664,5,78.8875182,0.31073736605564756,5756.7597386,22.717736860444816,5,0.7926747898667328,0.011433165699075524,25gbit,2,8,2x2x2,1664,0.3858314003279619,28.207795980280938,0.014196150234040248,0.39462714950771244
bench_25gbit_2n_8g_N1728,5,69.167641,5.915473038620366,7397.9682464,603.8861472993159,5,0.7443982788562882,0.05324860902082276,25gbit,2,8,2x2x2,1728,7.345029904399934,749.8236881155358,0.06611688077558381,8.16286481890726
bench_25gbit_2n_8g_N1792,5,75.526736,3.5476140540249017,7531.1337074,358.08272868681183,5,0.7601425271140478,0.03626201912432994,25gbit,2,8,2x2x2,1792,4.404944650404424,444.6184325889805,0.04502524364885688,4.754698862071246
bench_10gbit_3n_12g_N1920,5,118.1924114,2.3056005996713287,5915.6981484,115.15225241135289,5,0.622254642090937,0.006115681559991188,10gbit,3,12,2x2x3,1920,2.8627812588488983,142.98040613124945,0.0075936216175196926,1.9465538897128778
bench_10gbit_3n_12g_N1984,1,119.915541,NA,6434.063589,NA,1,0.6014529358345397,NA,10gbit,3,12,2x2x3,1984,NA,NA,NA,NA
bench_1gbit_3n_12g_N1920,5,244.13835459999999,0.41900507615635785,2863.0483002,4.916713054578243,5,0.28903688427051977,0.002555200279337681,1gbit,3,12,2x2x3,1920,0.520263518127976,6.104905589368263,0.0031727001950537996,0.17173000728750482
bench_1gbit_3n_12g_N1984,5,255.99367239999998,1.107293015976712,3013.9641594,13.022838196688737,5,0.2799498171408744,8.504017769582182e-4,1gbit,3,12,2x2x3,1984,1.3748858734007487,16.169989343261232,0.0010559132704575267,0.4320833794945072
bench_25gbit_3n_12g_N1920,5,117.2719852,1.1868452278510055,5960.8054044,60.27704246736839,5,0.6307933447004873,0.0034727338947233015,25gbit,3,12,2x2x3,1920,1.473662990862537,74.84383354993071,0.004311968652419864,1.0112231213398541
bench_10gbit_4n_16g_N2176,5,125.8552256,5.118060137241096,8107.011853,317.9583754778496,5,0.6371282396717413,0.020660867451703764,10gbit,4,16,2x2x4,2176,6.3549110130540845,394.7974677582004,0.02565385528644051,3.92201690639183
bench_1gbit_4n_16g_N2176,5,295.7348972,2.834291245499436,3445.934143,32.82007165251428,5,0.26165482536161205,0.001775558830853738,1gbit,4,16,2x2x4,2176,3.519237399960756,40.7515013893949,0.0022046474769638535,0.9524288709691188
bench_25gbit_4n_16g_N2176,5,126.5834468,3.120051488362447,8054.0299698,199.6832888771564,5,0.6432341575025263,0.016382082817623118,25gbit,4,16,2x2x4,2176,3.874055605641721,247.9395508416872,0.020341042450235106,2.479296571106688
1gbit_1n_4g_N64,5,2.192974,0.023230191820129212,8.0088454,0.08566054322907365,5,0.8953383091540361,0.014269401964865243,NA,NA,NA,NA,NA,0.02884409285442201,0.10636161259411797,0.017717802695671223,1.0695741889220842
full_1x2x2_N64,1,2.194522,NA,8.002471,NA,1,0.9223255185633606,NA,NA,NA,NA,NA,NA,NA,NA,NA,NA
full_2x2x2_N1536,1,44.187451,NA,8073.672266,NA,1,0.8764858825089709,NA,NA,NA,NA,NA,NA,NA,NA,NA,NA
