nodes,rank,n_reps,n_iter,mean_boundaries_s,mean_interior_s,mean_bookkeeping_s,mean_kernel_s,median_kernel_s,sd_kernel_s
1,0,5,495,0.09575879405050486,0.18106693450505065,0.012351317353535302,0.27682572855555554,0.27192902599999513,0.012982538262253741
1,1,5,495,0.06782465411717169,0.1803480519010102,0.011251705830303143,0.24817270601818187,0.25226736099999414,0.012457584986660322
1,2,5,495,0.08952276198989866,0.18089343370505054,0.01269027488080805,0.2704161956949492,0.27005863199998714,0.00376101319507573
1,3,5,495,0.03596200945050544,0.1801721293575758,0.010842055042424192,0.21613413880808122,0.21595621000000165,0.0015980529249866836
2,0,5,495,0.069247035290909,0.18308689763434347,0.014190953694949339,0.25233393292525247,0.2496895780000017,0.007370970793560901
2,1,5,495,0.02982847710505087,0.18358217008282823,0.018772436383838267,0.2134106471878791,0.2095210550000104,0.00883627259481012
2,2,5,495,0.02919720299393955,0.18355756335151494,0.01542997793939355,0.21275476634545448,0.20926117900000918,0.008491327860324424
2,3,5,495,0.023953316436363364,0.18271508938787873,0.014799047242424283,0.2066684058242421,0.20645237099999747,0.001459659355112084
2,4,5,495,0.06926367211919238,0.1829690345454541,0.01572066703232319,0.2522327066646465,0.2503392699999978,0.004946667664168394
2,5,5,495,0.024125852486868424,0.18282869699595947,0.023231990886868698,0.20695454948282788,0.20681023599999548,0.0013789336360048525
2,6,5,495,0.02401998934545445,0.1830123140343431,0.01605215457575744,0.20703230337979753,0.20692873000000134,0.0012079374392095779
2,7,5,495,0.023987876537373543,0.18307070443232365,0.01767101577373741,0.20705858096969718,0.20688819800000147,0.0015528776372042967
3,0,5,495,0.08349645688282921,0.17802096040606105,0.010677530791918835,0.2615174172888903,0.26168012599998747,0.0035689408018660367
3,1,5,495,0.027105474004040654,0.17849917651111075,0.012044750577777649,0.2056046505151514,0.2051970950000026,0.0022224823066638076
3,2,5,495,0.02747142338989867,0.17861074007474717,0.012785064787878738,0.20608216346464583,0.20577549900002623,0.0019422314935245836
3,3,5,495,0.025760944945454695,0.17791380690100922,0.013292846292929449,0.20367475184646391,0.20330977500000813,0.002523628618162443
3,4,5,495,0.0799536897979803,0.1776627126343438,0.027898586135353558,0.2576164024323241,0.2564172749999898,0.004156544630812363
3,5,5,495,0.025844465141413434,0.17747116280201972,0.07330943647474711,0.20331562794343316,0.20322179799998707,9.667625803883294e-4
3,6,5,495,0.02576916820000037,0.17763566105050543,0.05851647296363544,0.20340482925050582,0.20332121799999925,7.617232447795505e-4
3,7,5,495,0.025563511690909212,0.17780893305656573,0.04088030342828283,0.20337244474747493,0.2033193100000119,7.695492708894584e-4
3,8,5,495,0.117559249945454,0.1796121838040405,0.019321975361616367,0.2971714337494945,0.2956457140000026,0.006950295556368235
3,9,5,495,0.02802886913131349,0.17974681758383837,0.020812461834343755,0.20777568671515187,0.20766091400001585,0.0016766220824450209
3,10,5,495,0.028031320232322583,0.17897412656565695,0.02338578388888876,0.20700544679797953,0.20690464999999847,0.002532453532579741
3,11,5,495,0.02779358277979838,0.17893107780606096,0.049544430252524994,0.20672466058585934,0.20662880000000428,7.128899460734188e-4
4,0,5,495,0.10660517575959613,0.19843688445454638,0.015344452119191804,0.3050420602141425,0.30637121200001616,0.004247948394313473
4,1,5,495,0.03479634631919272,0.19771055643838412,0.019462715030303456,0.23250690275757685,0.23062396100002047,0.007194601466303801
4,2,5,495,0.03344437667474738,0.19822957063030267,0.01801522953131252,0.23167394730505006,0.2307257639999989,0.0031818051880575264
4,3,5,495,0.03177865249697003,0.19754447408282869,0.02840672600000025,0.22932312657979873,0.22890186300000437,0.002871335785450596
4,4,5,495,0.10259290559595921,0.1979300864929294,0.036826278234343646,0.3005229920888886,0.29988980300001344,0.005651683385288202
4,5,5,495,0.031400827957576316,0.1980518654383835,0.03361622929696862,0.2294526933959598,0.22938752199999612,7.360346187934796e-4
4,6,5,495,0.03136680152121194,0.1979340264525253,0.05597003929090908,0.22930082797373727,0.22930598300000327,6.202634792673624e-4
4,7,5,495,0.031252698210102015,0.19792799614747472,0.029809366561615827,0.22918069435757674,0.2290835379999976,7.894726319484549e-4
4,8,5,495,0.10242967798787841,0.19728676718787866,0.058013650634344736,0.2997164451757571,0.2975471010000206,0.006735232022503401
4,9,5,495,0.031246207472727515,0.19734696668080803,0.03701215370101013,0.22859317415353556,0.22852993000000765,7.025441085117158e-4
4,10,5,495,0.031245811058585996,0.1969688800767679,0.050348691771716254,0.2282146911353539,0.22809910699999136,9.234730520342694e-4
4,11,5,495,0.03106737138383835,0.19730311257979807,0.03161804701010143,0.22837048396363643,0.22831702199999881,7.465522969435434e-4
4,12,5,495,0.14703601296767685,0.197841521955556,0.022160682810100828,0.34487753492323286,0.34341883700000153,0.00590146902660495
4,13,5,495,0.031585736248485236,0.19794751806060581,0.02681928886060567,0.22953325430909105,0.22941803900002355,8.92405606695865e-4
4,14,5,495,0.03146650381010092,0.19708603944848488,0.027193333909091715,0.2285525432585858,0.22848320099998887,7.819026370352701e-4
4,15,5,495,0.03132376718787907,0.1971475871131315,0.04072631826464558,0.22847135430101054,0.22830247800000336,0.0019905258906172986
