experiment_id,rep,n_ranks,window_length_s,comm_duration_s,comm_ratio,masking_effectiveness
strongscale_native_np02_1x1x2_N968,1,2,21.513063192,7.789863331999911,0.18104960838158798,0.818950391618412
strongscale_native_np02_1x1x2_N968,2,2,21.629111765999998,7.946930167000065,0.1837091197497136,0.8162908802502864
strongscale_native_np02_1x1x2_N968,3,2,21.606921196,7.873843898000043,0.18220652138671417,0.8177934786132859
strongscale_native_np02_1x1x2_N968,4,2,21.628486872000003,7.953737249999939,0.18387179133406595,0.816128208665934
strongscale_native_np02_1x1x2_N968,5,2,20.801365137,7.116525665000083,0.1710591016053487,0.8289408983946513
strongscale_native_np02_1x2x1_N968,1,2,23.734558343999996,8.098156904000174,0.1705984326025463,0.8294015673974537
strongscale_native_np02_1x2x1_N968,2,2,25.982295037,10.332060333999785,0.19882886248667503,0.801171137513325
strongscale_native_np02_1x2x1_N968,3,2,22.921977997,7.336832047000005,0.1600392437328105,0.8399607562671895
strongscale_native_np02_1x2x1_N968,4,2,23.083672047,7.492712274000027,0.16229463533237545,0.8377053646676246
strongscale_native_np02_1x2x1_N968,5,2,23.528856993,7.9430549219999875,0.1687938968808196,0.8312061031191804
strongscale_native_np02_2x1x1_N968,1,2,35.256120205,8.394759661000041,0.11905393463869432,0.8809460653613057
strongscale_native_np02_2x1x1_N968,2,2,38.57618141099999,12.320653446000055,0.1596924967084329,0.8403075032915671
strongscale_native_np02_2x1x1_N968,3,2,34.755666495,7.910358187999936,0.1137995467463979,0.8862004532536021
strongscale_native_np02_2x1x1_N968,4,2,35.375268221,8.45881794899994,0.11955835777915726,0.8804416422208428
strongscale_native_np02_2x1x1_N968,5,2,36.164536953,9.922593838000036,0.13718679504863554,0.8628132049513645
strongscale_native_np04_1x1x4_N968,1,4,24.195047378,25.69875046700004,0.26553730258829045,0.7344626974117096
strongscale_native_np04_1x1x4_N968,2,4,23.616178988999998,24.943336278000025,0.2640492381263094,0.7359507618736906
strongscale_native_np04_1x1x4_N968,3,4,22.638603925,19.585159775,0.21628056040783442,0.7837194395921656
strongscale_native_np04_1x1x4_N968,4,4,22.368339301,19.65398171000019,0.2196629513430344,0.7803370486569656
strongscale_native_np04_1x1x4_N968,5,4,23.886737109000002,25.07748607899991,0.26246244897917914,0.7375375510208209
strongscale_native_np04_1x2x2_N968,1,4,13.931288241999999,8.160560416999967,0.14644303303547943,0.8535569669645205
strongscale_native_np04_1x2x2_N968,2,4,14.708904028000001,10.710439408000086,0.1820400654530684,0.8179599345469316
strongscale_native_np04_1x2x2_N968,3,4,13.537616253000001,7.9793124440002625,0.14735445840090217,0.8526455415990979
strongscale_native_np04_1x2x2_N968,4,4,14.285021781999998,8.469966412999883,0.1482315977927412,0.8517684022072588
strongscale_native_np04_1x2x2_N968,5,4,18.428610325,21.800733059000045,0.29574575448895174,0.7042542455110483
strongscale_native_np04_1x4x1_N968,1,4,27.608661414,27.902010943000207,0.25265631792683957,0.7473436820731605
strongscale_native_np04_1x4x1_N968,2,4,26.460438966999995,25.489701947999976,0.240828411612798,0.759171588387202
strongscale_native_np04_1x4x1_N968,3,4,25.103517294,19.692502250999986,0.19611297911335615,0.8038870208866439
strongscale_native_np04_1x4x1_N968,4,4,26.334314585,25.82194113699994,0.24513587636440792,0.7548641236355921
strongscale_native_np04_1x4x1_N968,5,4,26.565687656,24.672969787000213,0.23218832226828967,0.7678116777317103
strongscale_native_np04_2x1x2_N968,1,4,22.784559727,9.778563022999936,0.10729374563481482,0.8927062543651851
strongscale_native_np04_2x1x2_N968,2,4,23.098466158,11.684022230000151,0.12645885391348233,0.8735411460865177
strongscale_native_np04_2x1x2_N968,3,4,22.728201627999997,12.85896511500003,0.14144283526548834,0.8585571647345116
strongscale_native_np04_2x1x2_N968,4,4,22.872542619,12.582162859999894,0.13752475041349374,0.8624752495865062
strongscale_native_np04_2x1x2_N968,5,4,22.712786198000003,10.34453846399974,0.11386249989125771,0.8861375001087423
strongscale_native_np04_2x2x1_N968,1,4,24.378732205000002,10.608009102000196,0.10878343685797293,0.891216563142027
strongscale_native_np04_2x2x1_N968,2,4,24.37296772,10.339324935000164,0.10605320055583453,0.8939467994441654
strongscale_native_np04_2x2x1_N968,3,4,24.231545687,9.457374812999902,0.09757296269046609,0.9024270373095339
strongscale_native_np04_2x2x1_N968,4,4,28.567782162999997,23.832743599000146,0.20856312421294199,0.791436875787058
strongscale_native_np04_2x2x1_N968,5,4,24.406550406999997,9.713635973000065,0.0994982475095509,0.9005017524904491
strongscale_native_np04_4x1x1_N968,1,4,50.016520023,45.999134975000054,0.2299197092972854,0.7700802907027147
strongscale_native_np04_4x1x1_N968,2,4,52.589389563,53.37044167500025,0.2537129738455349,0.7462870261544652
strongscale_native_np04_4x1x1_N968,3,4,49.968827248,46.60793593000005,0.23318506005094175,0.7668149399490582
strongscale_native_np04_4x1x1_N968,4,4,50.827029467,46.108537668999944,0.2267914245260802,0.7732085754739197
strongscale_native_np04_4x1x1_N968,5,4,49.784122229000005,46.17276241300011,0.2318649016277311,0.7681350983722689
strongscale_native_np08_1x1x8_N968,1,8,10.604777812999998,24.995608577000006,0.29462673591283106,0.7053732640871689
strongscale_native_np08_1x1x8_N968,2,8,10.358288765,23.70316862299999,0.2860410773530891,0.713958922646911
strongscale_native_np08_1x1x8_N968,3,8,10.468118667999999,23.45985671199987,0.28013458597525176,0.7198654140247482
strongscale_native_np08_1x1x8_N968,4,8,10.207186221999999,23.704829734999944,0.2902958418147094,0.7097041581852905
strongscale_native_np08_1x1x8_N968,5,8,10.441581248999999,23.934392000000095,0.28652738782131676,0.7134726121786832
strongscale_native_np08_1x2x4_N968,1,8,11.150106906999998,19.475008207000055,0.2183275950786368,0.7816724049213633
strongscale_native_np08_1x2x4_N968,2,8,11.189809559999999,20.11752986900022,0.22473047643404465,0.7752695235659554
strongscale_native_np08_1x2x4_N968,3,8,10.952956915,17.997090088000114,0.2053907705890044,0.7946092294109957
strongscale_native_np08_1x2x4_N968,4,8,11.292221784999999,20.51238989199973,0.227063264016468,0.772936735983532
strongscale_native_np08_1x2x4_N968,5,8,11.223502398,19.167725193000116,0.21347753706115566,0.7865224629388443
strongscale_native_np08_1x4x2_N968,1,8,12.287650108000001,22.04923085299991,0.2243027619113736,0.7756972380886265
strongscale_native_np08_1x4x2_N968,2,8,12.234528541000001,20.82178236200003,0.21273584728073774,0.7872641527192623
strongscale_native_np08_1x4x2_N968,3,8,12.047400951,18.804042409999834,0.19510476249691636,0.8048952375030837
strongscale_native_np08_1x4x2_N968,4,8,12.154596327999998,19.173169279999797,0.19718023497653545,0.8028197650234645
strongscale_native_np08_1x4x2_N968,5,8,12.393342734,20.91925100699984,0.2109928234858884,0.7890071765141116
strongscale_native_np08_1x8x1_N968,1,8,12.937224387999999,26.931778401999757,0.2602159628129015,0.7397840371870985
strongscale_native_np08_1x8x1_N968,2,8,12.394575596,23.31692387699996,0.23515250377476463,0.7648474962252354
strongscale_native_np08_1x8x1_N968,3,8,12.24218893,23.38699791700006,0.23879510080596408,0.7612048991940359
strongscale_native_np08_1x8x1_N968,4,8,12.479757309,23.57469502000005,0.23612934166394745,0.7638706583360526
strongscale_native_np08_1x8x1_N968,5,8,12.350876569999999,24.17331482299999,0.24465181363843871,0.7553481863615613
strongscale_native_np08_2x1x4_N968,1,8,15.657008171000001,25.66357609300048,0.20488888915360198,0.795111110846398
strongscale_native_np08_2x1x4_N968,2,8,15.691893816000002,25.291695147999974,0.20147102259106928,0.7985289774089307
strongscale_native_np08_2x1x4_N968,3,8,15.728657006999999,23.80416966200015,0.18917833902956688,0.8108216609704331
strongscale_native_np08_2x1x4_N968,4,8,15.971039056,26.60265596400023,0.20821012232455646,0.7917898776754435
strongscale_native_np08_2x1x4_N968,5,8,15.489445447999998,23.75694509599992,0.19171881569094057,0.8082811843090594
strongscale_native_np08_2x2x2_N968,1,8,14.063248158000002,19.23710416100015,0.17098738450100656,0.8290126154989934
strongscale_native_np08_2x2x2_N968,2,8,13.881083727000002,18.824890211999623,0.16951927693678068,0.8304807230632193
strongscale_native_np08_2x2x2_N968,3,8,14.024809361,19.737868284000065,0.17591922086020345,0.8240807791397966
strongscale_native_np08_2x2x2_N968,4,8,13.880355596,17.931958428000222,0.16148684289802887,0.8385131571019712
strongscale_native_np08_2x2x2_N968,5,8,13.821252107,17.97613755299992,0.16257696312383674,0.8374230368761633
strongscale_native_np08_2x4x1_N968,1,8,17.932839631999997,22.254811219999937,0.15512609601080454,0.8448739039891955
strongscale_native_np08_2x4x1_N968,2,8,17.738292932,21.752232302000255,0.153285834672675,0.846714165327325
strongscale_native_np08_2x4x1_N968,3,8,17.828029871000002,23.848213205000373,0.16721009961252867,0.8327899003874714
strongscale_native_np08_2x4x1_N968,4,8,17.732711553999998,20.37140183599996,0.14360044270418382,0.8563995572958162
strongscale_native_np08_2x4x1_N968,5,8,17.786110639,22.894008949000362,0.16089808371876535,0.8391019162812346
strongscale_native_np08_4x1x2_N968,1,8,24.956160307,45.39441199200007,0.2273707745581524,0.7726292254418476
strongscale_native_np08_4x1x2_N968,2,8,25.025580166999998,43.97519988099988,0.2196512507779331,0.7803487492220669
strongscale_native_np08_4x1x2_N968,3,8,24.984987497,41.466055054000286,0.20745485193348207,0.792545148066518
strongscale_native_np08_4x1x2_N968,4,8,25.666768313,47.85400274599999,0.233054285226095,0.7669457147739049
strongscale_native_np08_4x1x2_N968,5,8,25.710498333000004,47.93760993600003,0.23306437566435181,0.7669356243356482
strongscale_native_np08_4x2x1_N968,1,8,25.778230904999997,35.445260508999624,0.17187593593808542,0.8281240640619145
strongscale_native_np08_4x2x1_N968,2,8,25.747679949000002,34.18121793699978,0.16594319373971073,0.8340568062602893
strongscale_native_np08_4x2x1_N968,3,8,25.667890549,33.08785892499995,0.1611344865963724,0.8388655134036276
strongscale_native_np08_4x2x1_N968,4,8,25.720803976,32.7693316510001,0.15925499296978168,0.8407450070302183
strongscale_native_np08_4x2x1_N968,5,8,25.871060848999996,34.21415906200026,0.16531095913352717,0.8346890408664729
strongscale_native_np08_8x1x1_N968,1,8,45.439429759999996,113.5843943849998,0.3124609919868188,0.6875390080131811
strongscale_native_np08_8x1x1_N968,2,8,45.089590310999995,111.19853617099984,0.3082710870846835,0.6917289129153166
strongscale_native_np08_8x1x1_N968,3,8,45.328196287,113.51377291300004,0.3130330076291704,0.6869669923708296
strongscale_native_np08_8x1x1_N968,4,8,45.233657837,113.39985441699943,0.31337244167174444,0.6866275583282555
strongscale_native_np08_8x1x1_N968,5,8,45.517066240000005,114.77136871899941,0.31518773671022354,0.6848122632897764
strongscale_native_np12_12x1x1_N968,1,12,48.406798124000005,181.48926258900005,0.3124376286365344,0.6875623713634655
strongscale_native_np12_12x1x1_N968,2,12,45.230160475000005,131.51536503099973,0.2423076468773751,0.757692353122625
strongscale_native_np12_12x1x1_N968,3,12,48.194851876,176.5211794010003,0.3052213610130837,0.6947786389869163
strongscale_native_np12_12x1x1_N968,4,12,48.544940949,176.93733910499978,0.30373460077416603,0.696265399225834
strongscale_native_np12_12x1x1_N968,5,12,47.10567689,152.2884571199999,0.2694092431711576,0.7305907568288423
strongscale_native_np12_1x12x1_N968,1,12,12.903911352000002,35.85109400099994,0.2315260144969101,0.7684739855030899
strongscale_native_np12_1x12x1_N968,2,12,13.006529331,37.487913064999994,0.2401864998659469,0.7598135001340531
strongscale_native_np12_1x12x1_N968,3,12,12.47779417,33.14031095099999,0.22132858914197004,0.7786714108580299
strongscale_native_np12_1x12x1_N968,4,12,13.78557086,46.90450437699986,0.2835362233293342,0.7164637766706659
strongscale_native_np12_1x12x1_N968,5,12,12.912296771999998,37.33589308400007,0.24095824922592424,0.7590417507740758
strongscale_native_np12_1x1x12_N968,1,12,10.524534464,35.74264309499996,0.2830104838782536,0.7169895161217463
strongscale_native_np12_1x1x12_N968,2,12,10.741278648999998,37.11859463100001,0.28797467418257283,0.7120253258174272
strongscale_native_np12_1x1x12_N968,3,12,10.951876640000002,36.88536233499995,0.280662419384531,0.7193375806154689
strongscale_native_np12_1x1x12_N968,4,12,10.965167045999998,40.57455444100002,0.3083594491446232,0.6916405508553768
strongscale_native_np12_1x1x12_N968,5,12,11.143550871999999,41.259243563999945,0.3085435097388225,0.6914564902611775
strongscale_native_np12_1x2x6_N968,1,12,7.391024828000001,25.45837261199993,0.2870415267667389,0.7129584732332611
strongscale_native_np12_1x2x6_N968,2,12,7.488258838999999,26.865858409999927,0.29897758374837885,0.7010224162516212
strongscale_native_np12_1x2x6_N968,3,12,7.503355503,28.569917065000126,0.3173015620986423,0.6826984379013576
strongscale_native_np12_1x2x6_N968,4,12,7.1331925400000005,26.33303236599992,0.30763495468935237,0.6923650453106476
strongscale_native_np12_1x2x6_N968,5,12,7.526912213,27.054078170000047,0.2995260805982075,0.7004739194017925
strongscale_native_np12_1x3x4_N968,1,12,11.922755957,33.84508747799978,0.2365580547544526,0.7634419452455474
strongscale_native_np12_1x3x4_N968,2,12,11.558392048000002,29.421655966999555,0.21212333460698593,0.787876665393014
strongscale_native_np12_1x3x4_N968,3,12,12.063295841999999,33.86111855099993,0.23391284738501192,0.766087152614988
strongscale_native_np12_1x3x4_N968,4,12,12.261044740000003,36.34313251600009,0.24700948740958106,0.7529905125904189
strongscale_native_np12_1x3x4_N968,5,12,12.129878520999998,36.98154279800017,0.25406645481496665,0.7459335451850333
strongscale_native_np12_1x4x3_N968,1,12,12.378258466999998,34.6223678440002,0.23308588425626953,0.7669141157437305
strongscale_native_np12_1x4x3_N968,2,12,12.126349926,31.76859151599995,0.21831652908655555,0.7816834709134445
strongscale_native_np12_1x4x3_N968,3,12,12.566959141999998,35.66950471399988,0.2365296721807912,0.7634703278192088
strongscale_native_np12_1x4x3_N968,4,12,12.658665179999998,37.306201406999854,0.24559067429651288,0.7544093257034872
strongscale_native_np12_1x4x3_N968,5,12,12.301123858,32.57421152099996,0.22067232702356848,0.7793276729764316
strongscale_native_np12_1x6x2_N968,1,12,8.523611545000001,26.353774734999952,0.257654620108961,0.742345379891039
strongscale_native_np12_1x6x2_N968,2,12,8.018781901,25.26795684700008,0.26259138814097793,0.7374086118590221
strongscale_native_np12_1x6x2_N968,3,12,8.336141587,23.593623974000007,0.2358567582672546,0.7641432417327454
strongscale_native_np12_1x6x2_N968,4,12,8.381219863999998,24.84991968899989,0.2470793839504019,0.752920616049598
strongscale_native_np12_1x6x2_N968,5,12,8.276078940000001,25.690788340999916,0.25868518702368243,0.7413148129763176
strongscale_native_np12_2x1x6_N968,1,12,10.726682425,34.30894751899993,0.2665389769769996,0.7334610230230004
strongscale_native_np12_2x1x6_N968,2,12,11.124621867999998,41.75718355099998,0.31279852359981947,0.6872014764001806
strongscale_native_np12_2x1x6_N968,3,12,10.775804042,36.14558342100002,0.27952735034989995,0.7204726496501
strongscale_native_np12_2x1x6_N968,4,12,10.583344936,36.336507574999914,0.286113919203045,0.7138860807969549
strongscale_native_np12_2x1x6_N968,5,12,11.594339131999998,46.94948557499993,0.3374454625405721,0.6625545374594279
strongscale_native_np12_2x2x3_N968,1,12,10.644670963,28.74610749700007,0.22504302541712481,0.7749569745828752
strongscale_native_np12_2x2x3_N968,2,12,10.561994075000001,30.71390438899986,0.24233037949480718,0.7576696205051928
strongscale_native_np12_2x2x3_N968,3,12,10.428159235999999,30.32608067900012,0.24234127353870769,0.7576587264612923
strongscale_native_np12_2x2x3_N968,4,12,11.117630243,36.19069067100002,0.27127101939272524,0.7287289806072748
strongscale_native_np12_2x2x3_N968,5,12,10.985631228,34.670930487999875,0.2630021113369675,0.7369978886630325
strongscale_native_np12_2x3x2_N968,1,12,11.165831804,34.00045032799981,0.25375367553464634,0.7462463244653537
strongscale_native_np12_2x3x2_N968,2,12,11.146123410000001,30.28539446300009,0.2264269629073373,0.7735730370926627
strongscale_native_np12_2x3x2_N968,3,12,11.158253908999999,32.53919208099984,0.24301287299943983,0.7569871270005601
strongscale_native_np12_2x3x2_N968,4,12,11.004058360999998,30.479193913999787,0.23081782582765503,0.769182174172345
strongscale_native_np12_2x3x2_N968,5,12,11.283270359,32.958263117999756,0.24341541407002104,0.7565845859299789
strongscale_native_np12_2x6x1_N968,1,12,12.748344420999999,32.90558105500004,0.21509708743562797,0.7849029125643721
strongscale_native_np12_2x6x1_N968,2,12,12.819766998,33.882665495999916,0.2202501385899208,0.7797498614100792
strongscale_native_np12_2x6x1_N968,3,12,12.435862541,31.683105760000156,0.21231006732573904,0.787689932674261
strongscale_native_np12_2x6x1_N968,4,12,12.642725944,33.84436628600001,0.2230819421111599,0.7769180578888402
strongscale_native_np12_2x6x1_N968,5,12,12.797521591999999,34.74156638300009,0.2262258759326088,0.7737741240673912
strongscale_native_np12_3x1x4_N968,1,12,20.774051666000002,74.93059370199998,0.3005776746022526,0.6994223253977474
strongscale_native_np12_3x1x4_N968,2,12,20.215001584,72.53661055500021,0.2990213738610023,0.7009786261389976
strongscale_native_np12_3x1x4_N968,3,12,20.678675413,78.58073636800029,0.316673798807084,0.683326201192916
strongscale_native_np12_3x1x4_N968,4,12,20.232785463,72.4723767539996,0.2984939834677852,0.7015060165322148
strongscale_native_np12_3x1x4_N968,5,12,20.440989017,73.9007217450002,0.3012766884042799,0.6987233115957201
strongscale_native_np12_3x2x2_N968,1,12,15.490799189,52.472390264,0.282277185012618,0.717722814987382
strongscale_native_np12_3x2x2_N968,2,12,15.630105018999998,54.555492667000074,0.290867594943019,0.7091324050569809
strongscale_native_np12_3x2x2_N968,3,12,16.063648939,59.43125639200008,0.30831131321036276,0.6916886867896372
strongscale_native_np12_3x2x2_N968,4,12,15.584406137999999,55.350769966000065,0.2959730465818883,0.7040269534181117
strongscale_native_np12_3x2x2_N968,5,12,15.463573455999999,53.26995438700011,0.28707225262094316,0.7129277473790568
strongscale_native_np12_3x4x1_N968,1,12,22.060148955,69.1221792100002,0.2611125433732753,0.7388874566267247
strongscale_native_np12_3x4x1_N968,2,12,22.25275135,69.89121960300002,0.2617325025855736,0.7382674974144263
strongscale_native_np12_3x4x1_N968,3,12,22.227101802,68.137644236,0.25546007168400814,0.7445399283159919
strongscale_native_np12_3x4x1_N968,4,12,21.906559467,66.30514190399948,0.2522271240412467,0.7477728759587533
strongscale_native_np12_3x4x1_N968,5,12,22.11783123,68.56914753200022,0.2583479170379168,0.7416520829620832
strongscale_native_np12_4x1x3_N968,1,12,23.853522062,84.54112095399996,0.29534814165060175,0.7046518583493983
strongscale_native_np12_4x1x3_N968,2,12,23.385979889999998,77.41585286000006,0.27586276487072925,0.7241372351292708
strongscale_native_np12_4x1x3_N968,3,12,24.203611136000003,86.45266391299961,0.2976575941059043,0.7023424058940957
strongscale_native_np12_4x1x3_N968,4,12,23.577879429,79.87199306400004,0.2822984756556753,0.7177015243443248
strongscale_native_np12_4x1x3_N968,5,12,24.371767521000002,90.12691298899995,0.30816706568143465,0.6918329343185654
strongscale_native_np12_4x3x1_N968,1,12,24.612434149000002,73.83467640399965,0.24999110868452215,0.7500088913154779
strongscale_native_np12_4x3x1_N968,2,12,24.548004628,72.98867077000028,0.2477753008037015,0.7522246991962985
strongscale_native_np12_4x3x1_N968,3,12,24.7174263,73.55104781499998,0.2479729851397729,0.752027014860227
strongscale_native_np12_4x3x1_N968,4,12,25.049547196,76.14500866599982,0.25331465432024164,0.7466853456797584
strongscale_native_np12_4x3x1_N968,5,12,24.787274122,73.83622181899973,0.24823296239159753,0.7517670376084025
strongscale_native_np12_6x1x2_N968,1,12,23.485175847999997,74.94551629599992,0.2659319960708402,0.7340680039291598
strongscale_native_np12_6x1x2_N968,2,12,24.078063011,76.57699497299978,0.26503029935732986,0.7349697006426701
strongscale_native_np12_6x1x2_N968,3,12,24.124195099,80.25304806199999,0.2772218504170482,0.7227781495829517
strongscale_native_np12_6x1x2_N968,4,12,24.186337471,80.31676939600008,0.2767291295905585,0.7232708704094415
strongscale_native_np12_6x1x2_N968,5,12,23.703807115,73.59214533099991,0.25872125721536554,0.7412787427846345
strongscale_native_np12_6x2x1_N968,1,12,23.726366997,63.206607100000205,0.22199847363902556,0.7780015263609744
strongscale_native_np12_6x2x1_N968,2,12,24.036692142,68.34176104500034,0.23693554504526582,0.7630644549547342
strongscale_native_np12_6x2x1_N968,3,12,23.95275259,70.01711611399986,0.24359453696368077,0.7564054630363193
strongscale_native_np12_6x2x1_N968,4,12,23.522762298,63.13983524800018,0.2236834633056984,0.7763165366943016
strongscale_native_np12_6x2x1_N968,5,12,24.390961408,71.56499058100006,0.24450652499197043,0.7554934750080295
strongscale_native_np16_16x1x1_N968,1,16,63.839753865999995,479.4217768349999,0.4693605353661264,0.5306394646338737
strongscale_native_np16_16x1x1_N968,2,16,63.508151770000005,463.3766137150003,0.4560208028423233,0.5439791971576766
strongscale_native_np16_16x1x1_N968,3,16,64.253736496,481.21128494500016,0.46807714148942636,0.5319228585105736
strongscale_native_np16_16x1x1_N968,4,16,63.944122076,472.5228319390002,0.46185131701529675,0.5381486829847033
strongscale_native_np16_16x1x1_N968,5,16,64.48806381200001,481.1745620269993,0.4663407202666141,0.5336592797333859
strongscale_native_np16_1x16x1_N968,1,16,11.057829618000001,59.682957169000176,0.3373342646725623,0.6626657353274377
strongscale_native_np16_1x16x1_N968,2,16,11.161226511,58.139115363999984,0.3255641041483025,0.6744358958516975
strongscale_native_np16_1x16x1_N968,3,16,11.365632057000003,58.78503349400007,0.32326091280706004,0.67673908719294
strongscale_native_np16_1x16x1_N968,4,16,11.025370836,57.89374091300016,0.32818477136822083,0.6718152286317791
strongscale_native_np16_1x16x1_N968,5,16,10.300297499,51.231569726000124,0.310862196765275,0.6891378032347251
strongscale_native_np16_1x1x16_N968,1,16,9.792892933000001,63.94865565300008,0.4081317957479302,0.5918682042520698
strongscale_native_np16_1x1x16_N968,2,16,9.44000268,62.10764307699999,0.4111998506670445,0.5888001493329555
strongscale_native_np16_1x1x16_N968,3,16,9.427084207,61.21694330399999,0.4058581500374201,0.5941418499625799
strongscale_native_np16_1x1x16_N968,4,16,9.747645854999998,63.10283802300002,0.4046030636632625,0.5953969363367375
strongscale_native_np16_1x1x16_N968,5,16,9.427083254,60.45101113699999,0.40078018770645507,0.5992198122935449
strongscale_native_np16_1x2x8_N968,1,16,6.653244019,40.96596317099987,0.38483072180664174,0.6151692781933582
strongscale_native_np16_1x2x8_N968,2,16,7.621844769000001,53.045767286999954,0.4349813668367951,0.5650186331632049
strongscale_native_np16_1x2x8_N968,3,16,7.409253598,48.482530336999744,0.40896941992651226,0.5910305800734877
strongscale_native_np16_1x2x8_N968,4,16,7.311733723000001,50.572188097000065,0.4322862231867007,0.5677137768132994
strongscale_native_np16_1x2x8_N968,5,16,6.778932333,41.90799310900002,0.38638084002726114,0.6136191599727389
strongscale_native_np16_1x4x4_N968,1,16,7.399355888,50.505275436999895,0.42660195868287903,0.5733980413171209
strongscale_native_np16_1x4x4_N968,2,16,7.403264523,46.42481786099993,0.3919286022130018,0.6080713977869983
strongscale_native_np16_1x4x4_N968,3,16,7.213045119999999,47.374001245999864,0.4104889167634919,0.589511083236508
strongscale_native_np16_1x4x4_N968,4,16,7.090064049,44.830360981999824,0.39518649507407133,0.6048135049259287
strongscale_native_np16_1x4x4_N968,5,16,7.161600351,45.86811246600002,0.400295588782011,0.599704411217989
strongscale_native_np16_1x8x2_N968,1,16,8.201579808999998,47.53761990000001,0.3622596271622773,0.6377403728377227
strongscale_native_np16_1x8x2_N968,2,16,7.552246332,41.333192681999925,0.3420604187232429,0.6579395812767571
strongscale_native_np16_1x8x2_N968,3,16,7.873787165,44.74809054799981,0.35519828014680505,0.644801719853195
strongscale_native_np16_1x8x2_N968,4,16,8.019213676,48.68843150299994,0.37946700161447305,0.620532998385527
strongscale_native_np16_1x8x2_N968,5,16,7.840124369,44.676943829999985,0.356156211043774,0.6438437889562261
strongscale_native_np16_2x1x8_N968,1,16,11.069581031999999,74.76422652100001,0.42212655962808815,0.5778734403719119
strongscale_native_np16_2x1x8_N968,2,16,11.876225233,87.73007564300015,0.4616896042398853,0.5383103957601147
strongscale_native_np16_2x1x8_N968,3,16,10.8231349,71.44387364099985,0.41256457983929323,0.5874354201607068
strongscale_native_np16_2x1x8_N968,4,16,11.020903825,75.51491101100025,0.42824817393663406,0.5717518260633659
strongscale_native_np16_2x1x8_N968,5,16,11.814693211999998,88.44320536700017,0.46786659934792996,0.53213340065207
strongscale_native_np16_2x2x4_N968,1,16,11.648007153999998,54.797411285999985,0.2940278246823439,0.7059721753176561
strongscale_native_np16_2x2x4_N968,2,16,11.74874711,55.832314917000055,0.29701206857558304,0.702987931424417
strongscale_native_np16_2x2x4_N968,3,16,11.915497065000002,58.318412545999976,0.30589582324948505,0.694104176750515
strongscale_native_np16_2x2x4_N968,4,16,11.782621384000002,57.541536481999934,0.30522461113862054,0.6947753888613795
strongscale_native_np16_2x2x4_N968,5,16,11.843415497999999,60.3742912679998,0.318606841488184,0.681393158511816
strongscale_native_np16_2x4x2_N968,1,16,12.585181473999999,58.518627462000026,0.2906127515070747,0.7093872484929253
strongscale_native_np16_2x4x2_N968,2,16,12.384296179,53.79980042900039,0.27151220208333526,0.7284877979166647
strongscale_native_np16_2x4x2_N968,3,16,12.319729567000001,55.808491712999704,0.2831255924160564,0.7168744075839436
strongscale_native_np16_2x4x2_N968,4,16,12.214447021,55.627835511000086,0.2846415980567955,0.7153584019432044
strongscale_native_np16_2x4x2_N968,5,16,12.467595101,58.05807735100002,0.2910448891740522,0.7089551108259478
strongscale_native_np16_2x8x1_N968,1,16,12.308025836999999,59.157222487999974,0.3003996298403284,0.6996003701596716
strongscale_native_np16_2x8x1_N968,2,16,12.320483446,62.74238859099971,0.31828290700805356,0.6817170929919465
strongscale_native_np16_2x8x1_N968,3,16,12.410939455000001,61.56946483100008,0.310056427709606,0.6899435722903939
strongscale_native_np16_2x8x1_N968,4,16,12.162614823,62.05881484800016,0.31890148495579057,0.6810985150442095
strongscale_native_np16_2x8x1_N968,5,16,12.315483331,62.566285318000226,0.31751842191462704,0.682481578085373
strongscale_native_np16_4x1x4_N968,1,16,15.725400686999999,82.94369032699991,0.3296565059689086,0.6703434940310914
strongscale_native_np16_4x1x4_N968,2,16,15.941513061000002,87.74834681699998,0.34402453864178395,0.655975461358216
strongscale_native_np16_4x1x4_N968,3,16,15.316429852999999,77.35303913799987,0.3156456819588447,0.6843543180411553
strongscale_native_np16_4x1x4_N968,4,16,15.30104351,77.02092410699994,0.31460650076195334,0.6853934992380466
strongscale_native_np16_4x1x4_N968,5,16,15.717443943,81.89128950200038,0.32563854609161774,0.6743614539083822
strongscale_native_np16_4x2x2_N968,1,16,17.39265728,70.52799456400012,0.2534402644338202,0.7465597355661798
strongscale_native_np16_4x2x2_N968,2,16,16.923570871000003,63.78644302000014,0.23556805588715807,0.764431944112842
strongscale_native_np16_4x2x2_N968,3,16,18.258430242,80.94667606300007,0.27708664911947717,0.7229133508805228
strongscale_native_np16_4x2x2_N968,4,16,17.812973022,75.26306062300009,0.2640739018202003,0.7359260981797997
strongscale_native_np16_4x2x2_N968,5,16,17.663201093,70.59998122699969,0.24981308900096097,0.750186910999039
strongscale_native_np16_4x4x1_N968,1,16,17.052933454,68.16032310199968,0.24981157672175947,0.7501884232782405
strongscale_native_np16_4x4x1_N968,2,16,17.078069449,72.24896234699987,0.2644069436637581,0.7355930563362418
strongscale_native_np16_4x4x1_N968,3,16,17.247799635,72.37987197399978,0.2622793686213289,0.737720631378671
strongscale_native_np16_4x4x1_N968,4,16,17.234099387999997,70.08093380399978,0.2541506964848883,0.7458493035151117
strongscale_native_np16_4x4x1_N968,5,16,16.971510887,69.73231292899972,0.25679914929677067,0.7432008507032293
strongscale_native_np16_8x1x2_N968,1,16,29.649464368999997,187.89849160500023,0.39608323371909193,0.6039167662809081
strongscale_native_np16_8x1x2_N968,2,16,30.669748544,213.4744748980001,0.4350265429135762,0.5649734570864238
strongscale_native_np16_8x1x2_N968,3,16,29.718842028999997,205.464373155,0.4321003930656716,0.5678996069343284
strongscale_native_np16_8x1x2_N968,4,16,30.133907795000002,202.50070356400002,0.42000174882230207,0.579998251177698
strongscale_native_np16_8x1x2_N968,5,16,30.964426518,214.96524920799993,0.43389558878766493,0.566104411212335
strongscale_native_np16_8x2x1_N968,1,16,30.984852313999998,196.35576224199986,0.396072087604561,0.6039279123954391
strongscale_native_np16_8x2x1_N968,2,16,30.642254114000004,192.8797542880004,0.3934105042713642,0.6065894957286357
strongscale_native_np16_8x2x1_N968,3,16,27.483380794,134.34699330099977,0.30551871126224756,0.6944812887377525
strongscale_native_np16_8x2x1_N968,4,16,30.752584457,191.7769751779998,0.38975784182902007,0.6102421581709799
strongscale_native_np16_8x2x1_N968,5,16,30.610984564,188.03050238600022,0.38391141502014364,0.6160885849798563
strongscale_native_np20_10x1x2_N968,1,20,28.819818497,219.0077200839999,0.3799602695395142,0.6200397304604859
strongscale_native_np20_10x1x2_N968,2,20,29.351878167000002,232.2142305160004,0.3955696279379429,0.6044303720620571
strongscale_native_np20_10x1x2_N968,3,20,29.326572894999998,235.75623364300031,0.4019498536141523,0.5980501463858476
strongscale_native_np20_10x1x2_N968,4,20,29.07291007,229.0490067949995,0.39392170622670575,0.6060782937732943
strongscale_native_np20_10x1x2_N968,5,20,28.105746031,206.48404796199992,0.36733422363927415,0.6326657763607259
strongscale_native_np20_10x2x1_N968,1,20,27.792259455,171.36453105799973,0.30829542904826723,0.6917045709517328
strongscale_native_np20_10x2x1_N968,2,20,27.538977145999997,169.8684120769995,0.30841452675680203,0.691585473243198
strongscale_native_np20_10x2x1_N968,3,20,27.23327899,167.096713274,0.3067877234602516,0.6932122765397484
strongscale_native_np20_10x2x1_N968,4,20,27.618382692,174.50264452000008,0.3159175656048587,0.6840824343951413
strongscale_native_np20_10x2x1_N968,5,20,27.551464557000003,166.8887694419997,0.30286732869813676,0.6971326713018633
strongscale_native_np20_1x10x2_N968,1,20,7.142502785,50.84485356300005,0.35593163274489403,0.644068367255106
strongscale_native_np20_1x10x2_N968,2,20,7.507514954,56.73393564699981,0.3778476366322254,0.6221523633677746
strongscale_native_np20_1x10x2_N968,3,20,7.582428455,57.619366972000186,0.37995325187674445,0.6200467481232556
strongscale_native_np20_1x10x2_N968,4,20,8.005499601,61.97871503499982,0.38710085643660397,0.612899143563396
strongscale_native_np20_1x10x2_N968,5,20,7.445374488999999,53.37821503699993,0.35846561590597203,0.641534384094028
strongscale_native_np20_1x1x20_N968,1,20,10.531565427,79.86731649700003,0.37918065006861407,0.6208193499313859
strongscale_native_np20_1x1x20_N968,2,20,10.302859305999998,74.86030479700017,0.3632986852174344,0.6367013147825655
strongscale_native_np20_1x1x20_N968,3,20,10.567962885,77.40169505500005,0.3662091544855007,0.6337908455144994
strongscale_native_np20_1x1x20_N968,4,20,10.908558368000001,81.81280903599986,0.3749936805398402,0.6250063194601598
strongscale_native_np20_1x1x20_N968,5,20,10.703809738,79.91818735099982,0.3733165541390334,0.6266834458609666
strongscale_native_np20_1x20x1_N968,1,20,12.186130524,70.55853361900012,0.28950343786339094,0.71049656213660906
strongscale_native_np20_1x20x1_N968,2,20,12.066746473000002,69.46130086000008,0.2878211662747017,0.7121788337252983
strongscale_native_np20_1x20x1_N968,3,20,12.440333605,75.99458796299977,0.3054362944594032,0.6945637055405969
strongscale_native_np20_1x20x1_N968,4,20,12.592662335,79.054385914,0.3138906762165635,0.6861093237834365
strongscale_native_np20_1x20x1_N968,5,20,12.240028858,74.24318995,0.3032802896599184,0.6967197103400816
strongscale_native_np20_1x2x10_N968,1,20,6.650958061,60.55957409599988,0.4552695532024937,0.5447304467975063
strongscale_native_np20_1x2x10_N968,2,20,5.9124350549999996,48.29996854199999,0.4084608802692378,0.5915391197307622
strongscale_native_np20_1x2x10_N968,3,20,6.205354214000001,55.498660331999965,0.4471836612226626,0.5528163387773374
strongscale_native_np20_1x2x10_N968,4,20,6.292598009000001,53.33792870700009,0.42381484269862313,0.5761851573013769
strongscale_native_np20_1x2x10_N968,5,20,6.726520300000001,60.19041691300023,0.4474112485247403,0.5525887514752597
strongscale_native_np20_1x4x5_N968,1,20,9.014947414000002,64.53128492700006,0.3579127085466105,0.6420872914533895
strongscale_native_np20_1x4x5_N968,2,20,9.026773453,63.248246900000005,0.35033695721575786,0.6496630427842421
strongscale_native_np20_1x4x5_N968,3,20,8.958072662,65.1512874829999,0.3636456743612419,0.636354325638758
strongscale_native_np20_1x4x5_N968,4,20,9.005288601,64.04962069500019,0.35562225450435725,0.6443777454956428
strongscale_native_np20_1x4x5_N968,5,20,9.459324121000002,68.15819562999987,0.3602699027866404,0.6397300972133596
strongscale_native_np20_1x5x4_N968,1,20,9.342484951,67.26101090600024,0.3599738787847914,0.6400261212152085
strongscale_native_np20_1x5x4_N968,2,20,8.969314814,59.748049379,0.33306919546262675,0.6669308045373732
strongscale_native_np20_1x5x4_N968,3,20,8.88732028,59.06889686700028,0.332321189098635,0.6676788109013649
strongscale_native_np20_1x5x4_N968,4,20,9.171154738,64.44942836500014,0.3513703029017639,0.6486296970982361
strongscale_native_np20_1x5x4_N968,5,20,9.122447489999999,63.16993324799995,0.34623347142993505,0.6537665285700649
strongscale_native_np20_20x1x1_N968,1,20,66.295027733,634.0786553249999,0.4782248963517452,0.5217751036482547
strongscale_native_np20_20x1x1_N968,2,20,62.173720599,551.8434171650001,0.44379153430772483,0.5562084656922752
strongscale_native_np20_20x1x1_N968,3,20,64.622774839,603.3138185050002,0.46679658990819045,0.5332034100918095
strongscale_native_np20_20x1x1_N968,4,20,65.51346063599999,620.5343906390005,0.4735930483712027,0.5264069516287972
strongscale_native_np20_20x1x1_N968,5,20,64.29234790800001,592.5030990459999,0.46078819511604246,0.5392118048839576
strongscale_native_np20_2x10x1_N968,1,20,11.991954802999999,88.13213008600006,0.3674635684248587,0.6325364315751413
strongscale_native_np20_2x10x1_N968,2,20,11.487995862999998,72.85152483000007,0.3170767368773037,0.6829232631226962
strongscale_native_np20_2x10x1_N968,3,20,11.800493956,87.15993772300011,0.3693063106001735,0.6306936893998265
strongscale_native_np20_2x10x1_N968,4,20,11.314581871000001,72.99803901500019,0.32258390034765155,0.6774160996523484
strongscale_native_np20_2x10x1_N968,5,20,11.130863189,73.98924149400005,0.3323607533291732,0.6676392466708267
strongscale_native_np20_2x1x10_N968,1,20,10.460206508999999,101.220122792,0.48383424698599325,0.5161657530140067
strongscale_native_np20_2x1x10_N968,2,20,9.920640707,87.60121920600005,0.4415098872807109,0.5584901127192892
strongscale_native_np20_2x1x10_N968,3,20,9.962894916,92.67912603300012,0.46512146727634984,0.5348785327236502
strongscale_native_np20_2x1x10_N968,4,20,10.326368332000001,100.8705625809997,0.48841257322003345,0.5115874267799665
strongscale_native_np20_2x1x10_N968,5,20,9.961257697,92.40686934099982,0.4638313361214904,0.5361686638785096
strongscale_native_np20_2x2x5_N968,1,20,9.330253839,87.93007692900011,0.4712094571396157,0.5287905428603843
strongscale_native_np20_2x2x5_N968,2,20,9.255272388,89.27950208699956,0.48231698832956893,0.5176830116704311
strongscale_native_np20_2x2x5_N968,3,20,8.865233183,75.83922063799993,0.4277339302446633,0.5722660697553368
strongscale_native_np20_2x2x5_N968,4,20,9.226601362,81.79085546199984,0.4432339290112697,0.5567660709887303
strongscale_native_np20_2x2x5_N968,5,20,9.433689117,83.00827828899958,0.43995661325861546,0.5600433867413845
strongscale_native_np20_2x5x2_N968,1,20,9.579922438,72.60740127900021,0.37895610193561474,0.6210438980643853
strongscale_native_np20_2x5x2_N968,2,20,9.59628129,71.91157986799996,0.37468461842055883,0.6253153815794412
strongscale_native_np20_2x5x2_N968,3,20,9.793983937,72.81470686299998,0.37173180664468136,0.6282681933553187
strongscale_native_np20_2x5x2_N968,4,20,9.40293312,68.45016431600013,0.3639830436016125,0.6360169563983875
strongscale_native_np20_2x5x2_N968,5,20,9.732492923999999,75.52838286200003,0.38802177125528436,0.6119782287447156
strongscale_native_np20_4x1x5_N968,1,20,16.1598351,108.08396790400005,0.3344216300325987,0.6655783699674013
strongscale_native_np20_4x1x5_N968,2,20,16.245454549999998,112.09940803300037,0.34501776385506056,0.6549822361449394
strongscale_native_np20_4x1x5_N968,3,20,16.063136577999998,107.87460353099982,0.33578312369809643,0.6642168763019036
strongscale_native_np20_4x1x5_N968,4,20,15.823790073,106.88451032999961,0.3377335955447733,0.6622664044552267
strongscale_native_np20_4x1x5_N968,5,20,16.213477612,112.30895668899977,0.3463444406457166,0.6536555593542834
strongscale_native_np20_4x5x1_N968,1,20,17.490604401,96.90142642100035,0.27700994259369377,0.7229900574063062
strongscale_native_np20_4x5x1_N968,2,20,17.468143224000002,96.85607414800015,0.27723631786727826,0.7227636821327217
strongscale_native_np20_4x5x1_N968,3,20,17.095053434,89.38828646700014,0.26144488758724094,0.7385551124127591
strongscale_native_np20_4x5x1_N968,4,20,17.416413308,95.01099784999991,0.2727628133582414,0.7272371866417586
strongscale_native_np20_4x5x1_N968,5,20,17.145543337,92.14185053199999,0.2687049594198579,0.7312950405801422
strongscale_native_np20_5x1x4_N968,1,20,17.256875037999997,96.53790643400008,0.279708539991805,0.720291460008195
strongscale_native_np20_5x1x4_N968,2,20,17.528853892999997,101.79569999400027,0.2903661032700248,0.7096338967299751
strongscale_native_np20_5x1x4_N968,3,20,17.221235752,96.56704340400006,0.2803719918670331,0.7196280081329669
strongscale_native_np20_5x1x4_N968,4,20,17.49586463,104.09683457200009,0.29748982623444115,0.7025101737655588
strongscale_native_np20_5x1x4_N968,5,20,17.648398876,104.06544950499986,0.294829718650903,0.705170281349097
strongscale_native_np20_5x2x2_N968,1,20,15.298421382999997,90.01107240199995,0.2941841845918252,0.7058158154081748
strongscale_native_np20_5x2x2_N968,2,20,14.96161747,88.86363798000004,0.29697202912112697,0.703027970878873
strongscale_native_np20_5x2x2_N968,3,20,15.061197758,87.08974552599982,0.2891195870519019,0.7108804129480981
strongscale_native_np20_5x2x2_N968,4,20,16.122642993,114.86520343300018,0.3562232429350183,0.6437767570649817
strongscale_native_np20_5x2x2_N968,5,20,15.522601604000002,93.68338130199992,0.30176443257378566,0.6982355674262144
strongscale_native_np20_5x4x1_N968,1,20,19.171538353000003,95.98687962600002,0.2503369261731148,0.7496630738268852
strongscale_native_np20_5x4x1_N968,2,20,18.731372833000002,89.13789549000016,0.23793743332299022,0.7620625666770098
strongscale_native_np20_5x4x1_N968,3,20,18.831822871999996,90.49933730500027,0.24028299841211537,0.7597170015878847
strongscale_native_np20_5x4x1_N968,4,20,18.638538599,83.17666682900037,0.22313087044673927,0.7768691295532607
strongscale_native_np20_5x4x1_N968,5,20,18.931217432,88.75931909300007,0.23442580861959664,0.7655741913804034
strongscale_native_np24_12x1x2_N968,1,24,30.990616321999997,294.6163355350007,0.3961096003946616,0.6038903996053384
strongscale_native_np24_12x1x2_N968,2,24,31.716187239,319.80240851399896,0.42013563151010364,0.5798643684898963
strongscale_native_np24_12x1x2_N968,3,24,30.876768351000003,293.8033804800002,0.39647308231347134,0.6035269176865287
strongscale_native_np24_12x1x2_N968,4,24,30.428607464,288.82037616499963,0.39548909211326627,0.6045109078867337
strongscale_native_np24_12x1x2_N968,5,24,31.307804345999998,311.1644306509999,0.41411989378663694,0.5858801062133631
strongscale_native_np24_12x2x1_N968,1,24,32.536813736,294.26957736700024,0.37684182875981403,0.6231581712401859
strongscale_native_np24_12x2x1_N968,2,24,31.540134907,265.14716145799997,0.35027746161071077,0.6497225383892893
strongscale_native_np24_12x2x1_N968,3,24,32.204563141,284.7380905500006,0.36839770358957974,0.6316022964104202
strongscale_native_np24_12x2x1_N968,4,24,30.071321965,222.4117698780001,0.30817258679335896,0.6918274132066411
strongscale_native_np24_12x2x1_N968,5,24,30.368403673000003,226.5751540250006,0.31087018993039306,0.6891298100696069
strongscale_native_np24_1x12x2_N968,1,24,8.500231743,64.84068494099995,0.3178378293156375,0.6821621706843626
strongscale_native_np24_1x12x2_N968,2,24,8.677655935,67.45161987200001,0.3238759617096219,0.6761240382903781
strongscale_native_np24_1x12x2_N968,3,24,8.688930274,69.96842546800006,0.335524738861159,0.6644752611388409
strongscale_native_np24_1x12x2_N968,4,24,9.095738410000001,76.11833103499997,0.3486904507908261,0.6513095492091738
strongscale_native_np24_1x12x2_N968,5,24,8.688771248,69.4041252719999,0.3328248000159569,0.6671751999840432
strongscale_native_np24_1x1x24_N968,1,24,9.998503447000001,94.05283051099995,0.3919454505098128,0.6080545494901872
strongscale_native_np24_1x1x24_N968,2,24,9.80203104,93.58302673599998,0.3978045738433681,0.6021954261566319
strongscale_native_np24_1x1x24_N968,3,24,10.164227485000001,103.63622999299989,0.42484057505412354,0.5751594249458765
strongscale_native_np24_1x1x24_N968,4,24,10.056449175000001,94.34171249200011,0.3908839610047222,0.6091160389952778
strongscale_native_np24_1x1x24_N968,5,24,9.944130658999999,93.39707510200006,0.39134087527245043,0.6086591247275496
strongscale_native_np24_1x24x1_N968,1,24,11.623835087,80.89236300599987,0.2899658417400941,0.7100341582599059
strongscale_native_np24_1x24x1_N968,2,24,11.767020225,84.41376182200017,0.29890660580696615,0.7010933941930338
strongscale_native_np24_1x24x1_N968,3,24,11.955298901,86.9967205809998,0.30320139944292457,0.6967986005570754
strongscale_native_np24_1x24x1_N968,4,24,11.745383978000001,84.59146784700027,0.3000876344465995,0.6999123655534005
strongscale_native_np24_1x24x1_N968,5,24,11.935534715,86.86966272600002,0.3032599181083276,0.6967400818916725
strongscale_native_np24_1x2x12_N968,1,24,7.133813381,59.82960493099978,0.3494484747943989,0.6505515252056011
strongscale_native_np24_1x2x12_N968,2,24,7.910587787000001,81.55198400200013,0.42955080265980133,0.5704491973401986
strongscale_native_np24_1x2x12_N968,3,24,7.226351738,61.30928787000016,0.3535053030724764,0.6464946969275236
strongscale_native_np24_1x2x12_N968,4,24,6.99083519,53.60260637599976,0.3194814169740602,0.6805185830259398
strongscale_native_np24_1x2x12_N968,5,24,7.077506065,56.8576188969998,0.33473195674918277,0.6652680432508172
strongscale_native_np24_1x3x8_N968,1,24,5.953772068000001,70.2726447450001,0.4917935774048855,0.5082064225951145
strongscale_native_np24_1x3x8_N968,2,24,6.171596051,74.68651424300003,0.5042355442161675,0.49576445578383255
strongscale_native_np24_1x3x8_N968,3,24,5.638910294,66.444522697,0.4909675158314668,0.5090324841685332
strongscale_native_np24_1x3x8_N968,4,24,6.038591624,74.78683596400028,0.5160339296305223,0.4839660703694777
strongscale_native_np24_1x3x8_N968,5,24,5.529113292999999,65.82858123100011,0.4960754837062572,0.5039245162937428
strongscale_native_np24_1x4x6_N968,1,24,7.579949856000001,79.92525035899975,0.4393457513867651,0.5606542486132349
strongscale_native_np24_1x4x6_N968,2,24,7.403343916,73.22008069800019,0.41208901414894206,0.5879109858510579
strongscale_native_np24_1x4x6_N968,3,24,7.77796197,86.5829913850003,0.4638264695760243,0.5361735304239756
strongscale_native_np24_1x4x6_N968,4,24,7.531045913000001,79.11509010299997,0.4377163710998874,0.5622836289001125
strongscale_native_np24_1x4x6_N968,5,24,7.214642047999999,69.50498527799965,0.40141160628375305,0.598588393716247
strongscale_native_np24_1x6x4_N968,1,24,7.3373281949999996,68.17234248799991,0.3871319634126479,0.6128680365873521
strongscale_native_np24_1x6x4_N968,2,24,7.545190335,73.38715081899987,0.40526452150682046,0.5947354784931795
strongscale_native_np24_1x6x4_N968,3,24,8.232734442,90.33151156000011,0.45717653207241293,0.5428234679275871
strongscale_native_np24_1x6x4_N968,4,24,7.641133785,77.52454185200003,0.4227369045905711,0.5772630954094289
strongscale_native_np24_1x6x4_N968,5,24,7.612479925,72.30701099999993,0.3957701241491283,0.6042298758508717
strongscale_native_np24_1x8x3_N968,1,24,6.762238741,77.61217996699972,0.47822044678063247,0.5217795532193675
strongscale_native_np24_1x8x3_N968,2,24,6.5518310070000005,77.74877759699989,0.4944468800269523,0.5055531199730476
strongscale_native_np24_1x8x3_N968,3,24,6.634499550000001,79.98611159800012,0.502337007456225,0.497662992543775
strongscale_native_np24_1x8x3_N968,4,24,6.886973381,80.11962998700035,0.4847293188811898,0.5152706811188101
strongscale_native_np24_1x8x3_N968,5,24,6.620221614999999,78.60008432499974,0.4946969609176227,0.5053030390823773
strongscale_native_np24_24x1x1_N968,1,24,60.47420001100001,640.3939716850001,0.44123084139497715,0.5587691586050229
strongscale_native_np24_24x1x1_N968,2,24,62.093872307999995,671.198285497,0.4503921915244853,0.5496078084755147
strongscale_native_np24_24x1x1_N968,3,24,61.81535267899999,662.96247005,0.44687015530799695,0.553129844692003
strongscale_native_np24_24x1x1_N968,4,24,60.206906557,641.6410119219998,0.4440527456448149,0.5559472543551851
strongscale_native_np24_24x1x1_N968,5,24,61.92902112,667.9707965809995,0.449419610077123,0.550580389922877
strongscale_native_np24_2x12x1_N968,1,24,11.964083672000001,80.24886062799992,0.2794783635617709,0.7205216364382291
strongscale_native_np24_2x12x1_N968,2,24,12.989389658,109.6674325750001,0.3517853015116371,0.6482146984883629
strongscale_native_np24_2x12x1_N968,3,24,11.955887317,77.19350887100002,0.2690219569387343,0.7309780430612657
strongscale_native_np24_2x12x1_N968,4,24,12.884428024999998,106.65525994599966,0.34491008493306036,0.6550899150669396
strongscale_native_np24_2x12x1_N968,5,24,12.2939291,84.82534194100012,0.28749061579846524,0.7125093842015348
strongscale_native_np24_2x1x12_N968,1,24,10.211030959999999,97.65347906999988,0.3984803275192494,0.6015196724807506
strongscale_native_np24_2x1x12_N968,2,24,10.432894468,102.81146203900012,0.4106061775503499,0.5893938224496501
strongscale_native_np24_2x1x12_N968,3,24,10.83044219,117.84495392200006,0.4533708160088216,0.5466291839911783
strongscale_native_np24_2x1x12_N968,4,24,10.319307327,97.11577988600008,0.3921281439109655,0.6078718560890345
strongscale_native_np24_2x1x12_N968,5,24,10.220821619,96.43506152699982,0.39313156157186935,0.6068684384281307
strongscale_native_np24_2x2x6_N968,1,24,8.207150221,94.82065769900005,0.4813925212857799,0.5186074787142201
strongscale_native_np24_2x2x6_N968,2,24,8.299482822999998,96.87820321100021,0.48636666724243466,0.5136333327575653
strongscale_native_np24_2x2x6_N968,3,24,7.907077789,91.61735177699998,0.482781345933588,0.517218654066412
strongscale_native_np24_2x2x6_N968,4,24,8.403368235,98.12418234700014,0.48653200519799344,0.5134679948020066
strongscale_native_np24_2x2x6_N968,5,24,8.171592711999999,97.1225061910003,0.4952242768229244,0.5047757231770755
strongscale_native_np24_2x3x4_N968,1,24,9.363211631999999,84.67419937699992,0.37680357759410416,0.6231964224058959
strongscale_native_np24_2x3x4_N968,2,24,9.809474229000001,94.58579561399986,0.4017620848219259,0.5982379151780741
strongscale_native_np24_2x3x4_N968,3,24,9.309388638,84.48341821700006,0.37812820611435904,0.621871793885641
strongscale_native_np24_2x3x4_N968,4,24,9.000870942999999,77.9029239869998,0.3606267867499399,0.63937321325006
strongscale_native_np24_2x3x4_N968,5,24,9.531810999000001,90.5787060119998,0.3959491801606159,0.6040508198393841
strongscale_native_np24_2x4x3_N968,1,24,9.442771195999999,85.38680900699995,0.3767732622952986,0.6232267377047014
strongscale_native_np24_2x4x3_N968,2,24,9.629540205000001,90.35648726500003,0.3909692005945228,0.6090307994054772
strongscale_native_np24_2x4x3_N968,3,24,9.721910238,87.12877547799994,0.37342102077086303,0.626578979229137
strongscale_native_np24_2x4x3_N968,4,24,9.701791525,84.20683462699992,0.36164641349148446,0.6383535865085155
strongscale_native_np24_2x4x3_N968,5,24,9.481748342,82.64401330600016,0.3631714774756752,0.6368285225243249
strongscale_native_np24_2x6x2_N968,1,24,8.518811225,78.61754216900009,0.38452911294654696,0.6154708870534531
strongscale_native_np24_2x6x2_N968,2,24,8.305453062000002,77.698307794,0.38979565199506105,0.610204348004939
strongscale_native_np24_2x6x2_N968,3,24,8.284953832,74.41662582299963,0.37425588669532434,0.6257441133046757
strongscale_native_np24_2x6x2_N968,4,24,8.012289524,71.53478160100009,0.37200551616532807,0.6279944838346719
strongscale_native_np24_2x6x2_N968,5,24,8.081152677,72.74864640099982,0.375094212570544,0.624905787429456
strongscale_native_np24_3x1x8_N968,1,24,10.445559501999998,115.18220822900008,0.4594544385381586,0.5405455614618414
strongscale_native_np24_3x1x8_N968,2,24,9.916863202999998,103.89869573300015,0.43654049003103307,0.563459509968967
strongscale_native_np24_3x1x8_N968,3,24,10.294076443,117.170407641,0.4742630721083135,0.5257369278916866
strongscale_native_np24_3x1x8_N968,4,24,10.475496769,118.75223306499973,0.47234129513401557,0.5276587048659844
strongscale_native_np24_3x1x8_N968,5,24,10.303670405999998,113.75708040999984,0.46001843650361235,0.5399815634963876
strongscale_native_np24_3x2x4_N968,1,24,11.918806553000001,117.86721978100026,0.41204915405775505,0.5879508459422449
strongscale_native_np24_3x2x4_N968,2,24,11.341418265999998,105.54179022100027,0.3877446796689439,0.6122553203310561
strongscale_native_np24_3x2x4_N968,3,24,11.467232228,108.76680182399991,0.3952087117355269,0.604791288264473
strongscale_native_np24_3x2x4_N968,4,24,11.294822693,104.73752043500005,0.38637732260843516,0.6136226773915648
strongscale_native_np24_3x2x4_N968,5,24,11.376065016,101.55776091999952,0.37197162337900674,0.6280283766209933
strongscale_native_np24_3x4x2_N968,1,24,12.077376365,104.81105758999985,0.3615957032058036,0.6384042967941964
strongscale_native_np24_3x4x2_N968,2,24,12.228891373000002,105.35696996500015,0.35897561067833295,0.641024389321667
strongscale_native_np24_3x4x2_N968,3,24,11.983061312999999,101.14821732599977,0.3517055404429767,0.6482944595570233
strongscale_native_np24_3x4x2_N968,4,24,12.774487973000001,122.9390785169996,0.4009915399898418,0.5990084600101582
strongscale_native_np24_3x4x2_N968,5,24,12.162487268999998,107.245850383,0.36740651812900715,0.6325934818709928
strongscale_native_np24_3x8x1_N968,1,24,12.039252757999998,92.00794601300016,0.31843042872082716,0.6815695712791728
strongscale_native_np24_3x8x1_N968,2,24,12.370609759999999,110.41854464900024,0.3719115535100627,0.6280884464899372
strongscale_native_np24_3x8x1_N968,3,24,11.809324503,89.09276277900013,0.31434468992548825,0.6856553100745117
strongscale_native_np24_3x8x1_N968,4,24,12.230923415,97.18864276600009,0.33108921088904314,0.6689107891109569
strongscale_native_np24_3x8x1_N968,5,24,12.155091762,98.67249812600015,0.3382413040629203,0.6617586959370797
strongscale_native_np24_4x1x6_N968,1,24,13.331933975000002,125.25064049200029,0.3914493348791639,0.6085506651208361
strongscale_native_np24_4x1x6_N968,2,24,13.401442528,124.15658043300002,0.38601746346085597,0.613982536539144
strongscale_native_np24_4x1x6_N968,3,24,13.408858776999999,127.88449758099992,0.39738808657464497,0.602611913425355
strongscale_native_np24_4x1x6_N968,4,24,13.202039957,126.25598365000015,0.3984737209212396,0.6015262790787603
strongscale_native_np24_4x1x6_N968,5,24,13.416234732,131.65946828799994,0.40889350016976617,0.5911064998302338
strongscale_native_np24_4x2x3_N968,1,24,13.297302722999998,115.60998252499962,0.36226012940777347,0.6377398705922266
strongscale_native_np24_4x2x3_N968,2,24,13.430461883000001,117.7828438129998,0.3654095097369872,0.6345904902630128
strongscale_native_np24_4x2x3_N968,3,24,13.303382873999999,111.91742595800045,0.3505293447350986,0.6494706552649014
strongscale_native_np24_4x2x3_N968,4,24,13.289194822000002,110.8714576899998,0.34762407597252826,0.6523759240274718
strongscale_native_np24_4x2x3_N968,5,24,13.604292154,118.98447992200015,0.36442077303955794,0.6355792269604421
strongscale_native_np24_4x3x2_N968,1,24,13.710349083,116.51299549700008,0.35409077597651245,0.6459092240234876
strongscale_native_np24_4x3x2_N968,2,24,13.687145948000001,113.28450759399956,0.34486282489786513,0.6551371751021349
strongscale_native_np24_4x3x2_N968,3,24,13.190129995,107.63984219600026,0.34002647635265737,0.6599735236473426
strongscale_native_np24_4x3x2_N968,4,24,13.139528990000002,103.97869858099986,0.3297261094751256,0.6702738905248744
strongscale_native_np24_4x3x2_N968,5,24,13.137860775,100.01618982599992,0.3172008985420228,0.6827991014579772
strongscale_native_np24_4x6x1_N968,1,24,14.973106146,108.12406508499973,0.3008840874173053,0.6991159125826947
strongscale_native_np24_4x6x1_N968,2,24,14.837940216,105.35629494899979,0.29585276385878323,0.7041472361412168
strongscale_native_np24_4x6x1_N968,3,24,15.046516894999998,112.48816916500041,0.3115011322055,0.6884988677945
strongscale_native_np24_4x6x1_N968,4,24,14.961602449,108.52875289500017,0.30224244936592665,0.6977575506340734
strongscale_native_np24_4x6x1_N968,5,24,14.451944112,98.96189940600013,0.2853188777436649,0.7146811222563352
strongscale_native_np24_6x1x4_N968,1,24,16.027459144999998,116.11750027499983,0.3018712532257085,0.6981287467742915
strongscale_native_np24_6x1x4_N968,2,24,15.812909126,112.83418579899994,0.29731559011880104,0.702684409881199
strongscale_native_np24_6x1x4_N968,3,24,15.725564241,112.43190221100014,0.2979010813431458,0.7020989186568543
strongscale_native_np24_6x1x4_N968,4,24,15.806420802999998,114.04811346399963,0.30063761979339043,0.6993623802066096
strongscale_native_np24_6x1x4_N968,5,24,15.889561892,117.01603062399951,0.3068472230893556,0.6931527769106445
strongscale_native_np24_6x2x2_N968,1,24,14.475451946000002,107.54738172700041,0.3095682899579489,0.6904317100420512
strongscale_native_np24_6x2x2_N968,2,24,14.585700035,109.2235523340003,0.3120166557881644,0.6879833442118356
strongscale_native_np24_6x2x2_N968,3,24,14.030829668,98.68224201199986,0.2930518138361401,0.7069481861638599
strongscale_native_np24_6x2x2_N968,4,24,14.166705131,97.42556526100049,0.28654500217265,0.71345499782735
strongscale_native_np24_6x2x2_N968,5,24,14.410192728000002,103.46320215300001,0.2991609368276174,0.7008390631723826
strongscale_native_np24_6x4x1_N968,1,24,17.393347978999998,103.20945926999981,0.24724360953636462,0.7527563904636354
strongscale_native_np24_6x4x1_N968,2,24,17.68922615,110.7018478159999,0.2607562904798596,0.7392437095201404
strongscale_native_np24_6x4x1_N968,3,24,17.681112528,111.73224244499986,0.2633041384982126,0.7366958615017873
strongscale_native_np24_6x4x1_N968,4,24,17.521477699000002,106.78897144200016,0.25394778643606947,0.7460522135639305
strongscale_native_np24_6x4x1_N968,5,24,17.573535204,109.07447922400006,0.25861444011744494,0.7413855598825551
strongscale_native_np24_8x1x3_N968,1,24,20.704084158,203.68962839799977,0.40992239913385775,0.5900776008661422
strongscale_native_np24_8x1x3_N968,2,24,20.835945607,208.0982130380002,0.4161442461085295,0.5838557538914705
strongscale_native_np24_8x1x3_N968,3,24,20.860352278,206.33620289799978,0.41213790030208125,0.5878620996979187
strongscale_native_np24_8x1x3_N968,4,24,20.429817200000002,198.89813064899977,0.4056532679291418,0.5943467320708582
strongscale_native_np24_8x1x3_N968,5,24,20.820924044,209.53591118400007,0.41932158954856436,0.5806784104514356
strongscale_native_np24_8x3x1_N968,1,24,20.725572586,166.8447239589999,0.33542443613777917,0.6645755638622208
strongscale_native_np24_8x3x1_N968,2,24,20.734178780999997,169.26799917199983,0.3401549380531179,0.6598450619468821
strongscale_native_np24_8x3x1_N968,3,24,20.543945074,163.562244319,0.3317324636891047,0.6682675363108953
strongscale_native_np24_8x3x1_N968,4,24,20.522724151000002,162.6824582479997,0.3302892788725142,0.6697107211274858
strongscale_native_np24_8x3x1_N968,5,24,20.870036602,169.5025216960003,0.338408849268135,0.661591150731865
