experiment_id,metric,n,mean,sd,ci95_halfwidth,ci95_low,ci95_high
1gbit_1n_4g_N64,comm_duration_s,5,0.10203933660000306,0.021833441484829408,0.027109798248601213,0.07492953835140184,0.12914913484860427
bench_10gbit_1n_4g_N1024,comm_duration_s,5,14.223438074199809,3.562266005174763,4.423137450650647,9.800300623549163,18.646575524850455
bench_10gbit_1n_4g_N1088,comm_duration_s,5,19.100410748399977,2.340225132028298,2.905773294131188,16.19463745426879,22.006184042531164
bench_10gbit_1n_4g_N1152,comm_duration_s,5,17.174194549199985,6.313417741872212,7.839143515703631,9.335051033496354,25.013338064903614
bench_10gbit_1n_4g_N1216,comm_duration_s,5,25.328149331400127,0.7174374534446006,0.8908162569051498,24.437333074494976,26.218965588305277
bench_10gbit_1n_4g_N128,comm_duration_s,5,0.15102879160000554,0.05743028524928801,0.0713091176006136,0.07971967399939194,0.22233790920061913
bench_10gbit_1n_4g_N1280,comm_duration_s,5,23.748072250600025,4.692607478072513,5.826641763224399,17.921430487375627,29.574714013824423
bench_10gbit_1n_4g_N1344,comm_duration_s,5,43.45308147460011,8.90464783456223,11.056580632859028,32.39650084174109,54.509662107459135
bench_10gbit_1n_4g_N1408,comm_duration_s,5,29.870323366800225,4.4011050442896575,5.46469368580745,24.405629680992774,35.335017052607675
bench_10gbit_1n_4g_N256,comm_duration_s,5,0.3487261173999994,0.036261923236700036,0.04502512458863894,0.3037009928113605,0.39375124198863837
bench_10gbit_1n_4g_N512,comm_duration_s,5,1.8603487420000142,0.11126620747878975,0.13815524404308363,1.7221934979569307,1.9985039860430978
bench_10gbit_1n_4g_N64,comm_duration_s,5,0.09796758579999935,0.04500514712754917,0.05588127092214135,0.042086314877858,0.15384885672214071
bench_10gbit_2n_8g_N1536,comm_duration_s,5,70.47409174860002,10.349365907331462,12.85043505137091,57.62365669722911,83.32452679997093
bench_10gbit_2n_8g_N1600,comm_duration_s,5,97.4843099521997,24.65727416035527,30.616049618753088,66.86826033344661,128.10035957095278
bench_1gbit_1n_4g_N1024,comm_duration_s,5,13.542424820600043,6.2022534025065985,7.7011147576292425,5.841310062970801,21.243539578229285
bench_1gbit_1n_4g_N1088,comm_duration_s,5,18.877496906600122,3.0606830853972142,3.8003399970489378,15.077156909551185,22.67783690364906
bench_1gbit_1n_4g_N1152,comm_duration_s,5,14.399742266400002,2.344684955680392,2.911310896598331,11.48843136980167,17.311053162998334
bench_1gbit_1n_4g_N1216,comm_duration_s,5,37.39630622040024,16.57774309756944,20.583986775722924,16.812319444677318,57.98029299612317
bench_1gbit_1n_4g_N128,comm_duration_s,5,0.13192892280000862,0.03870515960277196,0.048058803223492645,0.08387011957651597,0.17998772602350127
bench_1gbit_1n_4g_N1280,comm_duration_s,5,24.60454341840005,6.053621516375174,7.516563895634732,17.087979522765316,32.12110731403478
bench_1gbit_1n_4g_N1344,comm_duration_s,5,41.52525752739972,2.483723672515363,3.083950265648762,38.44130726175096,44.609207793048476
bench_1gbit_1n_4g_N256,comm_duration_s,5,0.40087391699999103,0.07947566271327952,0.09868206912446446,0.30219184787552655,0.4995559861244555
bench_1gbit_1n_4g_N512,comm_duration_s,5,1.9262548419999732,0.2152893265329921,0.2673170059535507,1.6589378360464226,2.193571847953524
bench_1gbit_1n_4g_N64,comm_duration_s,5,0.11222391820000195,0.03587558103133137,0.044545417381246025,0.06767850081875593,0.15676933558124798
bench_1gbit_2n_8g_N1536,comm_duration_s,3,388.4425687370001,33.941331180124465,84.31494077155452,304.1276279654456,472.7575095085546
bench_25gbit_1n_4g_N1024,comm_duration_s,5,11.278916433800044,1.5087492581577726,1.873359636171143,9.4055567976289,13.152276069971187
bench_25gbit_1n_4g_N1088,comm_duration_s,5,25.661889269599985,1.2124457952723438,1.5054502937632008,24.156438975836785,27.167339563363186
bench_25gbit_1n_4g_N1152,comm_duration_s,3,19.79278548100009,7.17885169109426,17.83325621290988,1.9595292680902112,37.62604169390997
bench_25gbit_1n_4g_N128,comm_duration_s,5,0.1631520683999979,0.05391261667899947,0.06694135517927342,0.09621071322072448,0.23009342357927132
bench_25gbit_1n_4g_N256,comm_duration_s,5,0.35877412579999257,0.02489102638304463,0.030906291338166574,0.327867834461826,0.38968041713815915
bench_25gbit_1n_4g_N512,comm_duration_s,5,1.7751915942000287,0.0522456616653203,0.06487155715216272,1.710320037047866,1.8400631513521915
bench_25gbit_1n_4g_N64,comm_duration_s,5,0.09224621819999164,0.013207957720778337,0.016399845591687907,0.07584637260830374,0.10864606379167954
full_1x2x2_N64,comm_duration_s,1,0.06695625400000171,NA,NA,NA,NA
full_2x2x2_N1536,comm_duration_s,1,39.49047422599957,NA,NA,NA,NA
1gbit_1n_4g_N64,comm_ratio,5,0.1046616908459638,0.014269401964865255,0.01771780269567124,0.08694388815029255,0.12237949354163505
bench_10gbit_1n_4g_N1024,comm_ratio,5,0.1291144546664495,0.02719368800070816,0.03376542336886502,0.09534903129758449,0.1628798780353145
bench_10gbit_1n_4g_N1088,comm_ratio,5,0.1295524446037023,0.01324646082070659,0.01644765350468806,0.11310479109901424,0.14600009810839035
bench_10gbit_1n_4g_N1152,comm_ratio,5,0.11752482295271537,0.035325030753582676,0.0438618189221644,0.07366300403055097,0.16138664187487978
bench_10gbit_1n_4g_N1216,comm_ratio,5,0.12364847900248362,0.0033864036414154187,0.004204775484931655,0.11944370351755196,0.12785325448741527
bench_10gbit_1n_4g_N128,comm_ratio,5,0.07052879852160242,0.021656935594650956,0.02689063723929572,0.0436381612823067,0.09741943576089813
bench_10gbit_1n_4g_N1280,comm_ratio,5,0.13055110747071805,0.025992107731581175,0.03227346440773805,0.09827764306298,0.16282457187845611
bench_10gbit_1n_4g_N1344,comm_ratio,5,0.162662391202791,0.02943736454004273,0.03655131575137116,0.12611107545141984,0.19921370695416216
bench_10gbit_1n_4g_N1408,comm_ratio,5,0.11878264066785191,0.015917957020989457,0.01976475415791745,0.09901788650993446,0.13854739482576936
bench_10gbit_1n_4g_N256,comm_ratio,5,0.05832442852860847,0.005559082444619066,0.006902512534530065,0.0514219159940784,0.06522694106313853
bench_10gbit_1n_4g_N512,comm_ratio,5,0.08830458968078145,0.003969103482113297,0.004928292898885279,0.08337629678189618,0.09323288257966672
bench_10gbit_1n_4g_N64,comm_ratio,5,0.09843627442260298,0.03620494385699913,0.04495437534422434,0.05348189907837864,0.14339064976682733
bench_10gbit_2n_8g_N1536,comm_ratio,5,0.2109173365290626,0.025919675931520118,0.032183528449277146,0.17873380807978545,0.24310086497833977
bench_10gbit_2n_8g_N1600,comm_ratio,5,0.214808679444345,0.03883400381714068,0.048218784445851134,0.16658989499849386,0.26302746389019616
bench_1gbit_1n_4g_N1024,comm_ratio,5,0.12050846874856046,0.04410039208952184,0.05475786916422933,0.06575059958433113,0.17526633791278978
bench_1gbit_1n_4g_N1088,comm_ratio,5,0.12646327721191022,0.017602702239773477,0.021856641642227486,0.10460663556968273,0.1483199188541377
bench_1gbit_1n_4g_N1152,comm_ratio,5,0.1001500306729976,0.014250508899467808,0.01769434385655152,0.08245568681644608,0.11784437452954913
bench_1gbit_1n_4g_N1216,comm_ratio,5,0.16722875477288016,0.05982647383054162,0.07428437869486318,0.09294437607801698,0.24151313346774334
bench_1gbit_1n_4g_N128,comm_ratio,5,0.06396611378692509,0.017903196014729353,0.022229753944274545,0.04173635984265054,0.08619586773119964
bench_1gbit_1n_4g_N1280,comm_ratio,5,0.1335104105438784,0.02950865122379823,0.03663982986014171,0.0968705806837367,0.1701502404040201
bench_1gbit_1n_4g_N1344,comm_ratio,5,0.15282235123711788,0.007177557290798803,0.00891211448302982,0.14391023675408807,0.16173446572014769
bench_1gbit_1n_4g_N256,comm_ratio,5,0.06533075193310234,0.010740572845073428,0.013336182621812652,0.051994569311289686,0.078666934554915
bench_1gbit_1n_4g_N512,comm_ratio,5,0.09056636581392609,0.009533377980747233,0.011837252219962336,0.07872911359396376,0.10240361803388842
bench_1gbit_1n_4g_N64,comm_ratio,5,0.11068522842805534,0.0242664878211648,0.03013082429039043,0.0805544041376649,0.14081605271844577
bench_1gbit_2n_8g_N1536,comm_ratio,3,0.6135076366253058,0.021078820959628645,0.0523626940650468,0.561144942560259,0.6658703306903526
bench_25gbit_1n_4g_N1024,comm_ratio,5,0.10558164762223868,0.012941623445273548,0.016069147910305927,0.08951249971193276,0.1216507955325446
bench_25gbit_1n_4g_N1088,comm_ratio,5,0.16130285074401346,0.0069697463162146,0.008654083077456977,0.1526487676665565,0.16995693382147042
bench_25gbit_1n_4g_N1152,comm_ratio,3,0.1315561129886502,0.037018016202108116,0.09195785006184151,0.03959826292680868,0.2235139630504917
bench_25gbit_1n_4g_N128,comm_ratio,5,0.07551418344754035,0.018174899403028855,0.022567118259716013,0.05294706518782434,0.09808130170725636
bench_25gbit_1n_4g_N256,comm_ratio,5,0.05978510402821106,0.0039516439888854175,0.004906614074717338,0.05487848995349372,0.0646917181029284
bench_25gbit_1n_4g_N512,comm_ratio,5,0.08457131082230646,0.0023542360041662186,0.0029231700896482802,0.08164814073265818,0.08749448091195473
bench_25gbit_1n_4g_N64,comm_ratio,5,0.09742279139785302,0.009290227905070867,0.01153534152483447,0.08588744987301855,0.1089581329226875
full_1x2x2_N64,comm_ratio,1,0.07767448143663934,NA,NA,NA,NA
full_2x2x2_N1536,comm_ratio,1,0.1235141174910291,NA,NA,NA,NA
1gbit_1n_4g_N64,masking_effectiveness,5,0.8953383091540361,0.014269401964865243,0.017717802695671223,0.8776205064583649,0.9130561118497074
bench_10gbit_1n_4g_N1024,masking_effectiveness,5,0.8708855453335506,0.027193688000708163,0.033765423368865025,0.8371201219646855,0.9046509687024156
bench_10gbit_1n_4g_N1088,masking_effectiveness,5,0.8704475553962977,0.013246460820706603,0.016447653504688076,0.8539999018916096,0.8868952089009858
bench_10gbit_1n_4g_N1152,masking_effectiveness,5,0.8824751770472847,0.03532503075358271,0.04386181892216443,0.8386133581251203,0.9263369959694492
bench_10gbit_1n_4g_N1216,masking_effectiveness,5,0.8763515209975163,0.003386403641415417,0.004204775484931653,0.8721467455125846,0.880556296482448
bench_10gbit_1n_4g_N128,masking_effectiveness,5,0.9294712014783976,0.02165693559465098,0.02689063723929575,0.9025805642391018,0.9563618387176933
bench_10gbit_1n_4g_N1280,masking_effectiveness,5,0.8694488925292819,0.02599210773158114,0.032273464407738005,0.8371754281215439,0.90172235693702
bench_10gbit_1n_4g_N1344,masking_effectiveness,5,0.837337608797209,0.02943736454004273,0.03655131575137116,0.8007862930458378,0.8738889245485801
bench_10gbit_1n_4g_N1408,masking_effectiveness,5,0.8812173593321481,0.015917957020989457,0.01976475415791745,0.8614526051742306,0.9009821134900655
bench_10gbit_1n_4g_N256,masking_effectiveness,5,0.9416755714713915,0.005559082444619064,0.006902512534530061,0.9347730589368614,0.9485780840059216
bench_10gbit_1n_4g_N512,masking_effectiveness,5,0.9116954103192185,0.003969103482113287,0.004928292898885266,0.9067671174203332,0.9166237032181038
bench_10gbit_1n_4g_N64,masking_effectiveness,5,0.9015637255773971,0.03620494385699914,0.04495437534422436,0.8566093502331726,0.9465181009216215
bench_10gbit_2n_8g_N1536,masking_effectiveness,5,0.7890826634709374,0.025919675931520142,0.032183528449277174,0.7568991350216602,0.82126619192021455
bench_10gbit_2n_8g_N1600,masking_effectiveness,5,0.785191320555655,0.03883400381714071,0.04821878444585117,0.7369725361098038,0.8334101050015061
bench_1gbit_1n_4g_N1024,masking_effectiveness,5,0.8794915312514395,0.044100392089521864,0.05475786916422937,0.8247336620872101,0.934249400415669
bench_1gbit_1n_4g_N1088,masking_effectiveness,5,0.8735367227880898,0.017602702239773477,0.021856641642227486,0.8516800811458624,0.8953933644303173
bench_1gbit_1n_4g_N1152,masking_effectiveness,5,0.8998499693270025,0.014250508899467856,0.01769434385655158,0.8821556254704509,0.917544313183554
bench_1gbit_1n_4g_N1216,masking_effectiveness,5,0.8327712452271199,0.05982647383054161,0.07428437869486317,0.7584868665322567,0.907055623921983
bench_1gbit_1n_4g_N128,masking_effectiveness,5,0.9360338862130749,0.01790319601472931,0.02222975394427449,0.9138041322688004,0.9582636401573494
bench_1gbit_1n_4g_N1280,masking_effectiveness,5,0.8664895894561215,0.02950865122379822,0.03663982986014169,0.8298497595959798,0.9031294193162632
bench_1gbit_1n_4g_N1344,masking_effectiveness,5,0.8471776487628822,0.007177557290798805,0.008912114483029821,0.8382655342798523,0.856089763245912
bench_1gbit_1n_4g_N256,masking_effectiveness,5,0.9346692480668977,0.010740572845073381,0.013336182621812593,0.9213330654450851,0.9480054306887102
bench_1gbit_1n_4g_N512,masking_effectiveness,5,0.9094336341860739,0.009533377980747177,0.011837252219962267,0.8975963819661117,0.9212708864060362
bench_1gbit_1n_4g_N64,masking_effectiveness,5,0.8893147715719447,0.02426648782116481,0.030130824290390445,0.8591839472815542,0.9194455958623352
bench_1gbit_2n_8g_N1536,masking_effectiveness,3,0.38649236337469417,0.021078820959628645,0.0523626940650468,0.3341296693096474,0.43885505743974096
bench_25gbit_1n_4g_N1024,masking_effectiveness,5,0.8944183523777613,0.012941623445273567,0.01606914791030595,0.8783492044674553,0.9104875002880674
bench_25gbit_1n_4g_N1088,masking_effectiveness,5,0.8386971492559866,0.006969746316214582,0.008654083077456954,0.8300430661785296,0.8473512323334436
bench_25gbit_1n_4g_N1152,masking_effectiveness,3,0.8684438870113498,0.0370180162021081,0.09195785006184146,0.7764860369495084,0.9604017370731912
bench_25gbit_1n_4g_N128,masking_effectiveness,5,0.9244858165524596,0.018174899403028823,0.022567118259715975,0.9019186982927436,0.9470529348121757
bench_25gbit_1n_4g_N256,masking_effectiveness,5,0.940214895971789,0.003951643988885417,0.0049066140747173375,0.9353082818970716,0.9451215100465064
bench_25gbit_1n_4g_N512,masking_effectiveness,5,0.9154286891776936,0.002354236004166212,0.0029231700896482724,0.9125055190880453,0.9183518592673419
bench_25gbit_1n_4g_N64,masking_effectiveness,5,0.902577208602147,0.009290227905070874,0.01153534152483448,0.8910418670773125,0.9141125501269814
full_1x2x2_N64,masking_effectiveness,1,0.9223255185633606,NA,NA,NA,NA
full_2x2x2_N1536,masking_effectiveness,1,0.8764858825089709,NA,NA,NA,NA
1gbit_1n_4g_N64,n_ranks,5,4,0,0,4,4
bench_10gbit_1n_4g_N1024,n_ranks,5,4,0,0,4,4
bench_10gbit_1n_4g_N1088,n_ranks,5,4,0,0,4,4
bench_10gbit_1n_4g_N1152,n_ranks,5,4,0,0,4,4
bench_10gbit_1n_4g_N1216,n_ranks,5,4,0,0,4,4
bench_10gbit_1n_4g_N128,n_ranks,5,4,0,0,4,4
bench_10gbit_1n_4g_N1280,n_ranks,5,4,0,0,4,4
bench_10gbit_1n_4g_N1344,n_ranks,5,4,0,0,4,4
bench_10gbit_1n_4g_N1408,n_ranks,5,4,0,0,4,4
bench_10gbit_1n_4g_N256,n_ranks,5,4,0,0,4,4
bench_10gbit_1n_4g_N512,n_ranks,5,4,0,0,4,4
bench_10gbit_1n_4g_N64,n_ranks,5,4,0,0,4,4
bench_10gbit_2n_8g_N1536,n_ranks,5,8,0,0,8,8
bench_10gbit_2n_8g_N1600,n_ranks,5,8,0,0,8,8
bench_1gbit_1n_4g_N1024,n_ranks,5,4,0,0,4,4
bench_1gbit_1n_4g_N1088,n_ranks,5,4,0,0,4,4
bench_1gbit_1n_4g_N1152,n_ranks,5,4,0,0,4,4
bench_1gbit_1n_4g_N1216,n_ranks,5,4,0,0,4,4
bench_1gbit_1n_4g_N128,n_ranks,5,4,0,0,4,4
bench_1gbit_1n_4g_N1280,n_ranks,5,4,0,0,4,4
bench_1gbit_1n_4g_N1344,n_ranks,5,4,0,0,4,4
bench_1gbit_1n_4g_N256,n_ranks,5,4,0,0,4,4
bench_1gbit_1n_4g_N512,n_ranks,5,4,0,0,4,4
bench_1gbit_1n_4g_N64,n_ranks,5,4,0,0,4,4
bench_1gbit_2n_8g_N1536,n_ranks,3,8,0,0,8,8
bench_25gbit_1n_4g_N1024,n_ranks,5,4,0,0,4,4
bench_25gbit_1n_4g_N1088,n_ranks,5,4,0,0,4,4
bench_25gbit_1n_4g_N1152,n_ranks,3,4,0,0,4,4
bench_25gbit_1n_4g_N128,n_ranks,5,4,0,0,4,4
bench_25gbit_1n_4g_N256,n_ranks,5,4,0,0,4,4
bench_25gbit_1n_4g_N512,n_ranks,5,4,0,0,4,4
bench_25gbit_1n_4g_N64,n_ranks,5,4,0,0,4,4
full_1x2x2_N64,n_ranks,1,4,NA,NA,NA,NA
full_2x2x2_N1536,n_ranks,1,8,NA,NA,NA,NA
1gbit_1n_4g_N64,window_length_s,5,0.24173378940000004,0.020330431989777725,0.025243565469637116,0.21649022393036293,0.26697735486963714
bench_10gbit_1n_4g_N1024,window_length_s,5,27.360467100399998,1.0756882399584815,1.3356433608476181,26.024823739552378,28.696110461247617
bench_10gbit_1n_4g_N1088,window_length_s,5,36.8003781796,0.7981189620138247,0.9909955814163237,35.80938259818368,37.791373761016324
bench_10gbit_1n_4g_N1152,window_length_s,5,36.0549588682,2.0043937541919794,2.4887835628046657,33.56617530539534,38.54374243100467
bench_10gbit_1n_4g_N1216,window_length_s,5,51.2089924336,0.1108176911596589,0.137598337477012,51.071394096122994,51.34659077107701
bench_10gbit_1n_4g_N128,window_length_s,5,0.5262660982,0.040906157327181975,0.050791702858020975,0.47547439534197905,0.577057801058021
bench_10gbit_1n_4g_N1280,window_length_s,5,45.5066452978,0.8488590215596822,1.0539976866211302,44.45264761117887,46.56064298442113
bench_10gbit_1n_4g_N1344,window_length_s,5,66.5957029824,1.751722955454922,2.175051328615473,64.42065165378453,68.77075431101547
bench_10gbit_1n_4g_N1408,window_length_s,5,62.7949757574,1.1415912065819824,1.4174727018788436,61.37750305552116,64.21244845927885
bench_10gbit_1n_4g_N256,window_length_s,5,1.4939235685999999,0.024870508999719078,0.03088081564195389,1.4630427529580459,1.5248043842419539
bench_10gbit_1n_4g_N512,window_length_s,5,5.2643470290000005,0.10416768932153839,0.1293412696066289,5.135005759393372,5.393688298606629
bench_10gbit_1n_4g_N64,window_length_s,5,0.24303226459999996,0.02076265396450994,0.025780239934894648,0.21725202466510532,0.26881250453489464
bench_10gbit_2n_8g_N1536,window_length_s,5,41.680524397,1.0543199275577824,1.309111096637299,40.3714133003627,42.9896354936373
bench_10gbit_2n_8g_N1600,window_length_s,5,56.2041898726,3.713268698581139,4.610632058685145,51.593557813914856,60.81482193128514
bench_1gbit_1n_4g_N1024,window_length_s,5,27.534185934,1.982977341799338,2.462191574566038,25.071994359433962,29.996377508566038
bench_1gbit_1n_4g_N1088,window_length_s,5,37.22698431,0.8454245324514904,1.0497332051432655,36.17725110485674,38.27671751514326
bench_1gbit_1n_4g_N1152,window_length_s,5,35.8661629676,0.8100963658689422,1.00586749257517,34.86029547502483,36.87203046017517
bench_1gbit_1n_4g_N1216,window_length_s,5,54.70588874800001,4.827524114951242,5.994162893995447,48.71172585400456,60.70005164199545
bench_1gbit_1n_4g_N128,window_length_s,5,0.5141190054000001,0.009114286246508584,0.011316881101613427,0.5028021242983867,0.5254358865016135
bench_1gbit_1n_4g_N1280,window_length_s,5,45.9070789342,1.3760604514722397,1.7086047219450977,44.1984742122549,47.6156836561451
bench_1gbit_1n_4g_N1344,window_length_s,5,67.91232891119999,1.7114519543970175,2.1250482764302467,65.78728063476974,70.03737718763024
bench_1gbit_1n_4g_N256,window_length_s,5,1.527808571,0.05364233617519682,0.0666057576082853,1.4612028133917148,1.5944143286082852
bench_1gbit_1n_4g_N512,window_length_s,5,5.3148775102,0.07512240298209459,0.09327678324142194,5.221600726958577,5.408154293441422
bench_1gbit_1n_4g_N64,window_length_s,5,0.2501259325999999,0.02506645550933446,0.031124115368516996,0.21900181723148288,0.2812500479685169
bench_1gbit_2n_8g_N1536,window_length_s,3,79.047047774,4.285260395434685,10.645176952969432,68.40187082103057,89.69222472696944
bench_25gbit_1n_4g_N1024,window_length_s,5,26.678526210799998,0.3166925953086995,0.3932257940925264,26.28530041670747,27.071752004892524
bench_25gbit_1n_4g_N1088,window_length_s,5,39.7680654526,0.3050000418023428,0.37870757135661215,39.389357881243384,40.14677302395661
bench_25gbit_1n_4g_N1152,window_length_s,3,37.09126957233333,2.7827001275162155,6.912610327255484,30.178659245077846,44.00387989958882
bench_25gbit_1n_4g_N128,window_length_s,5,0.5322230344000001,0.043601396799786425,0.05413828467769161,0.47808474972230847,0.5863613190776917
bench_25gbit_1n_4g_N256,window_length_s,5,1.5000475882,0.010414816859584258,0.01293170314243136,1.4871158850575685,1.5129792913424314
bench_25gbit_1n_4g_N512,window_length_s,5,5.2474425316,0.018153483417125426,0.022540526801033686,5.224902004798967,5.269983058401033
bench_25gbit_1n_4g_N64,window_length_s,5,0.23585295659999977,0.013091447575179473,0.016255179138472315,0.21959777746152745,0.25210813573847207
full_1x2x2_N64,window_length_s,1,0.21550273899999992,NA,NA,NA,NA
full_2x2x2_N1536,window_length_s,1,39.965547085,NA,NA,NA,NA
