experiment_id,np,dims,local_xyz,reps,throughput_mean,throughput_sd,throughput_ci95,total_time_mean_s,total_time_ci95_s,me_mean,me_sd,me_ci95,rank_in_np,shapes_in_np,throughput_vs_best_in_np,parallel_efficiency_vs_np1
strongscale_native_np01_1x1x1_N968,1,1x1x1,960x960x960,5,2524.9842214,11.966774719657135,14.856331272590447,35.039902,0.20739049394347436,,,,1,1,1.0,1.0
strongscale_native_np02_1x1x2_N968,2,1x1x2,960x960x480,5,3504.815098,51.42487277744791,63.84217665413475,25.2477272,0.4531253763651031,0.819620771508514,0.005337118714641246,0.006625845770757876,1,3,1.0,0.6940271286243374
strongscale_native_np02_1x2x1_N968,2,1x2x1,960x480x960,5,3203.5107282,134.75274530893122,167.29080901907787,27.6587884,1.5162224871623387,0.8278889857929547,0.015566177467133648,0.01932486359250993,2,3,0.9140313079648802,0.6343625241396132
strongscale_native_np02_2x1x1_N968,2,2x1x1,480x960x960,5,2224.9454172,80.49169126909733,99.92761276106383,39.8076508,1.856092241310153,0.8701417738157364,0.018871226838506394,0.023427966515699842,3,3,0.6348253345717584,0.4405860041308217
strongscale_native_np04_1x1x4_N968,4,1x1x4,960x960x240,5,3384.5486674,101.06066799277693,125.46327623797615,26.1589702,0.9629767160804076,0.7544014997110704,0.02527139008493857,0.03137354480351261,3,6,0.6763445685958924,0.33510592251576593
strongscale_native_np04_1x2x2_N968,4,1x2x2,960x480x480,5,5004.178084,480.9296718271625,597.0573267119419,17.8284234,2.400138181767533,0.8160370181657715,0.06427236618706339,0.07979188930328694,1,6,1.0,0.4954662727778739
strongscale_native_np04_1x4x1_N968,4,1x4x1,960x240x960,5,3022.0512926,91.82629064413459,113.9991205066759,29.297541,1.1002751673275646,0.7666156185428618,0.022110555980467086,0.02744948007815312,5,6,0.603905624834274,0.2992148690462308
strongscale_native_np04_2x1x2_N968,4,2x1x2,480x960x480,5,3437.7667418,15.55828231482399,19.315062037712785,25.7362006,0.1451133415916239,0.8746834629762926,0.014717496671557018,0.018271256138609998,2,6,0.6869792969182429,0.3403750717196462
strongscale_native_np04_2x2x1_N968,4,2x2x1,480x480x960,5,3163.598411,192.32336337826314,238.76271299006544,28.0564326,2.3051775874381195,0.8759058056346467,0.04744268435166862,0.05889842933464416,4,6,0.6321914124349536,0.3132295228013261
strongscale_native_np04_4x1x1_N968,4,4x1x1,240x960x960,5,1655.6065474,34.67394926039141,43.04649237652955,53.4579534,1.4204962043560942,0.7649051861304853,0.010682267497493509,0.013261660589674432,6,6,0.3308448499651756,0.16392246468000046
strongscale_native_np08_1x1x8_N968,8,1x1x8,960x960x120,5,7061.799193,73.2117856530511,90.88986516416804,12.5295526,0.16074929751975844,0.7124748742245604,0.005383486165973386,0.006683409335995253,1,10,1.0,0.349596204064818
strongscale_native_np08_1x2x4_N968,8,1x2x4,960x480x240,5,6696.8197794,58.80288058575565,73.00171468336903,13.2120914,0.14238362443470884,0.7822020713641381,0.008757718872347648,0.01087240094409847,2,10,0.9483163704284051,0.3315278033542962
strongscale_native_np08_1x4x2_N968,8,1x4x2,960x240x480,5,6194.3564686,40.517601422932195,50.3011816643532,14.2834284,0.11670482481964566,0.7919367139697097,0.01204678097707911,0.014955656236249086,3,10,0.8771640624870994,0.3066532265875648
strongscale_native_np08_1x8x1_N968,8,1x8x1,960x120x960,5,6073.0018636,119.89856827134584,148.84986899790584,14.572962799999999,0.362826629669558,0.7570110554607967,0.010314886971788987,0.012805570546966485,4,10,0.85997940434498,0.30064553533292826
strongscale_native_np08_2x1x4_N968,8,2x1x4,480x960x240,5,4976.5509284,54.334683979806584,67.45460524710602,17.779808,0.24333379586070378,0.8009065622420529,0.00829229065804272,0.010294588133436455,6,10,0.7047143075567768,0.24636544687201584
strongscale_native_np08_2x2x2_N968,8,2x2x2,480x480x480,5,5533.243351200001,39.35222849290733,48.854412028411154,15.9901132,0.14145942843784748,0.8319020623360287,0.006035919835974299,0.0074933828636997366,5,10,0.7835458358380994,0.2739246499197946
strongscale_native_np08_2x4x1_N968,8,2x4x1,480x240x960,5,4447.776634,10.88392474377575,13.512010991054195,19.891741800000002,0.060461586152003095,0.8439758886562085,0.00882516392755632,0.01095613161559112,7,10,0.629836180899742,0.22018833802523183
strongscale_native_np08_4x1x2_N968,8,4x1x2,240x960x480,5,3235.4004966,43.783334834153145,54.355475201388664,27.3495126,0.46171344383388147,0.7758808923679972,0.010817667487278484,0.013429754930018845,8,10,0.45815526725924,0.1601693423061325
strongscale_native_np08_4x2x1_N968,8,4x2x1,240x480x960,5,3174.692289,9.280090640054665,11.520907179931282,27.8685924,0.10133583371107346,0.8352960863245045,0.00489320368294376,0.006074740822074652,9,10,0.4495585618105525,0.157163966713808
strongscale_native_np08_8x1x1_N968,8,8x1x1,120x960x960,5,1883.9582504,6.990239242501297,8.678136949521885,46.9620676,0.2163082981457278,0.6875349469834718,0.0025567704159245763,0.003174140833832182,10,10,0.2667816230554207,0.0932658427344262
strongscale_native_np12_12x1x1_N968,12,12x1x1,80x960x960,5,1813.9686582,59.18289093667266,73.4734842112906,48.8140432,1.9287173791292869,0.7133779039055366,0.029854919642873987,0.037063836056221135,18,18,0.1892841487203722,0.0598673265238013
strongscale_native_np12_1x12x1_N968,12,1x12x1,960x80x960,5,5995.264448,189.56375989872504,235.3367620188596,14.7693332,0.5934018572113416,0.7564928847879829,0.02374492837294297,0.029478496104126544,10,18,0.6255943410396417,0.19786474958233838
strongscale_native_np12_1x1x12_N968,12,1x1x12,960x960x80,5,7007.5173714,126.30517831332804,156.80345075637646,12.6287702,0.2792712947961101,0.7062898927342394,0.013713609469645753,0.017024965372610272,4,18,0.7312209912187055,0.23127264558755076
strongscale_native_np12_1x2x6_N968,12,1x2x6,960x480x160,5,9583.3099098,82.6653625062518,102.6261493954857,9.2326,0.09885684897519388,0.697903658419736,0.011234492725353054,0.01394722884965737,1,18,1.0,0.31628283154466763
strongscale_native_np12_1x3x4_N968,12,1x3x4,960x320x240,5,6423.0572502,94.4640735208602,117.27383547038544,13.7767392,0.249461702208883,0.7632659642058004,0.015966170026843467,0.01982144033209367,7,18,0.6702336990721453,0.21198341213919478
strongscale_native_np12_1x4x3_N968,12,1x4x3,960x240x320,5,6235.285191,78.60522034439992,97.58562524563263,14.190979800000001,0.2212585156765156,0.7691609826312605,0.01134920317100455,0.014089637846312564,8,18,0.6506400450040468,0.20578627575022992
strongscale_native_np12_1x6x2_N968,12,1x6x2,960x160x480,5,8694.294584,98.96647825852124,122.86341310286966,10.1771106,0.14424002694523586,0.7476265325017444,0.010873859514441885,0.013499515361711989,2,18,0.9072329566540591,0.28694220840118656
strongscale_native_np12_2x1x6_N968,12,2x1x6,480x960x160,5,6915.034361,203.11771631001244,252.16352371677726,12.8034618,0.4797064458720014,0.7035151534659327,0.02844194102513175,0.03530967263975907,5,18,0.7215705665459705,0.2282203819464496
strongscale_native_np12_2x2x3_N968,12,2x2x3,480x480x320,5,7039.382895,125.58109679827785,155.90452894093738,12.5715998,0.280555332324509,0.7512024381639335,0.018402524470619668,0.022846088958154223,3,18,0.7345460974606954,0.23232431960495417
strongscale_native_np12_2x3x2_N968,12,2x3x2,480x320x480,5,6803.1504754,55.447219616954904,68.83577923635877,13.0054872,0.13120125184179507,0.7605146497321801,0.010921554198106292,0.01355872663935858,6,18,0.7098956977737955,0.22452782139327365
strongscale_native_np12_2x6x1_N968,12,2x6x1,480x160x960,5,6103.6212178000005,56.983799188550094,70.74338890371678,14.4962678,0.1668912022965986,0.7806069777209887,0.005693284948046394,0.007068013662736814,9,18,0.6369011620461495,0.20144090294604539
strongscale_native_np12_3x1x4_N968,12,3x1x4,320x960x240,5,3978.4556141999997,44.52097806477528,55.27123341125159,22.2404042,0.30885537914965816,0.6967912961715191,0.007611276198961695,0.009449132558099814,12,18,0.41514420921852757,0.13130298599100781
strongscale_native_np12_3x2x2_N968,12,3x2x2,320x480x480,5,5075.7427086,64.80792639594017,80.45676852645988,17.4329694,0.2794202741052011,0.7070997215262338,0.00997358633918251,0.012381857777207602,11,18,0.5296440119722611,0.1675173078172646
strongscale_native_np12_3x4x1_N968,12,3x4x1,320x240x960,5,3704.228121,16.299142435691795,20.234813904035114,23.8848604,0.13057712329937762,0.7422239682555959,0.00397703004310575,0.004937343368248562,13,18,0.38652909650892275,0.1222525171182442
strongscale_native_np12_4x1x3_N968,12,4x1x3,240x960x320,5,3446.9049948,58.85277060156796,73.06365138891132,25.6735264,0.5434070973556411,0.708133191607131,0.012835825533709579,0.015935227390277827,15,18,0.3596779220585527,0.11375995163278133
strongscale_native_np12_4x3x1_N968,12,4x3x1,240x320x960,5,3333.2022414,24.704828333967974,30.67017825270991,26.5442948,0.2451653807025925,0.7505425977320329,0.002328918659552775,0.002891270866526736,17,18,0.34781325792161116,0.11000736206422299
strongscale_native_np12_6x1x2_N968,12,6x1x2,160x960x480,5,3437.100073,32.14107684573958,39.90202007344004,25.7425554,0.2963921158489701,0.7312730934697715,0.008027905904191878,0.009966363730567196,16,18,0.35865479728305383,0.11343635483176304
strongscale_native_np12_6x2x1_N968,12,6x2x1,160x480x960,5,3447.4056424,49.243892429981535,61.134566015509954,25.668013000000002,0.4554633045550762,0.7658562912108718,0.010740390297200458,0.013333818007789645,14,18,0.35973016367493704,0.11377647475913583
strongscale_native_np16_16x1x1_N968,16,16x1x1,60x960x960,5,1416.3641596,10.203351554328908,12.667103236497965,62.4678704,0.5555572638550569,0.5356698966040426,0.00544465283770568,0.0067593456145151505,15,15,0.14738700520005585,0.035058737882297644
strongscale_native_np16_1x16x1_N968,16,1x16x1,960x60x960,5,6913.8599562,114.7423164678131,142.44856315629568,12.7993212,0.25850436856944053,0.6749587500477159,0.009558876293090417,0.011867009794259035,5,15,0.7194570029254977,0.1711362168524401
strongscale_native_np16_1x1x16_N968,16,1x1x16,960x960x60,5,7768.3077904,83.8802855327996,104.13443373908947,11.390108,0.15290134419947135,0.5938853904355775,0.0038966433064175523,0.0048375460529200935,4,15,0.8083709354963258,0.1922860478830238
strongscale_native_np16_1x2x8_N968,16,1x2x8,960x480x120,5,9609.8306474,326.4853153647349,405.32007281186924,9.2150496,0.3873041199577049,0.5905102856432178,0.024040912283303354,0.029845949751970982,1,15,1.0,0.23786858166166439
strongscale_native_np16_1x4x4_N968,16,1x4x4,960x240x240,5,9356.684668,143.75838749754345,178.47099806840203,9.4574396,0.18009452521801508,0.595099687696909,0.014018032511143402,0.017402895905895034,2,15,0.9736576024398005,0.23160255291645204
strongscale_native_np16_1x8x2_N968,16,1x8x2,960x120x480,5,8798.7587114,189.23248583445937,234.9254968821754,10.0589434,0.26752620719923914,0.6409716922618856,0.013592359443684724,0.016874437716271236,3,15,0.9155997680126193,0.21779241818691072
strongscale_native_np16_2x1x8_N968,16,2x1x8,480x960x120,5,6629.247173600001,239.78177868301432,297.6806717514518,13.3600616,0.6055087162027227,0.5615008966016339,0.024728477532004137,0.030699537902957128,6,15,0.6898401664751069,0.16409130197268013
strongscale_native_np16_2x2x4_N968,16,2x2x4,480x480x240,5,6587.0599618,62.76425677330111,77.91962433874632,13.432395,0.15804895913452227,0.6958465661731567,0.009573549406533852,0.011885225950175958,7,15,0.6854501607249625,0.16304705753140672
strongscale_native_np16_2x4x2_N968,16,2x4x2,480x240x480,5,6320.0041488,49.50412100183018,61.457630664134626,13.999668,0.13669060711761452,0.7158125933525372,0.007910509990010577,0.009820620818881801,8,15,0.6576603043998405,0.15643672382276852
strongscale_native_np16_2x8x1_N968,16,2x8x1,480x120x960,5,6137.7492564,32.061986975128974,39.80383277188021,14.4149804,0.09357230517668863,0.6869682257143189,0.007914885749350844,0.00982605317069347,9,15,0.6386948408982219,0.15192543591908247
strongscale_native_np16_4x1x4_N968,16,4x1x4,240x960x240,5,4963.9724264,80.78946858119959,100.29729285429612,17.826937,0.3616266292874591,0.6740856453153783,0.011993453729662732,0.014889452328175866,10,15,0.5165514990363574,0.12287137243098496
strongscale_native_np16_4x2x2_N968,16,4x2x2,240x480x480,5,4602.7699454,107.73798751134863,133.7529343208583,19.230229599999998,0.5578828180619854,0.7440036079476766,0.015589492059660292,0.019353807841747978,11,15,0.4789647304185645,0.11393066109062538
strongscale_native_np16_4x4x1_N968,16,4x4x1,240x240x960,5,4589.3929786,25.395122899454417,31.527154754798634,19.278314599999998,0.13211779560671363,0.7425104530422989,0.00594492571678473,0.007380416854878895,12,15,0.47757272182956617,0.11359954598189949
strongscale_native_np16_8x1x2_N968,16,8x1x2,120x960x480,5,2787.0945782,50.577177051480234,62.78979212961889,31.752379,0.7144288001072716,0.5765784985383386,0.016422410322227285,0.020387846663533386,13,15,0.29002535845458066,0.06898792066150691
strongscale_native_np16_8x2x1_N968,16,8x2x1,120x480x960,5,2785.415622,126.1645342361488,156.62884606538398,31.8124184,1.6876982192115038,0.6262658880025327,0.03840515551047795,0.0476786541240546,14,15,0.28985064609370736,0.06894636208002722
strongscale_native_np20_10x1x2_N968,20,10x1x2,96x960x480,5,2905.5355066,39.4525336095832,48.97893731417798,30.454459,0.5078698897031426,0.6122528638084821,0.01394951760412498,0.017317837050888397,17,18,0.27910235118567467,0.05753571610417827
strongscale_native_np20_10x2x1_N968,20,10x2x1,96x480x960,5,3002.2782298,16.469220301868503,20.445959612151935,29.4695316,0.2010247541657966,0.6915434852863367,0.004736001914715273,0.005879580338138819,16,18,0.28839534431685176,0.05945142556446076
strongscale_native_np20_1x10x2_N968,20,1x10x2,960x96x480,5,9164.1156558,220.27083512054315,273.45851935070937,9.6588332,0.2893744606348794,0.628140201280712,0.01384520342727473,0.017188334657468284,2,18,0.880294259100014,0.1814687707378796
strongscale_native_np20_1x1x20_N968,20,1x1x20,960x960x48,5,7529.7680456,140.7001920551732,174.67435564364345,11.7531126,0.27151734637655456,0.6286002551099155,0.006513493937908916,0.008086274368032645,6,18,0.7233007342832113,0.14910524948597606
strongscale_native_np20_1x20x1_N968,20,1x20x1,960x48x960,5,6485.7971689999995,95.82129769569501,118.95878170066695,13.6435252,0.25162007706879713,0.7000136271052044,0.011087891622868228,0.013765228720594694,10,18,0.6230181097664691,0.12843242967680588
strongscale_native_np20_1x2x10_N968,20,1x2x10,960x480x96,5,10410.2867434,406.9524528129469,505.21720286513363,8.508946400000001,0.40808784539458065,0.5635719628164485,0.0195740366730553,0.02430048028555814,1,18,1.0,0.20614558014203993
strongscale_native_np20_1x4x5_N968,20,1x4x5,960x240x192,5,8308.906310999999,145.98845616367365,181.2395501336659,10.6507266,0.2369514856612599,0.6424425005170784,0.005010752994034905,0.006220674170645692,3,18,0.7981438471200372,0.1645338264013597
strongscale_native_np20_1x5x4_N968,20,1x5x4,960x192x240,5,8290.6683412,137.88842307162628,171.18364302807538,10.6738398,0.22134245777190145,0.6554063924644495,0.011922560812343165,0.014801441256750763,4,18,0.796391929017343,0.16417267622771847
strongscale_native_np20_20x1x1_N968,20,20x1x1,48x960x960,5,1442.3136346000001,34.86368172614161,43.28203858094837,61.3697186,1.8156190896850963,0.5353611471890188,0.013405710351028681,0.01664271941144916,18,18,0.1385469651462204,0.02856084450698659
strongscale_native_np20_2x10x1_N968,20,2x10x1,480x96x960,5,6521.7475108,161.0246344217863,199.90643828936132,13.572574,0.41736445045462245,0.6582417460841679,0.024923907982340347,0.030942157955474454,9,18,0.6264714576603485,0.12914432208182194
strongscale_native_np20_2x1x10_N968,20,2x1x10,480x960x96,5,7339.280977,183.96007330019975,228.37998156583436,12.0609058,0.37772619107311634,0.5314580978230844,0.018663587639329283,0.023170189729521742,8,18,0.7050027686944376,0.14533320475425923
strongscale_native_np20_2x2x5_N968,20,2x2x5,480x480x192,5,7759.3631634,113.08428240546735,140.39017199673074,11.404084,0.20350395603844712,0.5471098164032534,0.02288498523566956,0.028410906847855282,5,18,0.7453553734549478,0.15365171587285706
strongscale_native_np20_2x5x2_N968,20,2x5x2,480x192x480,5,7470.1290054,109.17419541827114,135.5359360854445,11.8456738,0.21481247495800548,0.6245245316284497,0.008891580285873998,0.011038585195958578,7,18,0.7175718776561053,0.14792427101303074
strongscale_native_np20_4x1x5_N968,20,4x1x5,240x960x192,5,5021.1045654,34.10293546074461,42.33759876337925,17.6209956,0.1484070914879495,0.6601398892447509,0.005462803369187378,0.006781878863012154,12,18,0.4823214469652646,0.0994284344996026
strongscale_native_np20_4x5x1_N968,20,4x5x1,240x192x960,5,4684.0039138,43.095227502380055,53.50121407327308,18.8897296,0.2148846742308711,0.7285682158347375,0.0065907848188840315,0.008182228287030593,13,18,0.4499399516319379,0.09275313235824723
strongscale_native_np20_5x1x4_N968,20,5x1x4,192x960x240,5,4655.7529036,47.08285666514401,58.4517158769839,19.0046204,0.23783387058442726,0.7114467639971586,0.008180843022951695,0.010156229801701562,14,18,0.4472261925495657,0.09219370291784587
strongscale_native_np20_5x2x2_N968,20,5x2x2,192x480x480,5,5033.5321156,129.35584220348153,160.59074302310583,17.5863912,0.57667698435193,0.6923473047452684,0.0275350832918432,0.034183840557308776,11,18,0.4835152229395795,0.09967452614038738
strongscale_native_np20_5x4x1_N968,20,5x4x1,192x240x960,5,4342.9942666,43.486091574226144,53.98645811520867,20.3732084,0.2543611485272347,0.7627771926050888,0.009852175644344433,0.012231130656090583,15,18,0.4171829627414833,0.08600042387971811
strongscale_native_np24_12x1x2_N968,24,12x1x2,80x960x480,5,2809.4386852000002,40.36350182416415,50.10987241504388,31.4967574,0.5617223224332729,0.5955345399763721,0.011758359134705545,0.01459759063069256,28,30,0.25642003278126146,0.046360664048728885
strongscale_native_np24_12x2x1_N968,24,12x2x1,80x480x960,5,2760.4116198,79.64578140512259,98.87744532160185,32.0721548,1.1447845794580236,0.6570880458632287,0.031970724164198557,0.039690533191683135,29,30,0.251945287778545,0.045551631511276426
strongscale_native_np24_1x12x2_N968,24,1x12x2,960x80x480,5,8696.1093064,190.61137331424507,236.63733734606197,10.1778738,0.2793529713126605,0.6682492438613598,0.011810288849464043,0.014662059550966966,6,30,0.7937018327409343,0.14350105030191643
strongscale_native_np24_1x1x24_N968,24,1x1x24,960x960x40,5,8083.2511386,97.46176349391214,120.99536247624006,10.946560400000001,0.16234057222459944,0.6006369128631046,0.014515544689688607,0.01802053983333311,10,30,0.7377657084519813,0.13338781601900745
strongscale_native_np24_1x24x1_N968,24,1x24x1,960x40x960,5,6819.1854168,70.88233997901635,87.99794002763848,12.9753396,0.1674138922190132,0.7009157200910177,0.005444511701776421,0.006759170399207044,14,30,0.6223932763967324,0.1125285153435375
strongscale_native_np24_1x2x12_N968,24,1x2x12,960x480x80,5,10083.158534,399.73999996816156,496.26319551893886,8.7858156,0.44733717666221984,0.6426564091500161,0.04253168511610244,0.05280159595788114,2,30,0.9202990816092064,0.16638979444805704
strongscale_native_np24_1x3x8_N968,24,1x3x8,960x320x120,5,10956.3931286,373.63742657900065,463.85776578360003,8.0825006,0.338350434111916,0.5001787898421401,0.010478548031211786,0.013008750014464464,1,30,1.0,0.1807996962868995
strongscale_native_np24_1x4x6_N968,24,1x4x6,960x240x160,5,9792.2080746,269.5646976353525,334.6551214746372,9.0405868,0.3092409120863743,0.5691221575009255,0.024623982862638928,0.03056981143440756,4,30,0.8937437676491297,0.1615886017492719
strongscale_native_np24_1x6x4_N968,24,1x6x4,960x160x240,5,9638.903814,383.96836923731905,476.68326890249824,9.190881,0.4707560561459152,0.5863839908536839,0.02770531323974055,0.034395175069549956,5,30,0.8797515478738258,0.1590588126635174
strongscale_native_np24_1x8x3_N968,24,1x8x3,960x120x320,5,9942.8406978,108.6804042992941,134.9229117230041,8.8990778,0.12156713828732521,0.5091138771874755,0.009442587332405862,0.011722641126531286,3,30,0.9074921446407144,0.1640743041337882
strongscale_native_np24_24x1x1_N968,24,24x1x1,40x960x960,5,1548.2748158,19.65910811759664,24.40609350144562,57.1506868,0.897446114689797,0.5536068912101205,0.003791643787580976,0.004707192831451287,30,30,0.14131245544288326,0.02554924902562931
strongscale_native_np24_2x12x1_N968,24,2x12x1,480x80x960,5,6434.3692432,193.88700428652803,240.7039183581584,13.7601666,0.515447983459409,0.6934627354512664,0.03880146727108174,0.04817066128059295,17,30,0.5872707530367869,0.10617837378722982
strongscale_native_np24_2x1x12_N968,24,2x1x12,480x960x80,5,7569.7091812,155.9640991964274,193.6239612238368,11.6918664,0.3027845886730082,0.5904565946877488,0.025578326020694573,0.03175459500691982,12,30,0.6908942653253672,0.12491347333718696
strongscale_native_np24_2x2x6_N968,24,2x2x6,480x480x160,5,8474.475686400001,99.11628071139445,123.04938759620372,10.4411472,0.1510484352888132,0.5135406367034558,0.005386053244572283,0.006686596274076851,8,30,0.773473129973647,0.1398437069853129
strongscale_native_np24_2x3x4_N968,24,2x3x4,480x320x240,5,8112.5509514,216.5595594745704,268.85110074944663,10.9120034,0.36257158238071596,0.617346032911811,0.016445281217161243,0.02041624007776566,9,30,0.740439929106178,0.13387131430109037
strongscale_native_np24_2x4x3_N968,24,2x4x3,480x240x320,5,7962.6975242,83.25128109874441,103.35354678640854,11.1119784,0.143933716035595,0.6268037250744312,0.011859786035488677,0.014723508572100044,11,30,0.7267626700446324,0.13139847001672567
strongscale_native_np24_2x6x2_N968,24,2x6x2,480x160x480,5,8492.8318406,109.56863382519293,136.02561753906437,10.4188446,0.16846996564637845,0.6208639239254391,0.007643775230358747,0.009489478966199219,7,30,0.7751485129198907,0.14014661571315803
strongscale_native_np24_3x1x8_N968,24,3x1x8,320x960x120,5,7111.4677982,104.37701285249192,129.58040211393563,12.4430888,0.2234005657104981,0.5394764535369734,0.015041765789414983,0.018673824879914643,13,30,0.6490701560933035,0.11735168709055971
strongscale_native_np24_3x2x4_N968,24,3x2x4,320x480x240,5,6809.2578378,133.3019632499412,165.48971395565346,12.9971886,0.32140865234109917,0.6093297017100664,0.014614051444469497,0.018142832515855897,15,30,0.6214871772011782,0.1123646928841755
strongscale_native_np24_3x4x2_N968,24,3x4x2,320x240x480,5,6434.9408622,151.42290687839287,187.98623017016845,13.7551728,0.411255914248585,0.6318650175108076,0.01921371165719436,0.023853149410962643,16,30,0.5873229252245946,0.10618780650294007
strongscale_native_np24_3x8x1_N968,24,3x8x1,320x120x960,5,6176.9492234,100.95326395465122,125.32993789010965,14.3262406,0.28996278298246697,0.6651965625783317,0.022854225257262193,0.028372719413073302,18,30,0.5637757928999473,0.10193049213021642
strongscale_native_np24_4x1x6_N968,24,4x1x6,240x960x160,5,5921.6326722,44.331219175669496,55.03565440316319,14.9414188,0.13985296267451694,0.6035555787988659,0.008568262133301923,0.010637197044716577,21,30,0.5404728182619221,0.09771732139308013
strongscale_native_np24_4x2x3_N968,24,4x2x3,240x480x320,5,5941.5485968,48.91672890241155,60.72840396602264,14.891471,0.15219889159553984,0.641951233421611,0.00833268357364577,0.01034473452202677,19,30,0.54229056287607,0.09804596906724523
strongscale_native_np24_4x3x2_N968,24,4x3x2,240x320x480,5,5923.091202,94.04688900846776,116.75591552427704,14.9400574,0.29248026173041036,0.6628185829511634,0.014211153534724968,0.017642648886062415,20,30,0.5406059396078687,0.09774138969199658
strongscale_native_np24_4x6x1_N968,24,4x6x1,240x160x960,5,5404.427901,66.97050706163917,83.14153660524293,16.3725674,0.24933380297142163,0.700840137881764,0.00958243173394901,0.011896253048257317,22,30,0.49326706677698173,0.08918253586160806
strongscale_native_np24_6x1x4_N968,24,6x1x4,160x960x240,5,5108.0809096,31.791315204400178,39.46780325797281,17.3208572,0.13374711395638547,0.6990854464859197,0.0038151699489943425,0.004736399736044827,24,30,0.4662192064162184,0.08429229092317157
strongscale_native_np24_6x2x2_N968,24,6x2x2,160x480x480,5,5325.6244786,68.04461512508907,84.47500410897727,16.6149748,0.2626642363145684,0.6999314602834958,0.010792902587995193,0.01339901017578857,23,30,0.4860746064960252,0.08788214122725553
strongscale_native_np24_6x4x1_N968,24,6x4x1,160x240x960,5,4642.7307084,30.95865843946488,38.434089076329336,19.057049,0.15770008820422116,0.7432267469864098,0.006338461737797153,0.007868978028028913,25,30,0.42374626885930705,0.07661319671246956
strongscale_native_np24_8x1x3_N968,24,8x1x3,120x960x320,5,3913.1832334,29.910077070048587,37.132312068300116,22.610165600000002,0.2138472027472628,0.5873641193955651,0.00532388904941198,0.006609421605193147,26,30,0.3571598050078387,0.06457438427130548
strongscale_native_np24_8x3x1_N968,24,8x3x1,120x320x960,5,3897.9403074,27.466325328037055,34.09847995582148,22.6984252,0.198117625552748,0.6647980067958698,0.004214186354172843,0.005231764614000833,27,30,0.3557685692406399,0.06432284926713246
