experiment_id,np,dims,local_xyz,partition_sizes_dc_output,rep,total_time_s,throughput_msamples_s,masking_effectiveness
strongscale_native_np01_1x1x1_N968,1,1x1x1,960x960x960,960x960x960,1,34.998418,2527.93144,
strongscale_native_np01_1x1x1_N968,1,1x1x1,960x960x960,960x960x960,2,35.334483,2503.888353,
strongscale_native_np01_1x1x1_N968,1,1x1x1,960x960x960,960x960x960,3,34.988281,2528.663838,
strongscale_native_np01_1x1x1_N968,1,1x1x1,960x960x960,960x960x960,4,34.948301,2531.556549,
strongscale_native_np01_1x1x1_N968,1,1x1x1,960x960x960,960x960x960,5,34.930027,2532.880927,
strongscale_native_np02_1x1x2_N968,2,1x1x2,960x960x480,960x960x480,1,25.304426,3496.368604,0.818950391618412
strongscale_native_np02_1x1x2_N968,2,1x1x2,960x960x480,960x960x480,2,25.35876,3488.877262,0.8162908802502864
strongscale_native_np02_1x1x2_N968,2,1x1x2,960x960x480,960x960x480,3,25.356405,3489.201246,0.8177934786132859
strongscale_native_np02_1x1x2_N968,2,1x1x2,960x960x480,960x960x480,4,25.592908,3456.95775,0.816128208665934
strongscale_native_np02_1x1x2_N968,2,1x1x2,960x960x480,960x960x480,5,24.626137,3592.670628,0.8289408983946513
strongscale_native_np02_1x2x1_N968,2,1x2x1,960x480x960,960x480x960,1,27.448697,3223.235017,0.8294015673974537
strongscale_native_np02_1x2x1_N968,2,1x2x1,960x480x960,960x480x960,2,29.778738,2971.032601,0.801171137513325
strongscale_native_np02_1x2x1_N968,2,1x2x1,960x480x960,960x480x960,3,26.707848,3312.644225,0.8399607562671895
strongscale_native_np02_1x2x1_N968,2,1x2x1,960x480x960,960x480x960,4,27.00032,3276.761218,0.8377053646676246
strongscale_native_np02_1x2x1_N968,2,1x2x1,960x480x960,960x480x960,5,27.358339,3233.88058,0.8312061031191804
strongscale_native_np02_2x1x1_N968,2,2x1x1,480x960x960,480x960x960,1,38.96648,2270.50529,0.8809460653613057
strongscale_native_np02_2x1x1_N968,2,2x1x1,480x960x960,480x960x960,2,42.345979,2089.303459,0.8403075032915671
strongscale_native_np02_2x1x1_N968,2,2x1x1,480x960x960,480x960x960,3,38.612719,2291.307182,0.8862004532536021
strongscale_native_np02_2x1x1_N968,2,2x1x1,480x960x960,480x960x960,4,39.212715,2256.247748,0.8804416422208428
strongscale_native_np02_2x1x1_N968,2,2x1x1,480x960x960,480x960x960,5,39.900361,2217.363407,0.8628132049513645
strongscale_native_np04_1x1x4_N968,4,1x1x4,960x960x240,960x960x240,1,26.979603,3279.277252,0.7344626974117096
strongscale_native_np04_1x1x4_N968,4,1x1x4,960x960x240,960x960x240,2,26.500629,3338.547135,0.7359507618736906
strongscale_native_np04_1x1x4_N968,4,1x1x4,960x960x240,960x960x240,3,25.331701,3492.60393,0.7837194395921656
strongscale_native_np04_1x1x4_N968,4,1x1x4,960x960x240,960x960x240,4,25.329628,3492.889853,0.7803370486569656
strongscale_native_np04_1x1x4_N968,4,1x1x4,960x960x240,960x960x240,5,26.65329,3319.425167,0.7375375510208209
strongscale_native_np04_1x2x2_N968,4,1x2x2,960x480x480,960x480x480,1,16.849211,5250.90471,0.8535569669645205
strongscale_native_np04_1x2x2_N968,4,1x2x2,960x480x480,960x480x480,2,17.510278,5052.666839,0.8179599345469316
strongscale_native_np04_1x2x2_N968,4,1x2x2,960x480x480,960x480x480,3,16.466719,5372.873719,0.8526455415990979
strongscale_native_np04_1x2x2_N968,4,1x2x2,960x480x480,960x480x480,4,17.096262,5175.026126,0.8517684022072588
strongscale_native_np04_1x2x2_N968,4,1x2x2,960x480x480,960x480x480,5,21.219647,4169.419026,0.7042542455110483
strongscale_native_np04_1x4x1_N968,4,1x4x1,960x240x960,960x240x960,1,30.51895,2898.972621,0.7473436820731605
strongscale_native_np04_1x4x1_N968,4,1x4x1,960x240x960,960x240x960,2,29.357898,3013.621721,0.759171588387202
strongscale_native_np04_1x4x1_N968,4,1x4x1,960x240x960,960x240x960,3,28.020446,3157.46578,0.8038870208866439
strongscale_native_np04_1x4x1_N968,4,1x4x1,960x240x960,960x240x960,4,29.20733,3029.157441,0.7548641236355921
strongscale_native_np04_1x4x1_N968,4,1x4x1,960x240x960,960x240x960,5,29.383081,3011.0389,0.7678116777317103
strongscale_native_np04_2x1x2_N968,4,2x1x2,480x960x480,480x960x480,1,25.70465,3441.929801,0.8927062543651851
strongscale_native_np04_2x1x2_N968,4,2x1x2,480x960x480,480x960x480,2,25.92716,3412.390662,0.8735411460865177
strongscale_native_np04_2x1x2_N968,4,2x1x2,480x960x480,480x960x480,3,25.746926,3436.278151,0.8585571647345116
strongscale_native_np04_2x1x2_N968,4,2x1x2,480x960x480,480x960x480,4,25.687211,3444.266433,0.8624752495865062
strongscale_native_np04_2x1x2_N968,4,2x1x2,480x960x480,480x960x480,5,25.615056,3453.968662,0.8861375001087423
strongscale_native_np04_2x2x1_N968,4,2x2x1,480x480x960,480x480x960,1,27.250414,3246.688252,0.891216563142027
strongscale_native_np04_2x2x1_N968,4,2x2x1,480x480x960,480x480x960,2,27.261071,3245.419045,0.8939467994441654
strongscale_native_np04_2x2x1_N968,4,2x2x1,480x480x960,480x480x960,3,27.150883,3258.590153,0.9024270373095339
strongscale_native_np04_2x2x1_N968,4,2x2x1,480x480x960,480x480x960,4,31.377081,2819.688715,0.791436875787058
strongscale_native_np04_2x2x1_N968,4,2x2x1,480x480x960,480x480x960,5,27.242714,3247.60589,0.9005017524904491
strongscale_native_np04_4x1x1_N968,4,4x1x1,240x960x960,240x960x960,1,52.834831,1674.531716,0.7700802907027147
strongscale_native_np04_4x1x1_N968,4,4x1x1,240x960x960,240x960x960,2,55.392773,1597.204746,0.7462870261544652
strongscale_native_np04_4x1x1_N968,4,4x1x1,240x960x960,240x960x960,3,52.745583,1677.365112,0.7668149399490582
strongscale_native_np04_4x1x1_N968,4,4x1x1,240x960x960,240x960x960,4,53.615448,1650.151279,0.7732085754739197
strongscale_native_np04_4x1x1_N968,4,4x1x1,240x960x960,240x960x960,5,52.701132,1678.779884,0.7681350983722689
strongscale_native_np08_1x1x8_N968,8,1x1x8,960x960x120,960x960x120,1,12.689517,6972.180497,0.7053732640871689
strongscale_native_np08_1x1x8_N968,8,1x1x8,960x960x120,960x960x120,2,12.480734,7088.813582,0.713958922646911
strongscale_native_np08_1x1x8_N968,8,1x1x8,960x960x120,960x960x120,3,12.583873,7030.713235,0.7198654140247482
strongscale_native_np08_1x1x8_N968,8,1x1x8,960x960x120,960x960x120,4,12.340867,7169.155914,0.7097041581852905
strongscale_native_np08_1x1x8_N968,8,1x1x8,960x960x120,960x960x120,5,12.552772,7048.132737,0.7134726121786832
strongscale_native_np08_1x2x4_N968,8,1x2x4,960x480x240,960x480x240,1,13.260609,6671.910566,0.7816724049213633
strongscale_native_np08_1x2x4_N968,8,1x2x4,960x480x240,960x480x240,2,13.279233,6662.553447,0.7752695235659554
strongscale_native_np08_1x2x4_N968,8,1x2x4,960x480x240,960x480x240,3,13.007844,6801.557695,0.7946092294109957
strongscale_native_np08_1x2x4_N968,8,1x2x4,960x480x240,960x480x240,4,13.248892,6677.81145,0.772936735983532
strongscale_native_np08_1x2x4_N968,8,1x2x4,960x480x240,960x480x240,5,13.263879,6670.265739,0.7865224629388443
strongscale_native_np08_1x4x2_N968,8,1x4x2,960x240x480,960x240x480,1,14.286396,6192.856602,0.7756972380886265
strongscale_native_np08_1x4x2_N968,8,1x4x2,960x240x480,960x240x480,2,14.244327,6211.146399,0.7872641527192623
strongscale_native_np08_1x4x2_N968,8,1x4x2,960x240x480,960x240x480,3,14.194913,6232.767913,0.8048952375030837
strongscale_native_np08_1x4x2_N968,8,1x4x2,960x240x480,960x240x480,4,14.250341,6208.525147,0.8028197650234645
strongscale_native_np08_1x4x2_N968,8,1x4x2,960x240x480,960x240x480,5,14.441165,6126.486282,0.7890071765141116
strongscale_native_np08_1x8x1_N968,8,1x8x1,960x120x960,960x120x960,1,15.050804,5878.33068,0.7397840371870985
strongscale_native_np08_1x8x1_N968,8,1x8x1,960x120x960,960x120x960,2,14.470721,6113.973097,0.7648474962252354
strongscale_native_np08_1x8x1_N968,8,1x8x1,960x120x960,960x120x960,3,14.276759,6197.036878,0.7612048991940359
strongscale_native_np08_1x8x1_N968,8,1x8x1,960x120x960,960x120x960,4,14.610667,6055.411608,0.7638706583360526
strongscale_native_np08_1x8x1_N968,8,1x8x1,960x120x960,960x120x960,5,14.455863,6120.257055,0.7553481863615613
strongscale_native_np08_2x1x4_N968,8,2x1x4,480x960x240,480x960x240,1,17.716572,4993.832973,0.795111110846398
strongscale_native_np08_2x1x4_N968,8,2x1x4,480x960x240,480x960x240,2,17.697134,4999.317914,0.7985289774089307
strongscale_native_np08_2x1x4_N968,8,2x1x4,480x960x240,480x960x240,3,17.791119,4972.908145,0.8108216609704331
strongscale_native_np08_2x1x4_N968,8,2x1x4,480x960x240,480x960x240,4,18.105615,4886.528415,0.7917898776754435
strongscale_native_np08_2x1x4_N968,8,2x1x4,480x960x240,480x960x240,5,17.5886,5030.167195,0.8082811843090594
strongscale_native_np08_2x2x2_N968,8,2x2x2,480x480x480,480x480x480,1,16.12321,5487.344049,0.8290126154989934
strongscale_native_np08_2x2x2_N968,8,2x2x2,480x480x480,480x480x480,2,15.915818,5558.847311,0.8304807230632193
strongscale_native_np08_2x2x2_N968,8,2x2x2,480x480x480,480x480x480,3,16.101625,5494.699931,0.8240807791397966
strongscale_native_np08_2x2x2_N968,8,2x2x2,480x480x480,480x480x480,4,15.934635,5552.282761,0.8385131571019712
strongscale_native_np08_2x2x2_N968,8,2x2x2,480x480x480,480x480x480,5,15.875278,5573.042704,0.8374230368761633
strongscale_native_np08_2x4x1_N968,8,2x4x1,480x240x960,480x240x960,1,19.962464,4431.997893,0.8448739039891955
strongscale_native_np08_2x4x1_N968,8,2x4x1,480x240x960,480x240x960,2,19.828652,4461.907028,0.846714165327325
strongscale_native_np08_2x4x1_N968,8,2x4x1,480x240x960,480x240x960,3,19.906894,4444.369863,0.8327899003874714
strongscale_native_np08_2x4x1_N968,8,2x4x1,480x240x960,480x240x960,4,19.883209,4449.664126,0.8563995572958162
strongscale_native_np08_2x4x1_N968,8,2x4x1,480x240x960,480x240x960,5,19.87749,4450.94426,0.8391019162812346
strongscale_native_np08_4x1x2_N968,8,4x1x2,240x960x480,240x960x480,1,27.132874,3260.75299,0.7726292254418476
strongscale_native_np08_4x1x2_N968,8,4x1x2,240x960x480,240x960x480,2,27.053529,3270.316471,0.7803487492220669
strongscale_native_np08_4x1x2_N968,8,4x1x2,240x960x480,240x960x480,3,27.052535,3270.436533,0.792545148066518
strongscale_native_np08_4x1x2_N968,8,4x1x2,240x960x480,240x960x480,4,27.716839,3192.052274,0.7669457147739049
strongscale_native_np08_4x1x2_N968,8,4x1x2,240x960x480,240x960x480,5,27.791786,3183.444215,0.7669356243356482
strongscale_native_np08_4x2x1_N968,8,4x2x1,240x480x960,240x480x960,1,27.802055,3182.26833,0.8281240640619145
strongscale_native_np08_4x2x1_N968,8,4x2x1,240x480x960,240x480x960,2,27.90406,3170.635408,0.8340568062602893
strongscale_native_np08_4x2x1_N968,8,4x2x1,240x480x960,240x480x960,3,27.836526,3178.327588,0.8388655134036276
strongscale_native_np08_4x2x1_N968,8,4x2x1,240x480x960,240x480x960,4,27.805438,3181.881143,0.8407450070302183
strongscale_native_np08_4x2x1_N968,8,4x2x1,240x480x960,240x480x960,5,27.994883,3160.348976,0.8346890408664729
strongscale_native_np08_8x1x1_N968,8,8x1x1,120x960x960,120x960x960,1,47.151348,1876.37479,0.6875390080131811
strongscale_native_np08_8x1x1_N968,8,8x1x1,120x960x960,120x960x960,2,46.782269,1891.178026,0.6917289129153166
strongscale_native_np08_8x1x1_N968,8,8x1x1,120x960x960,120x960x960,3,46.969376,1883.644375,0.6869669923708296
strongscale_native_np08_8x1x1_N968,8,8x1x1,120x960x960,120x960x960,4,46.790755,1890.835061,0.6866275583282555
strongscale_native_np08_8x1x1_N968,8,8x1x1,120x960x960,120x960x960,5,47.11659,1877.759,0.6848122632897764
strongscale_native_np12_12x1x1_N968,12,12x1x1,80x960x960,80x960x960,1,49.870866,1774.053823,0.6875623713634655
strongscale_native_np12_12x1x1_N968,12,12x1x1,80x960x960,80x960x960,2,46.376766,1907.713879,0.757692353122625
strongscale_native_np12_12x1x1_N968,12,12x1x1,80x960x960,80x960x960,3,49.704346,1779.99726,0.6947786389869163
strongscale_native_np12_12x1x1_N968,12,12x1x1,80x960x960,80x960x960,4,49.976863,1770.291185,0.696265399225834
strongscale_native_np12_12x1x1_N968,12,12x1x1,80x960x960,80x960x960,5,48.141375,1837.787144,0.7305907568288423
strongscale_native_np12_1x12x1_N968,12,1x12x1,960x80x960,960x80x960,1,14.617737,6052.48267,0.7684739855030899
strongscale_native_np12_1x12x1_N968,12,1x12x1,960x80x960,960x80x960,2,14.794608,5980.124604,0.7598135001340531
strongscale_native_np12_1x12x1_N968,12,1x12x1,960x80x960,960x80x960,3,14.257154,6205.558077,0.7786714108580299
strongscale_native_np12_1x12x1_N968,12,1x12x1,960x80x960,960x80x960,4,15.549067,5689.962126,0.7164637766706659
strongscale_native_np12_1x12x1_N968,12,1x12x1,960x80x960,960x80x960,5,14.6281,6048.194763,0.7590417507740758
strongscale_native_np12_1x1x12_N968,12,1x1x12,960x960x80,960x960x80,1,12.281281,7203.93892,0.7169895161217463
strongscale_native_np12_1x1x12_N968,12,1x1x12,960x960x80,960x960x80,2,12.535338,7057.934668,0.7120253258174272
strongscale_native_np12_1x1x12_N968,12,1x1x12,960x960x80,960x960x80,3,12.753388,6937.262305,0.7193375806154689
strongscale_native_np12_1x1x12_N968,12,1x1x12,960x960x80,960x960x80,4,12.726162,6952.103848,0.6916405508553768
strongscale_native_np12_1x1x12_N968,12,1x1x12,960x960x80,960x960x80,5,12.847682,6886.347116,0.6914564902611775
strongscale_native_np12_1x2x6_N968,12,1x2x6,960x480x160,960x480x160,1,9.157261,9661.578657,0.7129584732332611
strongscale_native_np12_1x2x6_N968,12,1x2x6,960x480x160,960x480x160,2,9.269409,9544.686292,0.7010224162516212
strongscale_native_np12_1x2x6_N968,12,1x2x6,960x480x160,960x480x160,3,9.332772,9479.88494,0.6826984379013576
strongscale_native_np12_1x2x6_N968,12,1x2x6,960x480x160,960x480x160,4,9.145219,9674.300632,0.6923650453106476
strongscale_native_np12_1x2x6_N968,12,1x2x6,960x480x160,960x480x160,5,9.258339,9556.099028,0.7004739194017925
strongscale_native_np12_1x3x4_N968,12,1x3x4,960x320x240,960x320x240,1,13.726417,6445.498709,0.7634419452455474
strongscale_native_np12_1x3x4_N968,12,1x3x4,960x320x240,960x320x240,2,13.465269,6570.503565,0.787876665393014
strongscale_native_np12_1x3x4_N968,12,1x3x4,960x320x240,960x320x240,3,13.815417,6403.976155,0.766087152614988
strongscale_native_np12_1x3x4_N968,12,1x3x4,960x320x240,960x320x240,4,14.002586,6318.375979,0.7529905125904189
strongscale_native_np12_1x3x4_N968,12,1x3x4,960x320x240,960x320x240,5,13.874007,6376.931843,0.7459335451850333
strongscale_native_np12_1x4x3_N968,12,1x4x3,960x240x320,960x240x320,1,14.164148,6246.305695,0.7669141157437305
strongscale_native_np12_1x4x3_N968,12,1x4x3,960x240x320,960x240x320,2,13.932019,6350.378806,0.7816834709134445
strongscale_native_np12_1x4x3_N968,12,1x4x3,960x240x320,960x240x320,3,14.304124,6185.181409,0.7634703278192088
strongscale_native_np12_1x4x3_N968,12,1x4x3,960x240x320,960x240x320,4,14.40294,6142.74583,0.7544093257034872
strongscale_native_np12_1x4x3_N968,12,1x4x3,960x240x320,960x240x320,5,14.151668,6251.814215,0.7793276729764316
strongscale_native_np12_1x6x2_N968,12,1x6x2,960x160x480,960x160x480,1,10.345823,8551.625242,0.742345379891039
strongscale_native_np12_1x6x2_N968,12,1x6x2,960x160x480,960x160x480,2,10.032572,8818.636095,0.7374086118590221
strongscale_native_np12_1x6x2_N968,12,1x6x2,960x160x480,960x160x480,3,10.218387,8658.274428,0.7641432417327454
strongscale_native_np12_1x6x2_N968,12,1x6x2,960x160x480,960x160x480,4,10.164326,8704.325076,0.752920616049598
strongscale_native_np12_1x6x2_N968,12,1x6x2,960x160x480,960x160x480,5,10.124445,8738.612079,0.7413148129763176
strongscale_native_np12_2x1x6_N968,12,2x1x6,480x960x160,480x960x160,1,12.547846,7050.899138,0.7334610230230004
strongscale_native_np12_2x1x6_N968,12,2x1x6,480x960x160,480x960x160,2,12.90528,6855.612525,0.6872014764001806
strongscale_native_np12_2x1x6_N968,12,2x1x6,480x960x160,480x960x160,3,12.581026,7032.30378,0.7204726496501
strongscale_native_np12_2x1x6_N968,12,2x1x6,480x960x160,480x960x160,4,12.543655,7053.255486,0.7138860807969549
strongscale_native_np12_2x1x6_N968,12,2x1x6,480x960x160,480x960x160,5,13.439502,6583.100876,0.6625545374594279
strongscale_native_np12_2x2x3_N968,12,2x2x3,480x480x320,480x480x320,1,12.433836,7115.551345,0.7749569745828752
strongscale_native_np12_2x2x3_N968,12,2x2x3,480x480x320,480x480x320,2,12.412825,7127.596112,0.7576696205051928
strongscale_native_np12_2x2x3_N968,12,2x2x3,480x480x320,480x480x320,3,12.382186,7145.232839,0.7576587264612923
strongscale_native_np12_2x2x3_N968,12,2x2x3,480x480x320,480x480x320,4,12.869985,6874.413525,0.7287289806072748
strongscale_native_np12_2x2x3_N968,12,2x2x3,480x480x320,480x480x320,5,12.759167,6934.120654,0.7369978886630325
strongscale_native_np12_2x3x2_N968,12,2x3x2,480x320x480,480x320x480,1,13.01876,6795.854459,0.7462463244653537
strongscale_native_np12_2x3x2_N968,12,2x3x2,480x320x480,480x320x480,2,12.852118,6883.97042,0.7735730370926627
strongscale_native_np12_2x3x2_N968,12,2x3x2,480x320x480,480x320x480,3,13.125257,6740.713473,0.7569871270005601
strongscale_native_np12_2x3x2_N968,12,2x3x2,480x320x480,480x320x480,4,12.958969,6827.209733,0.769182174172345
strongscale_native_np12_2x3x2_N968,12,2x3x2,480x320x480,480x320x480,5,13.072332,6768.004292,0.7565845859299789
strongscale_native_np12_2x6x1_N968,12,2x6x1,480x160x960,480x160x960,1,14.536102,6086.47356,0.7849029125643721
strongscale_native_np12_2x6x1_N968,12,2x6x1,480x160x960,480x160x960,2,14.604322,6058.042169,0.7797498614100792
strongscale_native_np12_2x6x1_N968,12,2x6x1,480x160x960,480x160x960,3,14.284378,6193.731388,0.787689932674261
strongscale_native_np12_2x6x1_N968,12,2x6x1,480x160x960,480x160x960,4,14.450555,6122.505181,0.7769180578888402
strongscale_native_np12_2x6x1_N968,12,2x6x1,480x160x960,480x160x960,5,14.605982,6057.353791,0.7737741240673912
strongscale_native_np12_3x1x4_N968,12,3x1x4,320x960x240,320x960x240,1,22.532277,3926.527276,0.6994223253977474
strongscale_native_np12_3x1x4_N968,12,3x1x4,320x960x240,320x960x240,2,21.941505,4032.24855,0.7009786261389976
strongscale_native_np12_3x1x4_N968,12,3x1x4,320x960x240,320x960x240,3,22.431622,3944.14641,0.683326201192916
strongscale_native_np12_3x1x4_N968,12,3x1x4,320x960x240,320x960x240,4,22.049531,4012.4935,0.7015060165322148
strongscale_native_np12_3x1x4_N968,12,3x1x4,320x960x240,320x960x240,5,22.247086,3976.862335,0.6987233115957201
strongscale_native_np12_3x2x2_N968,12,3x2x2,320x480x480,320x480x480,1,17.31271,5110.326352,0.717722814987382
strongscale_native_np12_3x2x2_N968,12,3x2x2,320x480x480,320x480x480,2,17.414882,5080.344432,0.7091324050569809
strongscale_native_np12_3x2x2_N968,12,3x2x2,320x480x480,320x480x480,3,17.806693,4968.558696,0.6916886867896372
strongscale_native_np12_3x2x2_N968,12,3x2x2,320x480x480,320x480x480,4,17.416453,5079.886173,0.7040269534181117
strongscale_native_np12_3x2x2_N968,12,3x2x2,320x480x480,320x480x480,5,17.214109,5139.59789,0.7129277473790568
strongscale_native_np12_3x4x1_N968,12,3x4x1,320x240x960,320x240x960,1,23.870608,3706.382393,0.7388874566267247
strongscale_native_np12_3x4x1_N968,12,3x4x1,320x240x960,320x240x960,2,24.034643,3681.086567,0.7382674974144263
strongscale_native_np12_3x4x1_N968,12,3x4x1,320x240x960,320x240x960,3,23.924961,3697.962093,0.7445399283159919
strongscale_native_np12_3x4x1_N968,12,3x4x1,320x240x960,320x240x960,4,23.74918,3725.332784,0.7477728759587533
strongscale_native_np12_3x4x1_N968,12,3x4x1,320x240x960,320x240x960,5,23.84491,3710.376768,0.7416520829620832
strongscale_native_np12_4x1x3_N968,12,4x1x3,240x960x320,240x960x320,1,25.691715,3443.662644,0.7046518583493983
strongscale_native_np12_4x1x3_N968,12,4x1x3,240x960x320,240x960x320,2,25.141525,3519.022779,0.7241372351292708
strongscale_native_np12_4x1x3_N968,12,4x1x3,240x960x320,240x960x320,3,26.039749,3397.636393,0.7023424058940957
strongscale_native_np12_4x1x3_N968,12,4x1x3,240x960x320,240x960x320,4,25.33622,3491.980982,0.7177015243443248
strongscale_native_np12_4x1x3_N968,12,4x1x3,240x960x320,240x960x320,5,26.158423,3382.222176,0.6918329343185654
strongscale_native_np12_4x3x1_N968,12,4x3x1,240x320x960,240x320x960,1,26.42517,3348.080602,0.7500088913154779
strongscale_native_np12_4x3x1_N968,12,4x3x1,240x320x960,240x320x960,2,26.334836,3359.565297,0.7522246991962985
strongscale_native_np12_4x3x1_N968,12,4x3x1,240x320x960,240x320x960,3,26.492423,3339.581227,0.752027014860227
strongscale_native_np12_4x3x1_N968,12,4x3x1,240x320x960,240x320x960,4,26.84145,3296.15582,0.7466853456797584
strongscale_native_np12_4x3x1_N968,12,4x3x1,240x320x960,240x320x960,5,26.627595,3322.628261,0.7517670376084025
strongscale_native_np12_6x1x2_N968,12,6x1x2,160x960x480,160x960x480,1,25.347794,3490.386647,0.7340680039291598
strongscale_native_np12_6x1x2_N968,12,6x1x2,160x960x480,160x960x480,2,25.729259,3438.637672,0.7349697006426701
strongscale_native_np12_6x1x2_N968,12,6x1x2,160x960x480,160x960x480,3,25.908575,3414.838555,0.7227781495829517
strongscale_native_np12_6x1x2_N968,12,6x1x2,160x960x480,160x960x480,4,25.950544,3409.31584,0.7232708704094415
strongscale_native_np12_6x1x2_N968,12,6x1x2,160x960x480,160x960x480,5,25.776605,3432.321651,0.7412787427846345
strongscale_native_np12_6x2x1_N968,12,6x2x1,160x480x960,160x480x960,1,25.376706,3486.409987,0.7780015263609744
strongscale_native_np12_6x2x1_N968,12,6x2x1,160x480x960,160x480x960,2,25.732474,3438.208126,0.7630644549547342
strongscale_native_np12_6x2x1_N968,12,6x2x1,160x480x960,160x480x960,3,25.847892,3422.855465,0.7564054630363193
strongscale_native_np12_6x2x1_N968,12,6x2x1,160x480x960,160x480x960,4,25.235472,3505.922158,0.7763165366943016
strongscale_native_np12_6x2x1_N968,12,6x2x1,160x480x960,160x480x960,5,26.147521,3383.632476,0.7554934750080295
strongscale_native_np16_16x1x1_N968,16,16x1x1,60x960x960,60x960x960,1,62.45422,1416.615241,0.5306394646338737
strongscale_native_np16_16x1x1_N968,16,16x1x1,60x960x960,60x960x960,2,61.740715,1432.986327,0.5439791971576766
strongscale_native_np16_16x1x1_N968,16,16x1x1,60x960x960,60x960x960,3,62.74177,1410.122798,0.5319228585105736
strongscale_native_np16_16x1x1_N968,16,16x1x1,60x960x960,60x960x960,4,62.491482,1415.770553,0.5381486829847033
strongscale_native_np16_16x1x1_N968,16,16x1x1,60x960x960,60x960x960,5,62.911165,1406.325879,0.5336592797333859
strongscale_native_np16_1x16x1_N968,16,1x16x1,960x60x960,960x60x960,1,12.930802,6842.081672,0.6626657353274377
strongscale_native_np16_1x16x1_N968,16,1x16x1,960x60x960,960x60x960,2,12.869428,6874.711224,0.6744358958516975
strongscale_native_np16_1x16x1_N968,16,1x16x1,960x60x960,960x60x960,3,12.930093,6842.456632,0.67673908719294
strongscale_native_np16_1x16x1_N968,16,1x16x1,960x60x960,960x60x960,4,12.831757,6894.89375,0.6718152286317791
strongscale_native_np16_1x16x1_N968,16,1x16x1,960x60x960,960x60x960,5,12.434526,7115.156503,0.6891378032347251
strongscale_native_np16_1x1x16_N968,16,1x1x16,960x960x60,960x960x60,1,11.446124,7729.56843,0.5918682042520698
strongscale_native_np16_1x1x16_N968,16,1x1x16,960x960x60,960x960x60,2,11.411262,7753.182936,0.5888001493329555
strongscale_native_np16_1x1x16_N968,16,1x1x16,960x960x60,960x960x60,3,11.280671,7842.93766,0.5941418499625799
strongscale_native_np16_1x1x16_N968,16,1x1x16,960x960x60,960x960x60,4,11.555562,7656.364916,0.5953969363367375
strongscale_native_np16_1x1x16_N968,16,1x1x16,960x960x60,960x960x60,5,11.256921,7859.48501,0.5992198122935449
strongscale_native_np16_1x2x8_N968,16,1x2x8,960x480x120,960x480x120,1,8.853787,9992.741199,0.6151692781933582
strongscale_native_np16_1x2x8_N968,16,1x2x8,960x480x120,960x480x120,2,9.592341,9223.358228,0.5650186331632049
strongscale_native_np16_1x2x8_N968,16,1x2x8,960x480x120,960x480x120,3,9.318035,9494.876912,0.5910305800734877
strongscale_native_np16_1x2x8_N968,16,1x2x8,960x480x120,960x480x120,4,9.377761,9434.405804,0.5677137768132994
strongscale_native_np16_1x2x8_N968,16,1x2x8,960x480x120,960x480x120,5,8.933324,9903.771094,0.6136191599727389
strongscale_native_np16_1x4x4_N968,16,1x4x4,960x240x240,960x240x240,1,9.655912,9162.634834,0.5733980413171209
strongscale_native_np16_1x4x4_N968,16,1x4x4,960x240x240,960x240x240,2,9.445737,9366.511387,0.6080713977869983
strongscale_native_np16_1x4x4_N968,16,1x4x4,960x240x240,960x240x240,3,9.495748,9317.18036,0.589511083236508
strongscale_native_np16_1x4x4_N968,16,1x4x4,960x240x240,960x240x240,4,9.250426,9564.273045,0.6048135049259287
strongscale_native_np16_1x4x4_N968,16,1x4x4,960x240x240,960x240x240,5,9.439375,9372.823714,0.599704411217989
strongscale_native_np16_1x8x2_N968,16,1x8x2,960x120x480,960x120x480,1,10.1411,8724.26099,0.6377403728377227
strongscale_native_np16_1x8x2_N968,16,1x8x2,960x120x480,960x120x480,2,9.750153,9074.073166,0.6579395812767571
strongscale_native_np16_1x8x2_N968,16,1x8x2,960x120x480,960x120x480,3,10.007355,8840.85763,0.644801719853195
strongscale_native_np16_1x8x2_N968,16,1x8x2,960x120x480,960x120x480,4,10.343453,8553.584578,0.620532998385527
strongscale_native_np16_1x8x2_N968,16,1x8x2,960x120x480,960x120x480,5,10.052656,8801.017193,0.6438437889562261
strongscale_native_np16_2x1x8_N968,16,2x1x8,480x960x120,480x960x120,1,13.100742,6753.327465,0.5778734403719119
strongscale_native_np16_2x1x8_N968,16,2x1x8,480x960x120,480x960x120,2,13.858615,6384.014425,0.5383103957601147
strongscale_native_np16_2x1x8_N968,16,2x1x8,480x960x120,480x960x120,3,12.857821,6880.917094,0.5874354201607068
strongscale_native_np16_2x1x8_N968,16,2x1x8,480x960x120,480x960x120,4,13.073883,6767.201425,0.5717518260633659
strongscale_native_np16_2x1x8_N968,16,2x1x8,480x960x120,480x960x120,5,13.909247,6360.775459,0.53213340065207
strongscale_native_np16_2x2x4_N968,16,2x2x4,480x480x240,480x480x240,1,13.242374,6681.098112,0.7059721753176561
strongscale_native_np16_2x2x4_N968,16,2x2x4,480x480x240,480x480x240,2,13.367798,6618.412265,0.702987931424417
strongscale_native_np16_2x2x4_N968,16,2x2x4,480x480x240,480x480x240,3,13.526094,6540.956949,0.694104176750515
strongscale_native_np16_2x2x4_N968,16,2x2x4,480x480x240,480x480x240,4,13.475291,6565.616931,0.6947753888613795
strongscale_native_np16_2x2x4_N968,16,2x2x4,480x480x240,480x480x240,5,13.550418,6529.215552,0.681393158511816
strongscale_native_np16_2x4x2_N968,16,2x4x2,480x240x480,480x240x480,1,14.168179,6244.528599,0.7093872484929253
strongscale_native_np16_2x4x2_N968,16,2x4x2,480x240x480,480x240x480,2,14.003078,6318.153675,0.7284877979166647
strongscale_native_np16_2x4x2_N968,16,2x4x2,480x240x480,480x240x480,3,13.887042,6370.946448,0.7168744075839436
strongscale_native_np16_2x4x2_N968,16,2x4x2,480x240x480,480x240x480,4,13.916909,6357.27381,0.7153584019432044
strongscale_native_np16_2x4x2_N968,16,2x4x2,480x240x480,480x240x480,5,14.023132,6309.118212,0.7089551108259478
strongscale_native_np16_2x8x1_N968,16,2x8x1,480x120x960,480x120x960,1,14.406881,6141.065669,0.6996003701596716
strongscale_native_np16_2x8x1_N968,16,2x8x1,480x120x960,480x120x960,2,14.316391,6179.881639,0.6817170929919465
strongscale_native_np16_2x8x1_N968,16,2x8x1,480x120x960,480x120x960,3,14.523852,6091.607278,0.6899435722903939
strongscale_native_np16_2x8x1_N968,16,2x8x1,480x120x960,480x120x960,4,14.390617,6148.006079,0.6810985150442095
strongscale_native_np16_2x8x1_N968,16,2x8x1,480x120x960,480x120x960,5,14.437161,6128.185617,0.682481578085373
strongscale_native_np16_4x1x4_N968,16,4x1x4,240x960x240,240x960x240,1,17.860615,4953.558487,0.6703434940310914
strongscale_native_np16_4x1x4_N968,16,4x1x4,240x960x240,240x960x240,2,18.238793,4850.847225,0.655975461358216
strongscale_native_np16_4x1x4_N968,16,4x1x4,240x960x240,240x960x240,3,17.505863,5053.940928,0.6843543180411553
strongscale_native_np16_4x1x4_N968,16,4x1x4,240x960x240,240x960x240,4,17.594697,5028.42412,0.6853934992380466
strongscale_native_np16_4x1x4_N968,16,4x1x4,240x960x240,240x960x240,5,17.934717,4933.091372,0.6743614539083822
strongscale_native_np16_4x2x2_N968,16,4x2x2,240x480x480,240x480x480,1,19.021076,4651.345802,0.7465597355661798
strongscale_native_np16_4x2x2_N968,16,4x2x2,240x480x480,240x480x480,2,18.620644,4751.371538,0.764431944112842
strongscale_native_np16_4x2x2_N968,16,4x2x2,240x480x480,240x480x480,3,19.829022,4461.823628,0.7229133508805228
strongscale_native_np16_4x2x2_N968,16,4x2x2,240x480x480,240x480x480,4,19.409736,4558.20728,0.7359260981797997
strongscale_native_np16_4x2x2_N968,16,4x2x2,240x480x480,240x480x480,5,19.27067,4591.101479,0.750186910999039
strongscale_native_np16_4x4x1_N968,16,4x4x1,240x240x960,240x240x960,1,19.276349,4589.748842,0.7501884232782405
strongscale_native_np16_4x4x1_N968,16,4x4x1,240x240x960,240x240x960,2,19.300701,4583.957844,0.7355930563362418
strongscale_native_np16_4x4x1_N968,16,4x4x1,240x240x960,240x240x960,3,19.411575,4557.775345,0.737720631378671
strongscale_native_np16_4x4x1_N968,16,4x4x1,240x240x960,240x240x960,4,19.288736,4586.801331,0.7458493035151117
strongscale_native_np16_4x4x1_N968,16,4x4x1,240x240x960,240x240x960,5,19.114212,4628.681531,0.7432008507032293
strongscale_native_np16_8x1x2_N968,16,8x1x2,120x960x480,120x960x480,1,31.066664,2847.862863,0.6039167662809081
strongscale_native_np16_8x1x2_N968,16,8x1x2,120x960x480,120x960x480,2,32.315068,2737.843568,0.5649734570864238
strongscale_native_np16_8x1x2_N968,16,8x1x2,120x960x480,120x960x480,3,31.297547,2826.854099,0.5678996069343284
strongscale_native_np16_8x1x2_N968,16,8x1x2,120x960x480,120x960x480,4,31.754936,2786.136968,0.579998251177698
strongscale_native_np16_8x1x2_N968,16,8x1x2,120x960x480,120x960x480,5,32.32768,2736.775393,0.566104411212335
strongscale_native_np16_8x2x1_N968,16,8x2x1,120x480x960,120x480x960,1,32.530526,2719.710104,0.6039279123954391
strongscale_native_np16_8x2x1_N968,16,8x2x1,120x480x960,120x480x960,2,32.25816,2742.67349,0.6065894957286357
strongscale_native_np16_8x2x1_N968,16,8x2x1,120x480x960,120x480x960,3,29.387918,3010.543321,0.6944812887377525
strongscale_native_np16_8x2x1_N968,16,8x2x1,120x480x960,120x480x960,4,32.392092,2731.333301,0.6102421581709799
strongscale_native_np16_8x2x1_N968,16,8x2x1,120x480x960,120x480x960,5,32.493396,2722.817894,0.6160885849798563
strongscale_native_np20_10x1x2_N968,20,10x1x2,96x960x480,96x960x480,1,30.338418,2916.223272,0.6200397304604859
strongscale_native_np20_10x1x2_N968,20,10x1x2,96x960x480,96x960x480,2,30.664734,2885.190559,0.6044303720620571
strongscale_native_np20_10x1x2_N968,20,10x1x2,96x960x480,96x960x480,3,30.835275,2869.233399,0.5980501463858476
strongscale_native_np20_10x1x2_N968,20,10x1x2,96x960x480,96x960x480,4,30.637575,2887.748172,0.6060782937732943
strongscale_native_np20_10x1x2_N968,20,10x1x2,96x960x480,96x960x480,5,29.796293,2969.282131,0.6326657763607259
strongscale_native_np20_10x2x1_N968,20,10x2x1,96x480x960,96x480x960,1,29.62615,2986.334717,0.6917045709517328
strongscale_native_np20_10x2x1_N968,20,10x2x1,96x480x960,96x480x960,2,29.391859,3010.139667,0.691585473243198
strongscale_native_np20_10x2x1_N968,20,10x2x1,96x480x960,96x480x960,3,29.354358,3013.985142,0.6932122765397484
strongscale_native_np20_10x2x1_N968,20,10x2x1,96x480x960,96x480x960,4,29.661421,2982.783595,0.6840824343951413
strongscale_native_np20_10x2x1_N968,20,10x2x1,96x480x960,96x480x960,5,29.31387,3018.148028,0.6971326713018633
strongscale_native_np20_1x10x2_N968,20,1x10x2,960x96x480,960x96x480,1,9.374234,9437.955064,0.644068367255106
strongscale_native_np20_1x10x2_N968,20,1x10x2,960x96x480,960x96x480,2,9.717037,9104.997599,0.6221523633677746
strongscale_native_np20_1x10x2_N968,20,1x10x2,960x96x480,960x96x480,3,9.704303,9116.945015,0.6200467481232556
strongscale_native_np20_1x10x2_N968,20,1x10x2,960x96x480,960x96x480,4,9.988573,8857.481256,0.612899143563396
strongscale_native_np20_1x10x2_N968,20,1x10x2,960x96x480,960x96x480,5,9.510019,9303.199345,0.641534384094028
strongscale_native_np20_1x1x20_N968,20,1x1x20,960x960x48,960x960x48,1,11.745383,7532.627941,0.6208193499313859
strongscale_native_np20_1x1x20_N968,20,1x1x20,960x960x48,960x960x48,2,11.433062,7738.39914,0.6367013147825655
strongscale_native_np20_1x1x20_N968,20,1x1x20,960x960x48,960x960x48,3,11.728384,7543.545498,0.6337908455144994
strongscale_native_np20_1x1x20_N968,20,1x1x20,960x960x48,960x960x48,4,12.043596,7346.11161,0.6250063194601598
strongscale_native_np20_1x1x20_N968,20,1x1x20,960x960x48,960x960x48,5,11.815138,7488.156039,0.6266834458609666
strongscale_native_np20_1x20x1_N968,20,1x20x1,960x48x960,960x48x960,1,13.456337,6574.865176,0.7104965621366091
strongscale_native_np20_1x20x1_N968,20,1x20x1,960x48x960,960x48x960,2,13.476223,6565.162858,0.7121788337252983
strongscale_native_np20_1x20x1_N968,20,1x20x1,960x48x960,960x48x960,3,13.786989,6417.180799,0.6945637055405969
strongscale_native_np20_1x20x1_N968,20,1x20x1,960x48x960,960x48x960,4,13.919976,6355.873175,0.6861093237834365
strongscale_native_np20_1x20x1_N968,20,1x20x1,960x48x960,960x48x960,5,13.578101,6515.903837,0.6967197103400816
strongscale_native_np20_1x2x10_N968,20,1x2x10,960x480x96,960x480x96,1,8.744931,10117.129597,0.5447304467975063
strongscale_native_np20_1x2x10_N968,20,1x2x10,960x480x96,960x480x96,2,8.048591,10992.43341,0.5915391197307622
strongscale_native_np20_1x2x10_N968,20,1x2x10,960x480x96,960x480x96,3,8.529901,10372.172155,0.5528163387773374
strongscale_native_np20_1x2x10_N968,20,1x2x10,960x480x96,960x480x96,4,8.342821,10604.758252,0.5761851573013769
strongscale_native_np20_1x2x10_N968,20,1x2x10,960x480x96,960x480x96,5,8.878488,9964.940303,0.5525887514752597
strongscale_native_np20_1x4x5_N968,20,1x4x5,960x240x192,960x240x192,1,10.645824,8310.638658,0.6420872914533895
strongscale_native_np20_1x4x5_N968,20,1x4x5,960x240x192,960x240x192,2,10.572474,8368.297106,0.6496630427842421
strongscale_native_np20_1x4x5_N968,20,1x4x5,960x240x192,960x240x192,3,10.549094,8386.843184,0.636354325638758
strongscale_native_np20_1x4x5_N968,20,1x4x5,960x240x192,960x240x192,4,10.506301,8421.004013,0.6443777454956428
strongscale_native_np20_1x4x5_N968,20,1x4x5,960x240x192,960x240x192,5,10.97994,8057.748594,0.6397300972133596
strongscale_native_np20_1x5x4_N968,20,1x5x4,960x192x240,960x192x240,1,10.924954,8098.304011,0.6400261212152085
strongscale_native_np20_1x5x4_N968,20,1x5x4,960x192x240,960x192x240,2,10.484911,8438.183225,0.6669308045373732
strongscale_native_np20_1x5x4_N968,20,1x5x4,960x192x240,960x192x240,3,10.52403,8406.817287,0.6676788109013649
strongscale_native_np20_1x5x4_N968,20,1x5x4,960x192x240,960x192x240,4,10.750185,8229.960604,0.6486296970982361
strongscale_native_np20_1x5x4_N968,20,1x5x4,960x192x240,960x192x240,5,10.685119,8280.076579,0.6537665285700649
strongscale_native_np20_20x1x1_N968,20,20x1x1,48x960x960,48x960x960,1,62.924574,1406.026213,0.5217751036482547
strongscale_native_np20_20x1x1_N968,20,20x1x1,48x960x960,48x960x960,2,59.100718,1496.997043,0.5562084656922752
strongscale_native_np20_20x1x1_N968,20,20x1x1,48x960x960,48x960x960,3,61.44366,1439.914227,0.5332034100918095
strongscale_native_np20_20x1x1_N968,20,20x1x1,48x960x960,48x960x960,4,62.313947,1419.804131,0.5264069516287972
strongscale_native_np20_20x1x1_N968,20,20x1x1,48x960x960,48x960x960,5,61.065694,1448.826559,0.5392118048839576
strongscale_native_np20_2x10x1_N968,20,2x10x1,480x96x960,480x96x960,1,13.982105,6327.630825,0.6325364315751413
strongscale_native_np20_2x10x1_N968,20,2x10x1,480x96x960,480x96x960,2,13.408113,6598.512365,0.6829232631226962
strongscale_native_np20_2x10x1_N968,20,2x10x1,480x96x960,480x96x960,3,13.857545,6384.507446,0.6306936893998265
strongscale_native_np20_2x10x1_N968,20,2x10x1,480x96x960,480x96x960,4,13.441052,6582.341702,0.6774160996523484
strongscale_native_np20_2x10x1_N968,20,2x10x1,480x96x960,480x96x960,5,13.174055,6715.745216,0.6676392466708267
strongscale_native_np20_2x1x10_N968,20,2x1x10,480x960x96,480x960x96,1,12.415093,7126.293941,0.5161657530140067
strongscale_native_np20_2x1x10_N968,20,2x1x10,480x960x96,480x960x96,2,11.743898,7533.580289,0.5584901127192892
strongscale_native_np20_2x1x10_N968,20,2x1x10,480x960x96,480x960x96,3,11.892833,7439.236848,0.5348785327236502
strongscale_native_np20_2x1x10_N968,20,2x1x10,480x960x96,480x960x96,4,12.358231,7159.083115,0.5115874267799665
strongscale_native_np20_2x1x10_N968,20,2x1x10,480x960x96,480x960x96,5,11.894474,7438.210692,0.5361686638785096
strongscale_native_np20_2x2x5_N968,20,2x2x5,480x480x192,480x480x192,1,11.502962,7691.375792,0.5287905428603843
strongscale_native_np20_2x2x5_N968,20,2x2x5,480x480x192,480x480x192,2,11.542608,7664.957196,0.5176830116704311
strongscale_native_np20_2x2x5_N968,20,2x2x5,480x480x192,480x480x192,3,11.130577,7948.698593,0.5722660697553368
strongscale_native_np20_2x2x5_N968,20,2x2x5,480x480x192,480x480x192,4,11.38303,7772.411991,0.5567660709887303
strongscale_native_np20_2x2x5_N968,20,2x2x5,480x480x192,480x480x192,5,11.461243,7719.372245,0.5600433867413845
strongscale_native_np20_2x5x2_N968,20,2x5x2,480x192x480,480x192x480,1,11.946529,7405.799524,0.6210438980643853
strongscale_native_np20_2x5x2_N968,20,2x5x2,480x192x480,480x192x480,2,11.828599,7479.634937,0.6253153815794412
strongscale_native_np20_2x5x2_N968,20,2x5x2,480x192x480,480x192x480,3,11.768112,7518.079425,0.6282681933553187
strongscale_native_np20_2x5x2_N968,20,2x5x2,480x192x480,480x192x480,4,11.615341,7616.961024,0.6360169563983875
strongscale_native_np20_2x5x2_N968,20,2x5x2,480x192x480,480x192x480,5,12.069788,7330.170117,0.6119782287447156
strongscale_native_np20_4x1x5_N968,20,4x1x5,240x960x192,240x960x192,1,17.610921,5023.791904,0.6655783699674013
strongscale_native_np20_4x1x5_N968,20,4x1x5,240x960x192,240x960x192,2,17.7432,4986.338399,0.6549822361449394
strongscale_native_np20_4x1x5_N968,20,4x1x5,240x960x192,240x960x192,3,17.557083,5039.197129,0.6642168763019036
strongscale_native_np20_4x1x5_N968,20,4x1x5,240x960x192,240x960x192,4,17.461096,5066.898368,0.6622664044552267
strongscale_native_np20_4x1x5_N968,20,4x1x5,240x960x192,240x960x192,5,17.732678,4989.297027,0.6536555593542834
strongscale_native_np20_4x5x1_N968,20,4x5x1,240x192x960,240x192x960,1,18.989348,4659.117376,0.7229900574063062
strongscale_native_np20_4x5x1_N968,20,4x5x1,240x192x960,240x192x960,2,19.042044,4646.223886,0.7227636821327217
strongscale_native_np20_4x5x1_N968,20,4x5x1,240x192x960,240x192x960,3,18.655763,4742.427335,0.7385551124127591
strongscale_native_np20_4x5x1_N968,20,4x5x1,240x192x960,240x192x960,4,19.006871,4654.821924,0.7272371866417586
strongscale_native_np20_4x5x1_N968,20,4x5x1,240x192x960,240x192x960,5,18.754622,4717.429048,0.7312950405801422
strongscale_native_np20_5x1x4_N968,20,5x1x4,192x960x240,192x960x240,1,18.847184,4694.261076,0.720291460008195
strongscale_native_np20_5x1x4_N968,20,5x1x4,192x960x240,192x960x240,2,19.072568,4638.788059,0.7096338967299751
strongscale_native_np20_5x1x4_N968,20,5x1x4,192x960x240,192x960x240,3,18.758398,4716.479541,0.7196280081329669
strongscale_native_np20_5x1x4_N968,20,5x1x4,192x960x240,192x960x240,4,19.187047,4611.110914,0.7025101737655588
strongscale_native_np20_5x1x4_N968,20,5x1x4,192x960x240,192x960x240,5,19.157905,4618.124928,0.705170281349097
strongscale_native_np20_5x2x2_N968,20,5x2x2,192x480x480,192x480x480,1,17.272352,5122.26712,0.7058158154081748
strongscale_native_np20_5x2x2_N968,20,5x2x2,192x480x480,192x480x480,2,17.314106,5109.914305,0.703027970878873
strongscale_native_np20_5x2x2_N968,20,5x2x2,192x480x480,192x480x480,3,17.334095,5104.021734,0.7108804129480981
strongscale_native_np20_5x2x2_N968,20,5x2x2,192x480x480,192x480x480,4,18.376535,4814.4876,0.6437767570649817
strongscale_native_np20_5x2x2_N968,20,5x2x2,192x480x480,192x480x480,5,17.634868,5016.969819,0.6982355674262144
strongscale_native_np20_5x4x1_N968,20,5x4x1,192x240x960,192x240x960,1,20.684537,4277.28216,0.7496630738268852
strongscale_native_np20_5x4x1_N968,20,5x4x1,192x240x960,192x240x960,2,20.256763,4367.60791,0.7620625666770098
strongscale_native_np20_5x4x1_N968,20,5x4x1,192x240x960,192x240x960,3,20.378096,4341.602775,0.7597170015878847
strongscale_native_np20_5x4x1_N968,20,5x4x1,192x240x960,192x240x960,4,20.136478,4393.697807,0.7768691295532607
strongscale_native_np20_5x4x1_N968,20,5x4x1,192x240x960,192x240x960,5,20.410168,4334.780681,0.7655741913804034
strongscale_native_np24_12x1x2_N968,24,12x1x2,80x960x480,80x960x480,1,31.541188,2805.01802,0.6038903996053384
strongscale_native_np24_12x1x2_N968,24,12x1x2,80x960x480,80x960x480,2,32.127584,2753.820505,0.5798643684898963
strongscale_native_np24_12x1x2_N968,24,12x1x2,80x960x480,80x960x480,3,31.353273,2821.829767,0.6035269176865287
strongscale_native_np24_12x1x2_N968,24,12x1x2,80x960x480,80x960x480,4,30.872394,2865.78357,0.6045109078867337
strongscale_native_np24_12x1x2_N968,24,12x1x2,80x960x480,80x960x480,5,31.589348,2800.741564,0.5858801062133631
strongscale_native_np24_12x2x1_N968,24,12x2x1,80x480x960,80x480x960,1,33.103402,2672.643728,0.6231581712401859
strongscale_native_np24_12x2x1_N968,24,12x2x1,80x480x960,80x480x960,2,32.279563,2740.854947,0.6497225383892893
strongscale_native_np24_12x2x1_N968,24,12x2x1,80x480x960,80x480x960,3,32.748512,2701.606706,0.6316022964104202
strongscale_native_np24_12x2x1_N968,24,12x2x1,80x480x960,80x480x960,4,31.071836,2847.388904,0.6918274132066411
strongscale_native_np24_12x2x1_N968,24,12x2x1,80x480x960,80x480x960,5,31.157461,2839.563814,0.6891298100696069
strongscale_native_np24_1x12x2_N968,24,1x12x2,960x80x480,960x80x480,1,9.895144,8941.113054,0.6821621706843626
strongscale_native_np24_1x12x2_N968,24,1x12x2,960x80x480,960x80x480,2,10.150201,8716.438388,0.6761240382903781
strongscale_native_np24_1x12x2_N968,24,1x12x2,960x80x480,960x80x480,3,10.167033,8702.007647,0.6644752611388409
strongscale_native_np24_1x12x2_N968,24,1x12x2,960x80x480,960x80x480,4,10.525733,8405.457096,0.6513095492091738
strongscale_native_np24_1x12x2_N968,24,1x12x2,960x80x480,960x80x480,5,10.151258,8715.530347,0.6671751999840432
strongscale_native_np24_1x1x24_N968,24,1x1x24,960x960x40,960x960x40,1,10.934259,8091.412325,0.6080545494901872
strongscale_native_np24_1x1x24_N968,24,1x1x24,960x960x40,960x960x40,2,10.733832,8242.499377,0.6021954261566319
strongscale_native_np24_1x1x24_N968,24,1x1x24,960x960x40,960x960x40,3,11.084682,7981.609488,0.5751594249458765
strongscale_native_np24_1x1x24_N968,24,1x1x24,960x960x40,960x960x40,4,10.998366,8044.249663,0.6091160389952778
strongscale_native_np24_1x1x24_N968,24,1x1x24,960x960x40,960x960x40,5,10.981663,8056.48484,0.6086591247275496
strongscale_native_np24_1x24x1_N968,24,1x24x1,960x40x960,960x40x960,1,12.830199,6895.730742,0.7100341582599059
strongscale_native_np24_1x24x1_N968,24,1x24x1,960x40x960,960x40x960,2,13.020945,6794.714427,0.7010933941930338
strongscale_native_np24_1x24x1_N968,24,1x24x1,960x40x960,960x40x960,3,13.035942,6786.89734,0.6967986005570754
strongscale_native_np24_1x24x1_N968,24,1x24x1,960x40x960,960x40x960,4,12.844533,6888.035352,0.6999123655534005
strongscale_native_np24_1x24x1_N968,24,1x24x1,960x40x960,960x40x960,5,13.145079,6730.549223,0.6967400818916725
strongscale_native_np24_1x2x12_N968,24,1x2x12,960x480x80,960x480x80,1,8.727526,10137.305604,0.6505515252056011
strongscale_native_np24_1x2x12_N968,24,1x2x12,960x480x80,960x480x80,2,9.38492,9427.209138,0.5704491973401986
strongscale_native_np24_1x2x12_N968,24,1x2x12,960x480x80,960x480x80,3,8.774733,10082.767898,0.6464946969275236
strongscale_native_np24_1x2x12_N968,24,1x2x12,960x480x80,960x480x80,4,8.429855,10495.269475,0.6805185830259398
strongscale_native_np24_1x2x12_N968,24,1x2x12,960x480x80,960x480x80,5,8.612044,10273.240555,0.6652680432508172
strongscale_native_np24_1x3x8_N968,24,1x3x8,960x320x120,960x320x120,1,8.175026,10822.423826,0.5082064225951145
strongscale_native_np24_1x3x8_N968,24,1x3x8,960x320x120,960x320x120,2,8.298444,10661.468347,0.49576445578383255
strongscale_native_np24_1x3x8_N968,24,1x3x8,960x320x120,960x320x120,3,7.866726,11246.55976,0.5090324841685332
strongscale_native_np24_1x3x8_N968,24,1x3x8,960x320x120,960x320x120,4,8.345239,10601.686119,0.4839660703694777
strongscale_native_np24_1x3x8_N968,24,1x3x8,960x320x120,960x320x120,5,7.727068,11449.827591,0.5039245162937428
strongscale_native_np24_1x4x6_N968,24,1x4x6,960x240x160,960x240x160,1,9.174716,9643.197196,0.5606542486132349
strongscale_native_np24_1x4x6_N968,24,1x4x6,960x240x160,960x240x160,2,8.875659,9968.116237,0.5879109858510579
strongscale_native_np24_1x4x6_N968,24,1x4x6,960x240x160,960x240x160,3,9.368127,9444.108154,0.5361735304239756
strongscale_native_np24_1x4x6_N968,24,1x4x6,960x240x160,960x240x160,4,9.052977,9772.874044,0.5622836289001125
strongscale_native_np24_1x4x6_N968,24,1x4x6,960x240x160,960x240x160,5,8.731455,10132.744742,0.598588393716247
strongscale_native_np24_1x6x4_N968,24,1x6x4,960x160x240,960x160x240,1,8.809429,10043.057307,0.6128680365873521
strongscale_native_np24_1x6x4_N968,24,1x6x4,960x160x240,960x160x240,2,9.061644,9763.526404,0.5947354784931795
strongscale_native_np24_1x6x4_N968,24,1x6x4,960x160x240,960x160x240,3,9.825665,9004.337405,0.5428234679275871
strongscale_native_np24_1x6x4_N968,24,1x6x4,960x160x240,960x160x240,4,9.162701,9655.842931,0.5772630954094289
strongscale_native_np24_1x6x4_N968,24,1x6x4,960x160x240,960x160x240,5,9.094966,9727.755023,0.6042298758508717
strongscale_native_np24_1x8x3_N968,24,1x8x3,960x120x320,960x120x320,1,8.859942,9985.799461,0.5217795532193675
strongscale_native_np24_1x8x3_N968,24,1x8x3,960x120x320,960x120x320,2,8.796364,10057.973426,0.5055531199730476
strongscale_native_np24_1x8x3_N968,24,1x8x3,960x120x320,960x120x320,3,8.933488,9903.589685,0.497662992543775
strongscale_native_np24_1x8x3_N968,24,1x8x3,960x120x320,960x120x320,4,9.051077,9774.924954,0.5152706811188101
strongscale_native_np24_1x8x3_N968,24,1x8x3,960x120x320,960x120x320,5,8.854518,9991.915963,0.5053030390823773
strongscale_native_np24_24x1x1_N968,24,24x1x1,40x960x960,40x960x960,1,56.513986,1565.516907,0.5587691586050229
strongscale_native_np24_24x1x1_N968,24,24x1x1,40x960x960,40x960x960,2,57.893834,1528.204203,0.5496078084755147
strongscale_native_np24_24x1x1_N968,24,24x1x1,40x960x960,40x960x960,3,57.589203,1536.287976,0.553129844692003
strongscale_native_np24_24x1x1_N968,24,24x1x1,40x960x960,40x960x960,4,56.248979,1572.892539,0.5559472543551851
strongscale_native_np24_24x1x1_N968,24,24x1x1,40x960x960,40x960x960,5,57.507432,1538.472454,0.550580389922877
strongscale_native_np24_2x12x1_N968,24,2x12x1,480x80x960,480x80x960,1,13.43064,6587.445014,0.7205216364382291
strongscale_native_np24_2x12x1_N968,24,2x12x1,480x80x960,480x80x960,2,14.233772,6215.752276,0.6482146984883629
strongscale_native_np24_2x12x1_N968,24,2x12x1,480x80x960,480x80x960,3,13.290851,6656.729315,0.7309780430612657
strongscale_native_np24_2x12x1_N968,24,2x12x1,480x80x960,480x80x960,4,14.12712,6262.677893,0.6550899150669396
strongscale_native_np24_2x12x1_N968,24,2x12x1,480x80x960,480x80x960,5,13.71845,6449.241718,0.7125093842015348
strongscale_native_np24_2x1x12_N968,24,2x1x12,480x960x80,480x960x80,1,11.602326,7625.505583,0.6015196724807506
strongscale_native_np24_2x1x12_N968,24,2x1x12,480x960x80,480x960x80,2,11.76903,7517.493214,0.5893938224496501
strongscale_native_np24_2x1x12_N968,24,2x1x12,480x960x80,480x960x80,3,12.072078,7328.779734,0.5466291839911783
strongscale_native_np24_2x1x12_N968,24,2x1x12,480x960x80,480x960x80,4,11.584602,7637.172459,0.6078718560890345
strongscale_native_np24_2x1x12_N968,24,2x1x12,480x960x80,480x960x80,5,11.431296,7739.594916,0.6068684384281307
strongscale_native_np24_2x2x6_N968,24,2x2x6,480x480x160,480x480x160,1,10.393849,8512.110968,0.5186074787142201
strongscale_native_np24_2x2x6_N968,24,2x2x6,480x480x160,480x480x160,2,10.482293,8440.290654,0.5136333327575653
strongscale_native_np24_2x2x6_N968,24,2x2x6,480x480x160,480x480x160,3,10.263689,8620.058732,0.517218654066412
strongscale_native_np24_2x2x6_N968,24,2x2x6,480x480x160,480x480x160,4,10.591842,8352.995048,0.5134679948020066
strongscale_native_np24_2x2x6_N968,24,2x2x6,480x480x160,480x480x160,5,10.474063,8446.92303,0.5047757231770755
strongscale_native_np24_2x3x4_N968,24,2x3x4,480x320x240,480x320x240,1,10.851984,8152.757912,0.6231964224058959
strongscale_native_np24_2x3x4_N968,24,2x3x4,480x320x240,480x320x240,2,11.311961,7821.24365,0.5982379151780741
strongscale_native_np24_2x3x4_N968,24,2x3x4,480x320x240,480x320x240,3,10.795253,8195.602217,0.621871793885641
strongscale_native_np24_2x3x4_N968,24,2x3x4,480x320x240,480x320x240,4,10.536714,8396.697788,0.63937321325006
strongscale_native_np24_2x3x4_N968,24,2x3x4,480x320x240,480x320x240,5,11.064105,7996.45319,0.6040508198393841
strongscale_native_np24_2x4x3_N968,24,2x4x3,480x240x320,480x240x320,1,11.064523,7996.151064,0.6232267377047014
strongscale_native_np24_2x4x3_N968,24,2x4x3,480x240x320,480x240x320,2,11.241388,7870.345185,0.6090307994054772
strongscale_native_np24_2x4x3_N968,24,2x4x3,480x240x320,480x240x320,3,11.206642,7894.747017,0.626578979229137
strongscale_native_np24_2x4x3_N968,24,2x4x3,480x240x320,480x240x320,4,11.095119,7974.101198,0.6383535865085155
strongscale_native_np24_2x4x3_N968,24,2x4x3,480x240x320,480x240x320,5,10.95222,8078.143157,0.6368285225243249
strongscale_native_np24_2x6x2_N968,24,2x6x2,480x160x480,480x160x480,1,10.63673,8317.744215,0.6154708870534531
strongscale_native_np24_2x6x2_N968,24,2x6x2,480x160x480,480x160x480,2,10.444678,8470.687474,0.610204348004939
strongscale_native_np24_2x6x2_N968,24,2x6x2,480x160x480,480x160x480,3,10.395836,8510.48428,0.6257441133046757
strongscale_native_np24_2x6x2_N968,24,2x6x2,480x160x480,480x160x480,4,10.290693,8597.438431,0.6279944838346719
strongscale_native_np24_2x6x2_N968,24,2x6x2,480x160x480,480x160x480,5,10.326286,8567.804803,0.624905787429456
strongscale_native_np24_3x1x8_N968,24,3x1x8,320x960x120,320x960x120,1,12.481183,7088.558885,0.5405455614618414
strongscale_native_np24_3x1x8_N968,24,3x1x8,320x960x120,320x960x120,2,12.137328,7289.380074,0.563459509968967
strongscale_native_np24_3x1x8_N968,24,3x1x8,320x960x120,320x960x120,3,12.526149,7063.11231,0.5257369278916866
strongscale_native_np24_3x1x8_N968,24,3x1x8,320x960x120,320x960x120,4,12.608355,7017.06157,0.5276587048659844
strongscale_native_np24_3x1x8_N968,24,3x1x8,320x960x120,320x960x120,5,12.462429,7099.226152,0.5399815634963876
strongscale_native_np24_3x2x4_N968,24,3x2x4,320x480x240,320x480x240,1,13.421374,6591.992969,0.5879508459422449
strongscale_native_np24_3x2x4_N968,24,3x2x4,320x480x240,320x480x240,2,12.794382,6915.035242,0.6122553203310561
strongscale_native_np24_3x2x4_N968,24,3x2x4,320x480x240,320x480x240,3,13.063305,6772.681129,0.604791288264473
strongscale_native_np24_3x2x4_N968,24,3x2x4,320x480x240,320x480x240,4,12.879363,6869.407997,0.6136226773915648
strongscale_native_np24_3x2x4_N968,24,3x2x4,320x480x240,320x480x240,5,12.827519,6897.171852,0.6280283766209933
strongscale_native_np24_3x4x2_N968,24,3x4x2,320x240x480,320x240x480,1,13.546674,6531.020017,0.6384042967941964
strongscale_native_np24_3x4x2_N968,24,3x4x2,320x240x480,320x240x480,2,13.669736,6472.22429,0.641024389321667
strongscale_native_np24_3x4x2_N968,24,3x4x2,320x240x480,320x240x480,3,13.479529,6563.552772,0.6482944595570233
strongscale_native_np24_3x4x2_N968,24,3x4x2,320x240x480,320x240x480,4,14.313814,6180.994297,0.5990084600101582
strongscale_native_np24_3x4x2_N968,24,3x4x2,320x240x480,320x240x480,5,13.766111,6426.912935,0.6325934818709928
strongscale_native_np24_3x8x1_N968,24,3x8x1,320x120x960,320x120x960,1,14.188304,6235.671173,0.6815695712791728
strongscale_native_np24_3x8x1_N968,24,3x8x1,320x120x960,320x120x960,2,14.622351,6050.572807,0.6280884464899372
strongscale_native_np24_3x8x1_N968,24,3x8x1,320x120x960,320x120x960,3,14.011489,6314.360977,0.6856553100745117
strongscale_native_np24_3x8x1_N968,24,3x8x1,320x120x960,320x120x960,4,14.413903,6138.073677,0.6689107891109569
strongscale_native_np24_3x8x1_N968,24,3x8x1,320x120x960,320x120x960,5,14.395156,6146.067483,0.6617586959370797
strongscale_native_np24_4x1x6_N968,24,4x1x6,240x960x160,240x960x160,1,14.855026,5955.802283,0.6085506651208361
strongscale_native_np24_4x1x6_N968,24,4x1x6,240x960x160,240x960x160,2,14.922635,5928.818939,0.613982536539144
strongscale_native_np24_4x1x6_N968,24,4x1x6,240x960x160,240x960x160,3,14.943913,5920.37698,0.602611913425355
strongscale_native_np24_4x1x6_N968,24,4x1x6,240x960x160,240x960x160,4,14.855525,5955.602178,0.6015262790787603
strongscale_native_np24_4x1x6_N968,24,4x1x6,240x960x160,240x960x160,5,15.129995,5847.562981,0.5911064998302338
strongscale_native_np24_4x2x3_N968,24,4x2x3,240x480x320,240x480x320,1,14.882549,5944.788165,0.6377398705922266
strongscale_native_np24_4x2x3_N968,24,4x2x3,240x480x320,240x480x320,2,14.980782,5905.806711,0.6345904902630128
strongscale_native_np24_4x2x3_N968,24,4x2x3,240x480x320,240x480x320,3,14.814731,5972.001723,0.6494706552649014
strongscale_native_np24_4x2x3_N968,24,4x2x3,240x480x320,240x480x320,4,14.737713,6003.211117,0.6523759240274718
strongscale_native_np24_4x2x3_N968,24,4x2x3,240x480x320,240x480x320,5,15.04158,5881.935268,0.6355792269604421
strongscale_native_np24_4x3x2_N968,24,4x3x2,240x320x480,240x320x480,1,15.164647,5834.200955,0.6459092240234876
strongscale_native_np24_4x3x2_N968,24,4x3x2,240x320x480,240x320x480,2,15.144954,5841.787253,0.6551371751021349
strongscale_native_np24_4x3x2_N968,24,4x3x2,240x320x480,240x320x480,3,14.957705,5914.917904,0.6599735236473426
strongscale_native_np24_4x3x2_N968,24,4x3x2,240x320x480,240x320x480,4,14.837563,5962.811948,0.6702738905248744
strongscale_native_np24_4x3x2_N968,24,4x3x2,240x320x480,240x320x480,5,14.595418,6061.73795,0.6827991014579772
strongscale_native_np24_4x6x1_N968,24,4x6x1,240x160x960,240x160x960,1,16.449136,5378.616733,0.6991159125826947
strongscale_native_np24_4x6x1_N968,24,4x6x1,240x160x960,240x160x960,2,16.315014,5422.8333,0.7041472361412168
strongscale_native_np24_4x6x1_N968,24,4x6x1,240x160x960,240x160x960,3,16.542557,5348.242104,0.6884988677945
strongscale_native_np24_4x6x1_N968,24,4x6x1,240x160x960,240x160x960,4,16.507642,5359.554157,0.6977575506340734
strongscale_native_np24_4x6x1_N968,24,4x6x1,240x160x960,240x160x960,5,16.048488,5512.893211,0.7146811222563352
strongscale_native_np24_6x1x4_N968,24,6x1x4,160x960x240,160x960x240,1,17.454826,5068.718656,0.6981287467742915
strongscale_native_np24_6x1x4_N968,24,6x1x4,160x960x240,160x960x240,2,17.332905,5104.372189,0.702684409881199
strongscale_native_np24_6x1x4_N968,24,6x1x4,160x960x240,160x960x240,3,17.179581,5149.927736,0.7020989186568543
strongscale_native_np24_6x1x4_N968,24,6x1x4,160x960x240,160x960x240,4,17.253823,5127.767877,0.6993623802066096
strongscale_native_np24_6x1x4_N968,24,6x1x4,160x960x240,160x960x240,5,17.383151,5089.61809,0.6931527769106445
strongscale_native_np24_6x2x2_N968,24,6x2x2,160x480x480,160x480x480,1,16.770299,5275.612668,0.6904317100420512
strongscale_native_np24_6x2x2_N968,24,6x2x2,160x480x480,160x480x480,2,16.823653,5258.881526,0.6879833442118356
strongscale_native_np24_6x2x2_N968,24,6x2x2,160x480x480,160x480x480,3,16.38689,5399.047516,0.7069481861638599
strongscale_native_np24_6x2x2_N968,24,6x2x2,160x480x480,160x480x480,4,16.388703,5398.450453,0.71345499782735
strongscale_native_np24_6x2x2_N968,24,6x2x2,160x480x480,160x480x480,5,16.705329,5296.13023,0.7008390631723826
strongscale_native_np24_6x4x1_N968,24,6x4x1,160x240x960,160x240x960,1,18.889976,4683.626982,0.7527563904636354
strongscale_native_np24_6x4x1_N968,24,6x4x1,160x240x960,160x240x960,2,19.144431,4621.375187,0.7392437095201404
strongscale_native_np24_6x4x1_N968,24,6x4x1,160x240x960,160x240x960,3,19.213845,4604.679656,0.7366958615017873
strongscale_native_np24_6x4x1_N968,24,6x4x1,160x240x960,160x240x960,4,18.991689,4658.543009,0.7460522135639305
strongscale_native_np24_6x4x1_N968,24,6x4x1,160x240x960,160x240x960,5,19.045304,4645.428708,0.7413855598825551
strongscale_native_np24_8x1x3_N968,24,8x1x3,120x960x320,120x960x320,1,22.550653,3923.32765,0.5900776008661422
strongscale_native_np24_8x1x3_N968,24,8x1x3,120x960x320,120x960x320,2,22.786577,3882.706849,0.5838557538914705
strongscale_native_np24_8x1x3_N968,24,8x1x3,120x960x320,120x960x320,3,22.609946,3913.038978,0.5878620996979187
strongscale_native_np24_8x1x3_N968,24,8x1x3,120x960x320,120x960x320,4,22.355337,3957.605208,0.5943467320708582
strongscale_native_np24_8x1x3_N968,24,8x1x3,120x960x320,120x960x320,5,22.748315,3889.237482,0.5806784104514356
strongscale_native_np24_8x3x1_N968,24,8x3x1,120x320x960,120x320x960,1,22.793375,3881.548929,0.6645755638622208
strongscale_native_np24_8x3x1_N968,24,8x3x1,120x320x960,120x320x960,2,22.795467,3881.192668,0.6598450619468821
strongscale_native_np24_8x3x1_N968,24,8x3x1,120x320x960,120x320x960,3,22.541111,3924.988371,0.6682675363108953
strongscale_native_np24_8x3x1_N968,24,8x3x1,120x320x960,120x320x960,4,22.510666,3930.296941,0.6697107211274858
strongscale_native_np24_8x3x1_N968,24,8x3x1,120x320x960,120x320x960,5,22.851507,3871.674628,0.661591150731865
