experiment_id,rep,total_time,msamples_per_s,checkpoint_status
1gbit_1n_4g_N64,1,2.208798,7.950748,done
1gbit_1n_4g_N64,2,2.154948,8.149431,done
1gbit_1n_4g_N64,3,2.206036,7.960703,done
1gbit_1n_4g_N64,4,2.186368,8.032316,done
1gbit_1n_4g_N64,5,2.20872,7.951029,done
bench_10gbit_1n_4g_N1024,1,29.810302,3518.153246,done
bench_10gbit_1n_4g_N1024,2,29.461933,3559.753141,done
bench_10gbit_1n_4g_N1024,3,31.695652,3308.883223,done
bench_10gbit_1n_4g_N1024,4,29.75434,3524.770205,done
bench_10gbit_1n_4g_N1024,5,31.615926,3317.227185,done
bench_10gbit_1n_4g_N1088,1,40.96789,3074.876441,done
bench_10gbit_1n_4g_N1088,2,41.071063,3067.152184,done
bench_10gbit_1n_4g_N1088,3,40.039395,3146.181411,done
bench_10gbit_1n_4g_N1088,4,39.287746,3206.373822,done
bench_10gbit_1n_4g_N1088,5,39.895511,3157.528163,done
bench_10gbit_1n_4g_N1152,1,39.818678,3760.02936,done
bench_10gbit_1n_4g_N1152,2,39.548856,3785.682164,done
bench_10gbit_1n_4g_N1152,3,38.807897,3857.962149,done
bench_10gbit_1n_4g_N1152,4,38.367498,3902.245569,done
bench_10gbit_1n_4g_N1152,5,43.337445,3454.735247,done
bench_10gbit_1n_4g_N1216,1,55.370805,3183.610786,done
bench_10gbit_1n_4g_N1216,2,55.225792,3191.970358,done
bench_10gbit_1n_4g_N1216,3,55.542643,3173.761302,done
bench_10gbit_1n_4g_N1216,4,55.368995,3183.71483,done
bench_10gbit_1n_4g_N1216,5,55.571395,3172.119263,done
bench_10gbit_1n_4g_N128,1,2.460345,70.234056,done
bench_10gbit_1n_4g_N128,2,2.453119,70.440924,done
bench_10gbit_1n_4g_N128,3,2.470186,69.954243,done
bench_10gbit_1n_4g_N128,4,2.44086,70.794713,done
bench_10gbit_1n_4g_N128,5,2.505485,68.968683,done
bench_10gbit_1n_4g_N1280,1,51.038161,4032.425146,done
bench_10gbit_1n_4g_N1280,2,50.651373,4063.217854,done
bench_10gbit_1n_4g_N1280,3,49.017076,4198.691151,done
bench_10gbit_1n_4g_N1280,4,49.927654,4122.115634,done
bench_10gbit_1n_4g_N1280,5,50.223433,4097.839432,done
bench_10gbit_1n_4g_N1344,1,70.304822,3391.831453,done
bench_10gbit_1n_4g_N1344,2,74.47974,3201.704307,done
bench_10gbit_1n_4g_N1344,3,72.042647,3310.013122,done
bench_10gbit_1n_4g_N1344,4,70.226129,3395.63219,done
bench_10gbit_1n_4g_N1344,5,71.610273,3329.998534,done
bench_10gbit_1n_4g_N1408,1,69.327402,3958.030928,done
bench_10gbit_1n_4g_N1408,2,66.949061,4098.638545,done
bench_10gbit_1n_4g_N1408,3,68.540479,4003.473649,done
bench_10gbit_1n_4g_N1408,4,68.279658,4018.766461,done
bench_10gbit_1n_4g_N1408,5,69.844852,3928.707572,done
bench_10gbit_1n_4g_N256,1,3.508257,434.774025,done
bench_10gbit_1n_4g_N256,2,3.420616,445.91359,done
bench_10gbit_1n_4g_N256,3,3.596407,424.117532,done
bench_10gbit_1n_4g_N256,4,3.513728,434.097143,done
bench_10gbit_1n_4g_N256,5,3.533263,431.697036,done
bench_10gbit_1n_4g_N512,1,7.457645,1716.68219,done
bench_10gbit_1n_4g_N512,2,7.393991,1731.461003,done
bench_10gbit_1n_4g_N512,3,7.585822,1687.675642,done
bench_10gbit_1n_4g_N512,4,7.360192,1739.412002,done
bench_10gbit_1n_4g_N512,5,7.427981,1723.537745,done
bench_10gbit_1n_4g_N64,1,2.217946,7.917955,done
bench_10gbit_1n_4g_N64,2,2.260972,7.76728,done
bench_10gbit_1n_4g_N64,3,2.173128,8.081255,done
bench_10gbit_1n_4g_N64,4,2.203524,7.969778,done
bench_10gbit_1n_4g_N64,5,2.222796,7.900679,done
bench_10gbit_2n_8g_N1536,1,46.430759,7683.591768,done
bench_10gbit_2n_8g_N1536,2,45.517005,7837.839884,done
bench_10gbit_2n_8g_N1536,3,45.762175,7795.848769,done
bench_10gbit_2n_8g_N1536,4,44.554573,8007.146618,done
bench_10gbit_2n_8g_N1536,5,47.332635,7537.1885,done
bench_10gbit_2n_8g_N1600,1,59.796564,6747.656428,done
bench_10gbit_2n_8g_N1600,2,66.993356,6022.786322,done
bench_10gbit_2n_8g_N1600,3,57.255657,7047.1057280000005,done
bench_10gbit_2n_8g_N1600,4,58.863208,6854.649663,done
bench_10gbit_2n_8g_N1600,5,60.904865,6624.867599,done
bench_10gbit_2n_8g_N1728,1,65.494717,7769.249566,done
bench_10gbit_2n_8g_N1728,2,67.041323,7590.017331,done
bench_10gbit_2n_8g_N1728,3,65.581525,7758.965607,done
bench_10gbit_2n_8g_N1728,4,63.845116,7969.987915,done
bench_10gbit_2n_8g_N1728,5,65.005961,7827.663724,done
bench_10gbit_3n_12g_N1920,1,121.28119,5763.286556,done
bench_10gbit_3n_12g_N1920,2,115.84444,6033.766079,done
bench_10gbit_3n_12g_N1920,3,119.049655,5871.316905,done
bench_10gbit_3n_12g_N1920,4,118.842162,5881.567965,done
bench_10gbit_3n_12g_N1920,5,115.94461,6028.553237,done
bench_10gbit_3n_12g_N1984,1,119.915541,6434.063589,done
bench_10gbit_4n_16g_N2176,1,125.069918,8147.511259,done
bench_10gbit_4n_16g_N2176,2,125.094278,8145.924658,done
bench_10gbit_4n_16g_N2176,3,120.852538,8431.834172,done
bench_10gbit_4n_16g_N2176,4,123.785953,8232.021008,done
bench_10gbit_4n_16g_N2176,5,134.473441,7577.768168,done
bench_1gbit_1n_4g_N1024,1,30.326223,3458.30108,done
bench_1gbit_1n_4g_N1024,2,29.13987,3599.096729,done
bench_1gbit_1n_4g_N1024,3,34.252663,3061.87022,done
bench_1gbit_1n_4g_N1024,4,29.948972,3501.863373,done
bench_1gbit_1n_4g_N1024,5,29.81928,3517.094004,done
bench_1gbit_1n_4g_N1088,1,41.661934,3023.652238,done
bench_1gbit_1n_4g_N1088,2,40.025037,3147.310034,done
bench_1gbit_1n_4g_N1088,3,41.51959,3034.018385,done
bench_1gbit_1n_4g_N1088,4,39.806177,3164.61436,done
bench_1gbit_1n_4g_N1088,5,40.297295,3126.046042,done
bench_1gbit_1n_4g_N1152,1,40.436534,3702.577437,done
bench_1gbit_1n_4g_N1152,2,39.114476,3827.723469,done
bench_1gbit_1n_4g_N1152,3,38.786459,3860.094498,done
bench_1gbit_1n_4g_N1152,4,40.700541,3678.560403,done
bench_1gbit_1n_4g_N1152,5,39.558094,3784.798055,done
bench_1gbit_1n_4g_N1216,1,56.284516000000004,3131.928713,done
bench_1gbit_1n_4g_N1216,2,56.3163,3130.161073,done
bench_1gbit_1n_4g_N1216,3,67.181006,2623.94242,done
bench_1gbit_1n_4g_N1216,4,59.284547,2973.440784,done
bench_1gbit_1n_4g_N1216,5,55.470107,3177.911497,done
bench_1gbit_1n_4g_N128,1,2.472988,69.874975,done
bench_1gbit_1n_4g_N128,2,2.487195,69.475853,done
bench_1gbit_1n_4g_N128,3,2.47683,69.766608,done
bench_1gbit_1n_4g_N128,4,2.548425,67.806592,done
bench_1gbit_1n_4g_N128,5,2.46899,69.988122,done
bench_1gbit_1n_4g_N1280,1,50.226003,4097.629728,done
bench_1gbit_1n_4g_N1280,2,50.01073,4115.268175,done
bench_1gbit_1n_4g_N1280,3,49.864825,4127.309504,done
bench_1gbit_1n_4g_N1280,4,49.700962,4140.917156,done
bench_1gbit_1n_4g_N1280,5,52.934773,3887.94647,done
bench_1gbit_1n_4g_N1344,1,74.279764,3210.323942,done
bench_1gbit_1n_4g_N1344,2,72.841087,3273.730718,done
bench_1gbit_1n_4g_N1344,3,72.954414,3268.645321,done
bench_1gbit_1n_4g_N1344,4,74.853469,3185.718835,done
bench_1gbit_1n_4g_N1344,5,70.259728,3394.008381,done
bench_1gbit_1n_4g_N256,1,3.54789,429.917249,done
bench_1gbit_1n_4g_N256,2,3.494547,436.479781,done
bench_1gbit_1n_4g_N256,3,3.472123,439.298709,done
bench_1gbit_1n_4g_N256,4,3.499505,435.8614,done
bench_1gbit_1n_4g_N256,5,3.499389,435.875892,done
bench_1gbit_1n_4g_N512,1,7.539419,1698.062722,done
bench_1gbit_1n_4g_N512,2,7.50475,1705.907221,done
bench_1gbit_1n_4g_N512,3,7.428347,1723.452911,done
bench_1gbit_1n_4g_N512,4,7.526487,1700.980411,done
bench_1gbit_1n_4g_N512,5,7.49163,1708.894651,done
bench_1gbit_1n_4g_N64,1,2.202888,7.97208,done
bench_1gbit_1n_4g_N64,2,2.186255,8.032732,done
bench_1gbit_1n_4g_N64,3,2.168587,8.098178,done
bench_1gbit_1n_4g_N64,4,2.138531,8.211992,done
bench_1gbit_1n_4g_N64,5,2.153406,8.155267,done
bench_1gbit_2n_8g_N1536,1,78.06588,4569.922135,done
bench_1gbit_2n_8g_N1536,2,86.571952,4120.907368,done
bench_1gbit_2n_8g_N1536,3,84.185823,4237.708686,done
bench_1gbit_2n_8g_N1536,4,86.094139,4143.777947,done
bench_1gbit_2n_8g_N1536,5,93.636272,3810.008547,done
bench_1gbit_2n_8g_N1728,1,106.661844,4770.635713,done
bench_1gbit_2n_8g_N1728,2,100.805702,5047.777976,done
bench_1gbit_2n_8g_N1728,3,105.566176,4820.149986,done
bench_1gbit_2n_8g_N1728,4,105.114424,4840.865624,done
bench_1gbit_2n_8g_N1728,5,102.690893,4955.111238,done
bench_1gbit_3n_12g_N1920,1,244.278583,2861.398012,done
bench_1gbit_3n_12g_N1920,2,243.55462,2869.903486,done
bench_1gbit_3n_12g_N1920,3,244.595264,2857.693325,done
bench_1gbit_3n_12g_N1920,4,244.389524,2860.099085,done
bench_1gbit_3n_12g_N1920,5,243.873782,2866.147593,done
bench_1gbit_3n_12g_N1984,1,256.155901,3012.010322,done
bench_1gbit_3n_12g_N1984,2,257.566841,2995.510658,done
bench_1gbit_3n_12g_N1984,3,256.348825,3009.743534,done
bench_1gbit_3n_12g_N1984,4,254.73406,3028.822358,done
bench_1gbit_3n_12g_N1984,5,255.162735,3023.733925,done
bench_1gbit_4n_16g_N2176,1,293.448764,3472.526345,done
bench_1gbit_4n_16g_N2176,2,294.008419,3465.916268,done
bench_1gbit_4n_16g_N2176,3,297.242184,3428.209785,done
bench_1gbit_4n_16g_N2176,4,300.030211,3396.353187,done
bench_1gbit_4n_16g_N2176,5,293.944908,3466.66513,done
bench_25gbit_1n_4g_N1024,1,30.140197,3479.645753,done
bench_25gbit_1n_4g_N1024,2,29.526385,3551.982751,done
bench_25gbit_1n_4g_N1024,3,29.456192,3560.446944,done
bench_25gbit_1n_4g_N1024,4,29.809291,3518.272554,done
bench_25gbit_1n_4g_N1024,5,30.026095,3492.868824,done
bench_25gbit_1n_4g_N1088,1,43.303602,2909.02357,done
bench_25gbit_1n_4g_N1088,2,43.371864,2904.445135,done
bench_25gbit_1n_4g_N1088,3,42.640478,2954.263345,done
bench_25gbit_1n_4g_N1088,4,43.367248,2904.754323,done
bench_25gbit_1n_4g_N1088,5,43.316382,2908.16532,done
bench_25gbit_1n_4g_N1152,1,44.127311,3392.896475,done
bench_25gbit_1n_4g_N1152,2,39.214378,3817.972041,done
bench_25gbit_1n_4g_N1152,3,39.644143,3776.58307,done
bench_25gbit_1n_4g_N128,1,2.474983,69.81865,done
bench_25gbit_1n_4g_N128,2,2.544485,67.911569,done
bench_25gbit_1n_4g_N128,3,2.468597,69.999263,done
bench_25gbit_1n_4g_N128,4,2.45119,70.496371,done
bench_25gbit_1n_4g_N128,5,2.460694,70.224088,done
bench_25gbit_1n_4g_N1344,1,71.992677,3312.310556,done
bench_25gbit_1n_4g_N1344,2,71.494843,3335.374926,done
bench_25gbit_1n_4g_N1344,3,71.918739,3315.715876,done
bench_25gbit_1n_4g_N1344,4,73.814962,3230.538875,done
bench_25gbit_1n_4g_N1344,5,72.289494,3298.710389,done
bench_25gbit_1n_4g_N256,1,3.496324,436.257982,done
bench_25gbit_1n_4g_N256,2,3.472419,439.261316,done
bench_25gbit_1n_4g_N256,3,3.450419,442.062047,done
bench_25gbit_1n_4g_N256,4,3.535505,431.423232,done
bench_25gbit_1n_4g_N256,5,3.464536,440.260801,done
bench_25gbit_1n_4g_N512,1,7.611558,1681.969203,done
bench_25gbit_1n_4g_N512,2,7.531849,1699.769324,done
bench_25gbit_1n_4g_N512,3,7.456464,1716.954131,done
bench_25gbit_1n_4g_N512,4,7.385362,1733.48405,done
bench_25gbit_1n_4g_N512,5,7.423862,1724.494105,done
bench_25gbit_1n_4g_N64,1,2.151908,8.160943,done
bench_25gbit_1n_4g_N64,2,2.168075,8.100089,done
bench_25gbit_1n_4g_N64,3,2.133539,8.231207,done
bench_25gbit_1n_4g_N64,4,2.229722,7.876137,done
bench_25gbit_1n_4g_N64,5,2.200705,7.979988,done
bench_25gbit_2n_8g_N1536,1,56.642301,6298.384617,done
bench_25gbit_2n_8g_N1536,2,51.851708,6880.294002,done
bench_25gbit_2n_8g_N1536,3,44.05405,8098.120353,done
bench_25gbit_2n_8g_N1536,4,45.853097,7780.390459,done
bench_25gbit_2n_8g_N1536,5,47.048752,7582.666443,done
bench_25gbit_2n_8g_N1664,1,79.217178,5732.731868,done
bench_25gbit_2n_8g_N1664,2,78.724877,5768.581147,done
bench_25gbit_2n_8g_N1664,3,78.997488,5748.674452,done
bench_25gbit_2n_8g_N1664,4,78.432284,5790.100964,done
bench_25gbit_2n_8g_N1664,5,79.065764,5743.710262,done
bench_25gbit_2n_8g_N1728,1,64.816565,7850.53641,done
bench_25gbit_2n_8g_N1728,2,72.646492,7004.396068,done
bench_25gbit_2n_8g_N1728,3,77.91389,6530.8612220000005,done
bench_25gbit_2n_8g_N1728,4,66.079163,7700.533383,done
bench_25gbit_2n_8g_N1728,5,64.382095,7903.514149,done
bench_25gbit_2n_8g_N1792,1,76.982745,7375.494756,done
bench_25gbit_2n_8g_N1792,2,71.988876,7887.132917,done
bench_25gbit_2n_8g_N1792,3,71.484179,7942.81811,done
bench_25gbit_2n_8g_N1792,4,79.140933,7174.363662,done
bench_25gbit_2n_8g_N1792,5,78.036947,7275.859092,done
bench_25gbit_3n_12g_N1920,1,118.756656,5885.802733,done
bench_25gbit_3n_12g_N1920,2,117.312644,5958.251653,done
bench_25gbit_3n_12g_N1920,3,118.091447,5918.957485,done
bench_25gbit_3n_12g_N1920,4,116.036483,6023.780052,done
bench_25gbit_3n_12g_N1920,5,116.162696,6017.235099,done
bench_25gbit_4n_16g_N2176,1,126.791888,8036.859264,done
bench_25gbit_4n_16g_N2176,2,122.22491,8337.159438,done
bench_25gbit_4n_16g_N2176,3,128.43301,7934.163966,done
bench_25gbit_4n_16g_N2176,4,125.103933,8145.295989,done
bench_25gbit_4n_16g_N2176,5,130.363493,7816.671192,done
full_1x2x2_N64,1,2.194522,8.002471,done
full_2x2x2_N1536,1,44.187451,8073.672266,done
